00:01.000  blend            | Read blend: "F:\pnpline-landing\hero-section-video\blockout\blockout-master-v002\master-v002.blend"
00:01.047  render           | Rendering animation (frames 0..1392)
00:01.047  render           | Rendering frame 0
00:01.047  render           | Start rendering: PNPLINE_MASTER_v002, ViewLayer
00:01.047  render           | Engine: Workbench
00:01.656  render           | Saved: 'F:\pnpline-landing\hero-section-video\blockout\blockout-master-v002\preview\frames\frame-0000.png'
00:01.656  render           | Time: 00:00.60 (Saving: 00:00.03)
Blender 5.1.0 (hash adfe2921d5f3 built 2026-03-17 01:37:32)
00:01.656  render           | Rendering frame 1
00:01.656  render           | Start rendering: PNPLINE_MASTER_v002, ViewLayer
00:01.656  render           | Engine: Workbench
00:01.703  render           | Saved: 'F:\pnpline-landing\hero-section-video\blockout\blockout-master-v002\preview\frames\frame-0001.png'
00:01.703  render           | Time: 00:00.03 (Saving: 00:00.01)
00:01.703  render           | Rendering frame 2
00:01.703  render           | Start rendering: PNPLINE_MASTER_v002, ViewLayer
00:01.703  render           | Engine: Workbench
00:01.735  render           | Saved: 'F:\pnpline-landing\hero-section-video\blockout\blockout-master-v002\preview\frames\frame-0002.png'
00:01.735  render           | Time: 00:00.03 (Saving: 00:00.01)
00:01.735  render           | Rendering frame 3
00:01.735  render           | Start rendering: PNPLINE_MASTER_v002, ViewLayer
00:01.735  render           | Engine: Workbench
00:01.766  render           | Saved: 'F:\pnpline-landing\hero-section-video\blockout\blockout-master-v002\preview\frames\frame-0003.png'
00:01.766  render           | Time: 00:00.03 (Saving: 00:00.01)
00:01.766  render           | Rendering frame 4
00:01.766  render           | Start rendering: PNPLINE_MASTER_v002, ViewLayer
00:01.766  render           | Engine: Workbench
00:01.813  render           | Saved: 'F:\pnpline-landing\hero-section-video\blockout\blockout-master-v002\preview\frames\frame-0004.png'
00:01.813  render           | Time: 00:00.03 (Saving: 00:00.01)
00:01.813  render           | Rendering frame 5
00:01.813  render           | Start rendering: PNPLINE_MASTER_v002, ViewLayer
00:01.813  render           | Engine: Workbench
00:01.844  render           | Saved: 'F:\pnpline-landing\hero-section-video\blockout\blockout-master-v002\preview\frames\frame-0005.png'
00:01.844  render           | Time: 00:00.03 (Saving: 00:00.01)
00:01.844  render           | Rendering frame 6
00:01.844  render           | Start rendering: PNPLINE_MASTER_v002, ViewLayer
00:01.844  render           | Engine: Workbench
00:01.875  render           | Saved: 'F:\pnpline-landing\hero-section-video\blockout\blockout-master-v002\preview\frames\frame-0006.png'
00:01.875  render           | Time: 00:00.03 (Saving: 00:00.01)
00:01.875  render           | Rendering frame 7
00:01.875  render           | Start rendering: PNPLINE_MASTER_v002, ViewLayer
00:01.875  render           | Engine: Workbench
00:01.922  render           | Saved: 'F:\pnpline-landing\hero-section-video\blockout\blockout-master-v002\preview\frames\frame-0007.png'
00:01.922  render           | Time: 00:00.03 (Saving: 00:00.01)
00:01.922  render           | Rendering frame 8
00:01.922  render           | Start rendering: PNPLINE_MASTER_v002, ViewLayer
00:01.922  render           | Engine: Workbench
00:01.953  render           | Saved: 'F:\pnpline-landing\hero-section-video\blockout\blockout-master-v002\preview\frames\frame-0008.png'
00:01.953  render           | Time: 00:00.03 (Saving: 00:00.01)
00:01.953  render           | Rendering frame 9
00:01.953  render           | Start rendering: PNPLINE_MASTER_v002, ViewLayer
00:01.953  render           | Engine: Workbench
00:01.985  render           | Saved: 'F:\pnpline-landing\hero-section-video\blockout\blockout-master-v002\preview\frames\frame-0009.png'
00:01.985  render           | Time: 00:00.03 (Saving: 00:00.01)
00:01.985  render           | Rendering frame 10
00:01.985  render           | Start rendering: PNPLINE_MASTER_v002, ViewLayer
00:01.985  render           | Engine: Workbench
00:02.031  render           | Saved: 'F:\pnpline-landing\hero-section-video\blockout\blockout-master-v002\preview\frames\frame-0010.png'
00:02.031  render           | Time: 00:00.03 (Saving: 00:00.01)
00:02.031  render           | Rendering frame 11
00:02.031  render           | Start rendering: PNPLINE_MASTER_v002, ViewLayer
00:02.031  render           | Engine: Workbench
00:02.063  render           | Saved: 'F:\pnpline-landing\hero-section-video\blockout\blockout-master-v002\preview\frames\frame-0011.png'
00:02.063  render           | Time: 00:00.03 (Saving: 00:00.01)
00:02.063  render           | Rendering frame 12
00:02.063  render           | Start rendering: PNPLINE_MASTER_v002, ViewLayer
00:02.063  render           | Engine: Workbench
00:02.094  render           | Saved: 'F:\pnpline-landing\hero-section-video\blockout\blockout-master-v002\preview\frames\frame-0012.png'
00:02.094  render           | Time: 00:00.03 (Saving: 00:00.01)
00:02.094  render           | Rendering frame 13
00:02.094  render           | Start rendering: PNPLINE_MASTER_v002, ViewLayer
00:02.094  render           | Engine: Workbench
00:02.141  render           | Saved: 'F:\pnpline-landing\hero-section-video\blockout\blockout-master-v002\preview\frames\frame-0013.png'
00:02.141  render           | Time: 00:00.03 (Saving: 00:00.01)
00:02.141  render           | Rendering frame 14
00:02.141  render           | Start rendering: PNPLINE_MASTER_v002, ViewLayer
00:02.141  render           | Engine: Workbench
00:02.172  render           | Saved: 'F:\pnpline-landing\hero-section-video\blockout\blockout-master-v002\preview\frames\frame-0014.png'
00:02.172  render           | Time: 00:00.03 (Saving: 00:00.01)
00:02.172  render           | Rendering frame 15
00:02.172  render           | Start rendering: PNPLINE_MASTER_v002, ViewLayer
00:02.172  render           | Engine: Workbench
00:02.203  render           | Saved: 'F:\pnpline-landing\hero-section-video\blockout\blockout-master-v002\preview\frames\frame-0015.png'
00:02.203  render           | Time: 00:00.03 (Saving: 00:00.01)
00:02.203  render           | Rendering frame 16
00:02.203  render           | Start rendering: PNPLINE_MASTER_v002, ViewLayer
00:02.203  render           | Engine: Workbench
00:02.250  render           | Saved: 'F:\pnpline-landing\hero-section-video\blockout\blockout-master-v002\preview\frames\frame-0016.png'
00:02.250  render           | Time: 00:00.03 (Saving: 00:00.01)
00:02.250  render           | Rendering frame 17
00:02.250  render           | Start rendering: PNPLINE_MASTER_v002, ViewLayer
00:02.250  render           | Engine: Workbench
00:02.281  render           | Saved: 'F:\pnpline-landing\hero-section-video\blockout\blockout-master-v002\preview\frames\frame-0017.png'
00:02.281  render           | Time: 00:00.03 (Saving: 00:00.01)
00:02.281  render           | Rendering frame 18
00:02.281  render           | Start rendering: PNPLINE_MASTER_v002, ViewLayer
00:02.281  render           | Engine: Workbench
00:02.313  render           | Saved: 'F:\pnpline-landing\hero-section-video\blockout\blockout-master-v002\preview\frames\frame-0018.png'
00:02.313  render           | Time: 00:00.03 (Saving: 00:00.01)
00:02.313  render           | Rendering frame 19
00:02.313  render           | Start rendering: PNPLINE_MASTER_v002, ViewLayer
00:02.313  render           | Engine: Workbench
00:02.360  render           | Saved: 'F:\pnpline-landing\hero-section-video\blockout\blockout-master-v002\preview\frames\frame-0019.png'
00:02.360  render           | Time: 00:00.03 (Saving: 00:00.01)
00:02.360  render           | Rendering frame 20
00:02.360  render           | Start rendering: PNPLINE_MASTER_v002, ViewLayer
00:02.360  render           | Engine: Workbench
00:02.391  render           | Saved: 'F:\pnpline-landing\hero-section-video\blockout\blockout-master-v002\preview\frames\frame-0020.png'
00:02.391  render           | Time: 00:00.03 (Saving: 00:00.01)
00:02.391  render           | Rendering frame 21
00:02.391  render           | Start rendering: PNPLINE_MASTER_v002, ViewLayer
00:02.391  render           | Engine: Workbench
00:02.422  render           | Saved: 'F:\pnpline-landing\hero-section-video\blockout\blockout-master-v002\preview\frames\frame-0021.png'
00:02.422  render           | Time: 00:00.03 (Saving: 00:00.01)
00:02.422  render           | Rendering frame 22
00:02.422  render           | Start rendering: PNPLINE_MASTER_v002, ViewLayer
00:02.422  render           | Engine: Workbench
00:02.469  render           | Saved: 'F:\pnpline-landing\hero-section-video\blockout\blockout-master-v002\preview\frames\frame-0022.png'
00:02.469  render           | Time: 00:00.03 (Saving: 00:00.01)
00:02.469  render           | Rendering frame 23
00:02.469  render           | Start rendering: PNPLINE_MASTER_v002, ViewLayer
00:02.469  render           | Engine: Workbench
00:02.500  render           | Saved: 'F:\pnpline-landing\hero-section-video\blockout\blockout-master-v002\preview\frames\frame-0023.png'
00:02.500  render           | Time: 00:00.03 (Saving: 00:00.01)
00:02.500  render           | Rendering frame 24
00:02.500  render           | Start rendering: PNPLINE_MASTER_v002, ViewLayer
00:02.500  render           | Engine: Workbench
00:02.531  render           | Saved: 'F:\pnpline-landing\hero-section-video\blockout\blockout-master-v002\preview\frames\frame-0024.png'
00:02.531  render           | Time: 00:00.03 (Saving: 00:00.01)
00:02.531  render           | Rendering frame 25
00:02.531  render           | Start rendering: PNPLINE_MASTER_v002, ViewLayer
00:02.531  render           | Engine: Workbench
00:02.578  render           | Saved: 'F:\pnpline-landing\hero-section-video\blockout\blockout-master-v002\preview\frames\frame-0025.png'
00:02.578  render           | Time: 00:00.03 (Saving: 00:00.01)
00:02.578  render           | Rendering frame 26
00:02.578  render           | Start rendering: PNPLINE_MASTER_v002, ViewLayer
00:02.578  render           | Engine: Workbench
00:02.610  render           | Saved: 'F:\pnpline-landing\hero-section-video\blockout\blockout-master-v002\preview\frames\frame-0026.png'
00:02.610  render           | Time: 00:00.03 (Saving: 00:00.01)
00:02.610  render           | Rendering frame 27
00:02.610  render           | Start rendering: PNPLINE_MASTER_v002, ViewLayer
00:02.610  render           | Engine: Workbench
00:02.641  render           | Saved: 'F:\pnpline-landing\hero-section-video\blockout\blockout-master-v002\preview\frames\frame-0027.png'
00:02.641  render           | Time: 00:00.03 (Saving: 00:00.01)
00:02.641  render           | Rendering frame 28
00:02.641  render           | Start rendering: PNPLINE_MASTER_v002, ViewLayer
00:02.641  render           | Engine: Workbench
00:02.688  render           | Saved: 'F:\pnpline-landing\hero-section-video\blockout\blockout-master-v002\preview\frames\frame-0028.png'
00:02.688  render           | Time: 00:00.03 (Saving: 00:00.01)
00:02.688  render           | Rendering frame 29
00:02.688  render           | Start rendering: PNPLINE_MASTER_v002, ViewLayer
00:02.688  render           | Engine: Workbench
00:02.719  render           | Saved: 'F:\pnpline-landing\hero-section-video\blockout\blockout-master-v002\preview\frames\frame-0029.png'
00:02.719  render           | Time: 00:00.03 (Saving: 00:00.01)
00:02.719  render           | Rendering frame 30
00:02.719  render           | Start rendering: PNPLINE_MASTER_v002, ViewLayer
00:02.719  render           | Engine: Workbench
00:02.750  render           | Saved: 'F:\pnpline-landing\hero-section-video\blockout\blockout-master-v002\preview\frames\frame-0030.png'
00:02.750  render           | Time: 00:00.03 (Saving: 00:00.01)
00:02.750  render           | Rendering frame 31
00:02.750  render           | Start rendering: PNPLINE_MASTER_v002, ViewLayer
00:02.750  render           | Engine: Workbench
00:02.797  render           | Saved: 'F:\pnpline-landing\hero-section-video\blockout\blockout-master-v002\preview\frames\frame-0031.png'
00:02.797  render           | Time: 00:00.03 (Saving: 00:00.01)
00:02.797  render           | Rendering frame 32
00:02.797  render           | Start rendering: PNPLINE_MASTER_v002, ViewLayer
00:02.797  render           | Engine: Workbench
00:02.828  render           | Saved: 'F:\pnpline-landing\hero-section-video\blockout\blockout-master-v002\preview\frames\frame-0032.png'
00:02.828  render           | Time: 00:00.03 (Saving: 00:00.01)
00:02.828  render           | Rendering frame 33
00:02.828  render           | Start rendering: PNPLINE_MASTER_v002, ViewLayer
00:02.828  render           | Engine: Workbench
00:02.860  render           | Saved: 'F:\pnpline-landing\hero-section-video\blockout\blockout-master-v002\preview\frames\frame-0033.png'
00:02.860  render           | Time: 00:00.03 (Saving: 00:00.01)
00:02.860  render           | Rendering frame 34
00:02.860  render           | Start rendering: PNPLINE_MASTER_v002, ViewLayer
00:02.860  render           | Engine: Workbench
00:02.906  render           | Saved: 'F:\pnpline-landing\hero-section-video\blockout\blockout-master-v002\preview\frames\frame-0034.png'
00:02.906  render           | Time: 00:00.03 (Saving: 00:00.01)
00:02.906  render           | Rendering frame 35
00:02.906  render           | Start rendering: PNPLINE_MASTER_v002, ViewLayer
00:02.906  render           | Engine: Workbench
00:02.938  render           | Saved: 'F:\pnpline-landing\hero-section-video\blockout\blockout-master-v002\preview\frames\frame-0035.png'
00:02.938  render           | Time: 00:00.03 (Saving: 00:00.01)
00:02.938  render           | Rendering frame 36
00:02.938  render           | Start rendering: PNPLINE_MASTER_v002, ViewLayer
00:02.938  render           | Engine: Workbench
00:02.969  render           | Saved: 'F:\pnpline-landing\hero-section-video\blockout\blockout-master-v002\preview\frames\frame-0036.png'
00:02.969  render           | Time: 00:00.03 (Saving: 00:00.01)
00:02.969  render           | Rendering frame 37
00:02.969  render           | Start rendering: PNPLINE_MASTER_v002, ViewLayer
00:02.969  render           | Engine: Workbench
00:03.000  render           | Saved: 'F:\pnpline-landing\hero-section-video\blockout\blockout-master-v002\preview\frames\frame-0037.png'
00:03.000  render           | Time: 00:00.03 (Saving: 00:00.01)
00:03.000  render           | Rendering frame 38
00:03.000  render           | Start rendering: PNPLINE_MASTER_v002, ViewLayer
00:03.000  render           | Engine: Workbench
00:03.047  render           | Saved: 'F:\pnpline-landing\hero-section-video\blockout\blockout-master-v002\preview\frames\frame-0038.png'
00:03.047  render           | Time: 00:00.03 (Saving: 00:00.01)
00:03.047  render           | Rendering frame 39
00:03.047  render           | Start rendering: PNPLINE_MASTER_v002, ViewLayer
00:03.047  render           | Engine: Workbench
00:03.078  render           | Saved: 'F:\pnpline-landing\hero-section-video\blockout\blockout-master-v002\preview\frames\frame-0039.png'
00:03.078  render           | Time: 00:00.03 (Saving: 00:00.01)
00:03.078  render           | Rendering frame 40
00:03.078  render           | Start rendering: PNPLINE_MASTER_v002, ViewLayer
00:03.078  render           | Engine: Workbench
00:03.125  render           | Saved: 'F:\pnpline-landing\hero-section-video\blockout\blockout-master-v002\preview\frames\frame-0040.png'
00:03.125  render           | Time: 00:00.03 (Saving: 00:00.01)
00:03.125  render           | Rendering frame 41
00:03.125  render           | Start rendering: PNPLINE_MASTER_v002, ViewLayer
00:03.125  render           | Engine: Workbench
00:03.156  render           | Saved: 'F:\pnpline-landing\hero-section-video\blockout\blockout-master-v002\preview\frames\frame-0041.png'
00:03.156  render           | Time: 00:00.03 (Saving: 00:00.01)
00:03.156  render           | Rendering frame 42
00:03.156  render           | Start rendering: PNPLINE_MASTER_v002, ViewLayer
00:03.156  render           | Engine: Workbench
00:03.188  render           | Saved: 'F:\pnpline-landing\hero-section-video\blockout\blockout-master-v002\preview\frames\frame-0042.png'
00:03.188  render           | Time: 00:00.03 (Saving: 00:00.01)
00:03.188  render           | Rendering frame 43
00:03.188  render           | Start rendering: PNPLINE_MASTER_v002, ViewLayer
00:03.188  render           | Engine: Workbench
00:03.219  render           | Saved: 'F:\pnpline-landing\hero-section-video\blockout\blockout-master-v002\preview\frames\frame-0043.png'
00:03.219  render           | Time: 00:00.03 (Saving: 00:00.01)
00:03.219  render           | Rendering frame 44
00:03.219  render           | Start rendering: PNPLINE_MASTER_v002, ViewLayer
00:03.219  render           | Engine: Workbench
00:03.266  render           | Saved: 'F:\pnpline-landing\hero-section-video\blockout\blockout-master-v002\preview\frames\frame-0044.png'
00:03.266  render           | Time: 00:00.03 (Saving: 00:00.01)
00:03.266  render           | Rendering frame 45
00:03.266  render           | Start rendering: PNPLINE_MASTER_v002, ViewLayer
00:03.266  render           | Engine: Workbench
00:03.297  render           | Saved: 'F:\pnpline-landing\hero-section-video\blockout\blockout-master-v002\preview\frames\frame-0045.png'
00:03.297  render           | Time: 00:00.03 (Saving: 00:00.01)
00:03.297  render           | Rendering frame 46
00:03.297  render           | Start rendering: PNPLINE_MASTER_v002, ViewLayer
00:03.297  render           | Engine: Workbench
00:03.328  render           | Saved: 'F:\pnpline-landing\hero-section-video\blockout\blockout-master-v002\preview\frames\frame-0046.png'
00:03.328  render           | Time: 00:00.03 (Saving: 00:00.01)
00:03.328  render           | Rendering frame 47
00:03.328  render           | Start rendering: PNPLINE_MASTER_v002, ViewLayer
00:03.328  render           | Engine: Workbench
00:03.375  render           | Saved: 'F:\pnpline-landing\hero-section-video\blockout\blockout-master-v002\preview\frames\frame-0047.png'
00:03.375  render           | Time: 00:00.03 (Saving: 00:00.01)
00:03.375  render           | Rendering frame 48
00:03.375  render           | Start rendering: PNPLINE_MASTER_v002, ViewLayer
00:03.375  render           | Engine: Workbench
00:03.406  render           | Saved: 'F:\pnpline-landing\hero-section-video\blockout\blockout-master-v002\preview\frames\frame-0048.png'
00:03.406  render           | Time: 00:00.03 (Saving: 00:00.01)
00:03.406  render           | Rendering frame 49
00:03.406  render           | Start rendering: PNPLINE_MASTER_v002, ViewLayer
00:03.406  render           | Engine: Workbench
00:03.438  render           | Saved: 'F:\pnpline-landing\hero-section-video\blockout\blockout-master-v002\preview\frames\frame-0049.png'
00:03.438  render           | Time: 00:00.03 (Saving: 00:00.01)
00:03.438  render           | Rendering frame 50
00:03.438  render           | Start rendering: PNPLINE_MASTER_v002, ViewLayer
00:03.438  render           | Engine: Workbench
00:03.485  render           | Saved: 'F:\pnpline-landing\hero-section-video\blockout\blockout-master-v002\preview\frames\frame-0050.png'
00:03.485  render           | Time: 00:00.03 (Saving: 00:00.01)
00:03.485  render           | Rendering frame 51
00:03.485  render           | Start rendering: PNPLINE_MASTER_v002, ViewLayer
00:03.485  render           | Engine: Workbench
00:03.516  render           | Saved: 'F:\pnpline-landing\hero-section-video\blockout\blockout-master-v002\preview\frames\frame-0051.png'
00:03.516  render           | Time: 00:00.03 (Saving: 00:00.01)
00:03.516  render           | Rendering frame 52
00:03.516  render           | Start rendering: PNPLINE_MASTER_v002, ViewLayer
00:03.516  render           | Engine: Workbench
00:03.563  render           | Saved: 'F:\pnpline-landing\hero-section-video\blockout\blockout-master-v002\preview\frames\frame-0052.png'
00:03.563  render           | Time: 00:00.03 (Saving: 00:00.01)
00:03.563  render           | Rendering frame 53
00:03.563  render           | Start rendering: PNPLINE_MASTER_v002, ViewLayer
00:03.563  render           | Engine: Workbench
00:03.594  render           | Saved: 'F:\pnpline-landing\hero-section-video\blockout\blockout-master-v002\preview\frames\frame-0053.png'
00:03.594  render           | Time: 00:00.03 (Saving: 00:00.01)
00:03.594  render           | Rendering frame 54
00:03.594  render           | Start rendering: PNPLINE_MASTER_v002, ViewLayer
00:03.594  render           | Engine: Workbench
00:03.641  render           | Saved: 'F:\pnpline-landing\hero-section-video\blockout\blockout-master-v002\preview\frames\frame-0054.png'
00:03.641  render           | Time: 00:00.03 (Saving: 00:00.01)
00:03.641  render           | Rendering frame 55
00:03.641  render           | Start rendering: PNPLINE_MASTER_v002, ViewLayer
00:03.641  render           | Engine: Workbench
00:03.672  render           | Saved: 'F:\pnpline-landing\hero-section-video\blockout\blockout-master-v002\preview\frames\frame-0055.png'
00:03.672  render           | Time: 00:00.03 (Saving: 00:00.01)
00:03.672  render           | Rendering frame 56
00:03.672  render           | Start rendering: PNPLINE_MASTER_v002, ViewLayer
00:03.672  render           | Engine: Workbench
00:03.719  render           | Saved: 'F:\pnpline-landing\hero-section-video\blockout\blockout-master-v002\preview\frames\frame-0056.png'
00:03.719  render           | Time: 00:00.03 (Saving: 00:00.01)
00:03.719  render           | Rendering frame 57
00:03.719  render           | Start rendering: PNPLINE_MASTER_v002, ViewLayer
00:03.719  render           | Engine: Workbench
00:03.750  render           | Saved: 'F:\pnpline-landing\hero-section-video\blockout\blockout-master-v002\preview\frames\frame-0057.png'
00:03.750  render           | Time: 00:00.03 (Saving: 00:00.01)
00:03.750  render           | Rendering frame 58
00:03.750  render           | Start rendering: PNPLINE_MASTER_v002, ViewLayer
00:03.750  render           | Engine: Workbench
00:03.797  render           | Saved: 'F:\pnpline-landing\hero-section-video\blockout\blockout-master-v002\preview\frames\frame-0058.png'
00:03.797  render           | Time: 00:00.03 (Saving: 00:00.01)
00:03.797  render           | Rendering frame 59
00:03.797  render           | Start rendering: PNPLINE_MASTER_v002, ViewLayer
00:03.797  render           | Engine: Workbench
00:03.828  render           | Saved: 'F:\pnpline-landing\hero-section-video\blockout\blockout-master-v002\preview\frames\frame-0059.png'
00:03.828  render           | Time: 00:00.03 (Saving: 00:00.01)
00:03.828  render           | Rendering frame 60
00:03.828  render           | Start rendering: PNPLINE_MASTER_v002, ViewLayer
00:03.828  render           | Engine: Workbench
00:03.860  render           | Saved: 'F:\pnpline-landing\hero-section-video\blockout\blockout-master-v002\preview\frames\frame-0060.png'
00:03.860  render           | Time: 00:00.04 (Saving: 00:00.01)
00:03.860  render           | Rendering frame 61
00:03.860  render           | Start rendering: PNPLINE_MASTER_v002, ViewLayer
00:03.860  render           | Engine: Workbench
00:03.906  render           | Saved: 'F:\pnpline-landing\hero-section-video\blockout\blockout-master-v002\preview\frames\frame-0061.png'
00:03.906  render           | Time: 00:00.03 (Saving: 00:00.01)
00:03.906  render           | Rendering frame 62
00:03.906  render           | Start rendering: PNPLINE_MASTER_v002, ViewLayer
00:03.906  render           | Engine: Workbench
00:03.938  render           | Saved: 'F:\pnpline-landing\hero-section-video\blockout\blockout-master-v002\preview\frames\frame-0062.png'
00:03.938  render           | Time: 00:00.03 (Saving: 00:00.01)
00:03.938  render           | Rendering frame 63
00:03.938  render           | Start rendering: PNPLINE_MASTER_v002, ViewLayer
00:03.938  render           | Engine: Workbench
00:03.985  render           | Saved: 'F:\pnpline-landing\hero-section-video\blockout\blockout-master-v002\preview\frames\frame-0063.png'
00:03.985  render           | Time: 00:00.04 (Saving: 00:00.01)
00:03.985  render           | Rendering frame 64
00:03.985  render           | Start rendering: PNPLINE_MASTER_v002, ViewLayer
00:03.985  render           | Engine: Workbench
00:04.016  render           | Saved: 'F:\pnpline-landing\hero-section-video\blockout\blockout-master-v002\preview\frames\frame-0064.png'
00:04.016  render           | Time: 00:00.03 (Saving: 00:00.01)
00:04.016  render           | Rendering frame 65
00:04.016  render           | Start rendering: PNPLINE_MASTER_v002, ViewLayer
00:04.016  render           | Engine: Workbench
00:04.063  render           | Saved: 'F:\pnpline-landing\hero-section-video\blockout\blockout-master-v002\preview\frames\frame-0065.png'
00:04.063  render           | Time: 00:00.03 (Saving: 00:00.01)
00:04.063  render           | Rendering frame 66
00:04.063  render           | Start rendering: PNPLINE_MASTER_v002, ViewLayer
00:04.063  render           | Engine: Workbench
00:04.094  render           | Saved: 'F:\pnpline-landing\hero-section-video\blockout\blockout-master-v002\preview\frames\frame-0066.png'
00:04.094  render           | Time: 00:00.03 (Saving: 00:00.01)
00:04.094  render           | Rendering frame 67
00:04.094  render           | Start rendering: PNPLINE_MASTER_v002, ViewLayer
00:04.094  render           | Engine: Workbench
00:04.141  render           | Saved: 'F:\pnpline-landing\hero-section-video\blockout\blockout-master-v002\preview\frames\frame-0067.png'
00:04.141  render           | Time: 00:00.03 (Saving: 00:00.01)
00:04.141  render           | Rendering frame 68
00:04.141  render           | Start rendering: PNPLINE_MASTER_v002, ViewLayer
00:04.141  render           | Engine: Workbench
00:04.172  render           | Saved: 'F:\pnpline-landing\hero-section-video\blockout\blockout-master-v002\preview\frames\frame-0068.png'
00:04.172  render           | Time: 00:00.03 (Saving: 00:00.01)
00:04.172  render           | Rendering frame 69
00:04.172  render           | Start rendering: PNPLINE_MASTER_v002, ViewLayer
00:04.172  render           | Engine: Workbench
00:04.219  render           | Saved: 'F:\pnpline-landing\hero-section-video\blockout\blockout-master-v002\preview\frames\frame-0069.png'
00:04.219  render           | Time: 00:00.03 (Saving: 00:00.01)
00:04.219  render           | Rendering frame 70
00:04.219  render           | Start rendering: PNPLINE_MASTER_v002, ViewLayer
00:04.219  render           | Engine: Workbench
00:04.250  render           | Saved: 'F:\pnpline-landing\hero-section-video\blockout\blockout-master-v002\preview\frames\frame-0070.png'
00:04.250  render           | Time: 00:00.03 (Saving: 00:00.01)
00:04.250  render           | Rendering frame 71
00:04.250  render           | Start rendering: PNPLINE_MASTER_v002, ViewLayer
00:04.250  render           | Engine: Workbench
00:04.297  render           | Saved: 'F:\pnpline-landing\hero-section-video\blockout\blockout-master-v002\preview\frames\frame-0071.png'
00:04.297  render           | Time: 00:00.03 (Saving: 00:00.01)
00:04.297  render           | Rendering frame 72
00:04.297  render           | Start rendering: PNPLINE_MASTER_v002, ViewLayer
00:04.297  render           | Engine: Workbench
00:04.328  render           | Saved: 'F:\pnpline-landing\hero-section-video\blockout\blockout-master-v002\preview\frames\frame-0072.png'
00:04.328  render           | Time: 00:00.03 (Saving: 00:00.01)
00:04.328  render           | Rendering frame 73
00:04.328  render           | Start rendering: PNPLINE_MASTER_v002, ViewLayer
00:04.328  render           | Engine: Workbench
00:04.375  render           | Saved: 'F:\pnpline-landing\hero-section-video\blockout\blockout-master-v002\preview\frames\frame-0073.png'
00:04.375  render           | Time: 00:00.03 (Saving: 00:00.01)
00:04.375  render           | Rendering frame 74
00:04.375  render           | Start rendering: PNPLINE_MASTER_v002, ViewLayer
00:04.375  render           | Engine: Workbench
00:04.406  render           | Saved: 'F:\pnpline-landing\hero-section-video\blockout\blockout-master-v002\preview\frames\frame-0074.png'
00:04.406  render           | Time: 00:00.03 (Saving: 00:00.01)
00:04.406  render           | Rendering frame 75
00:04.406  render           | Start rendering: PNPLINE_MASTER_v002, ViewLayer
00:04.406  render           | Engine: Workbench
00:04.438  render           | Saved: 'F:\pnpline-landing\hero-section-video\blockout\blockout-master-v002\preview\frames\frame-0075.png'
00:04.438  render           | Time: 00:00.03 (Saving: 00:00.01)
00:04.438  render           | Rendering frame 76
00:04.438  render           | Start rendering: PNPLINE_MASTER_v002, ViewLayer
00:04.438  render           | Engine: Workbench
00:04.485  render           | Saved: 'F:\pnpline-landing\hero-section-video\blockout\blockout-master-v002\preview\frames\frame-0076.png'
00:04.485  render           | Time: 00:00.03 (Saving: 00:00.01)
00:04.485  render           | Rendering frame 77
00:04.485  render           | Start rendering: PNPLINE_MASTER_v002, ViewLayer
00:04.485  render           | Engine: Workbench
00:04.516  render           | Saved: 'F:\pnpline-landing\hero-section-video\blockout\blockout-master-v002\preview\frames\frame-0077.png'
00:04.516  render           | Time: 00:00.03 (Saving: 00:00.01)
00:04.516  render           | Rendering frame 78
00:04.516  render           | Start rendering: PNPLINE_MASTER_v002, ViewLayer
00:04.516  render           | Engine: Workbench
00:04.563  render           | Saved: 'F:\pnpline-landing\hero-section-video\blockout\blockout-master-v002\preview\frames\frame-0078.png'
00:04.563  render           | Time: 00:00.03 (Saving: 00:00.01)
00:04.563  render           | Rendering frame 79
00:04.563  render           | Start rendering: PNPLINE_MASTER_v002, ViewLayer
00:04.563  render           | Engine: Workbench
00:04.594  render           | Saved: 'F:\pnpline-landing\hero-section-video\blockout\blockout-master-v002\preview\frames\frame-0079.png'
00:04.594  render           | Time: 00:00.03 (Saving: 00:00.01)
00:04.594  render           | Rendering frame 80
00:04.594  render           | Start rendering: PNPLINE_MASTER_v002, ViewLayer
00:04.594  render           | Engine: Workbench
00:04.641  render           | Saved: 'F:\pnpline-landing\hero-section-video\blockout\blockout-master-v002\preview\frames\frame-0080.png'
00:04.641  render           | Time: 00:00.03 (Saving: 00:00.01)
00:04.641  render           | Rendering frame 81
00:04.641  render           | Start rendering: PNPLINE_MASTER_v002, ViewLayer
00:04.641  render           | Engine: Workbench
00:04.672  render           | Saved: 'F:\pnpline-landing\hero-section-video\blockout\blockout-master-v002\preview\frames\frame-0081.png'
00:04.672  render           | Time: 00:00.03 (Saving: 00:00.01)
00:04.672  render           | Rendering frame 82
00:04.672  render           | Start rendering: PNPLINE_MASTER_v002, ViewLayer
00:04.672  render           | Engine: Workbench
00:04.719  render           | Saved: 'F:\pnpline-landing\hero-section-video\blockout\blockout-master-v002\preview\frames\frame-0082.png'
00:04.719  render           | Time: 00:00.03 (Saving: 00:00.01)
00:04.719  render           | Rendering frame 83
00:04.719  render           | Start rendering: PNPLINE_MASTER_v002, ViewLayer
00:04.719  render           | Engine: Workbench
00:04.750  render           | Saved: 'F:\pnpline-landing\hero-section-video\blockout\blockout-master-v002\preview\frames\frame-0083.png'
00:04.750  render           | Time: 00:00.03 (Saving: 00:00.01)
00:04.750  render           | Rendering frame 84
00:04.750  render           | Start rendering: PNPLINE_MASTER_v002, ViewLayer
00:04.750  render           | Engine: Workbench
00:04.797  render           | Saved: 'F:\pnpline-landing\hero-section-video\blockout\blockout-master-v002\preview\frames\frame-0084.png'
00:04.797  render           | Time: 00:00.04 (Saving: 00:00.01)
00:04.797  render           | Rendering frame 85
00:04.797  render           | Start rendering: PNPLINE_MASTER_v002, ViewLayer
00:04.797  render           | Engine: Workbench
00:04.828  render           | Saved: 'F:\pnpline-landing\hero-section-video\blockout\blockout-master-v002\preview\frames\frame-0085.png'
00:04.828  render           | Time: 00:00.03 (Saving: 00:00.01)
00:04.828  render           | Rendering frame 86
00:04.828  render           | Start rendering: PNPLINE_MASTER_v002, ViewLayer
00:04.828  render           | Engine: Workbench
00:04.875  render           | Saved: 'F:\pnpline-landing\hero-section-video\blockout\blockout-master-v002\preview\frames\frame-0086.png'
00:04.875  render           | Time: 00:00.03 (Saving: 00:00.01)
00:04.875  render           | Rendering frame 87
00:04.875  render           | Start rendering: PNPLINE_MASTER_v002, ViewLayer
00:04.875  render           | Engine: Workbench
00:04.906  render           | Saved: 'F:\pnpline-landing\hero-section-video\blockout\blockout-master-v002\preview\frames\frame-0087.png'
00:04.906  render           | Time: 00:00.03 (Saving: 00:00.01)
00:04.906  render           | Rendering frame 88
00:04.906  render           | Start rendering: PNPLINE_MASTER_v002, ViewLayer
00:04.906  render           | Engine: Workbench
00:04.953  render           | Saved: 'F:\pnpline-landing\hero-section-video\blockout\blockout-master-v002\preview\frames\frame-0088.png'
00:04.953  render           | Time: 00:00.04 (Saving: 00:00.01)
00:04.953  render           | Rendering frame 89
00:04.953  render           | Start rendering: PNPLINE_MASTER_v002, ViewLayer
00:04.953  render           | Engine: Workbench
00:05.000  render           | Saved: 'F:\pnpline-landing\hero-section-video\blockout\blockout-master-v002\preview\frames\frame-0089.png'
00:05.000  render           | Time: 00:00.04 (Saving: 00:00.01)
00:05.000  render           | Rendering frame 90
00:05.000  render           | Start rendering: PNPLINE_MASTER_v002, ViewLayer
00:05.000  render           | Engine: Workbench
00:05.031  render           | Saved: 'F:\pnpline-landing\hero-section-video\blockout\blockout-master-v002\preview\frames\frame-0090.png'
00:05.031  render           | Time: 00:00.04 (Saving: 00:00.01)
00:05.031  render           | Rendering frame 91
00:05.031  render           | Start rendering: PNPLINE_MASTER_v002, ViewLayer
00:05.031  render           | Engine: Workbench
00:05.078  render           | Saved: 'F:\pnpline-landing\hero-section-video\blockout\blockout-master-v002\preview\frames\frame-0091.png'
00:05.078  render           | Time: 00:00.03 (Saving: 00:00.01)
00:05.078  render           | Rendering frame 92
00:05.078  render           | Start rendering: PNPLINE_MASTER_v002, ViewLayer
00:05.078  render           | Engine: Workbench
00:05.110  render           | Saved: 'F:\pnpline-landing\hero-section-video\blockout\blockout-master-v002\preview\frames\frame-0092.png'
00:05.110  render           | Time: 00:00.03 (Saving: 00:00.01)
00:05.110  render           | Rendering frame 93
00:05.110  render           | Start rendering: PNPLINE_MASTER_v002, ViewLayer
00:05.110  render           | Engine: Workbench
00:05.156  render           | Saved: 'F:\pnpline-landing\hero-section-video\blockout\blockout-master-v002\preview\frames\frame-0093.png'
00:05.156  render           | Time: 00:00.04 (Saving: 00:00.01)
00:05.156  render           | Rendering frame 94
00:05.156  render           | Start rendering: PNPLINE_MASTER_v002, ViewLayer
00:05.156  render           | Engine: Workbench
00:05.188  render           | Saved: 'F:\pnpline-landing\hero-section-video\blockout\blockout-master-v002\preview\frames\frame-0094.png'
00:05.188  render           | Time: 00:00.03 (Saving: 00:00.01)
00:05.188  render           | Rendering frame 95
00:05.188  render           | Start rendering: PNPLINE_MASTER_v002, ViewLayer
00:05.188  render           | Engine: Workbench
00:05.235  render           | Saved: 'F:\pnpline-landing\hero-section-video\blockout\blockout-master-v002\preview\frames\frame-0095.png'
00:05.235  render           | Time: 00:00.03 (Saving: 00:00.01)
00:05.235  render           | Rendering frame 96
00:05.235  render           | Start rendering: PNPLINE_MASTER_v002, ViewLayer
00:05.235  render           | Engine: Workbench
00:05.266  render           | Saved: 'F:\pnpline-landing\hero-section-video\blockout\blockout-master-v002\preview\frames\frame-0096.png'
00:05.266  render           | Time: 00:00.03 (Saving: 00:00.01)
00:05.266  render           | Rendering frame 97
00:05.266  render           | Start rendering: PNPLINE_MASTER_v002, ViewLayer
00:05.266  render           | Engine: Workbench
00:05.313  render           | Saved: 'F:\pnpline-landing\hero-section-video\blockout\blockout-master-v002\preview\frames\frame-0097.png'
00:05.313  render           | Time: 00:00.03 (Saving: 00:00.01)
00:05.313  render           | Rendering frame 98
00:05.313  render           | Start rendering: PNPLINE_MASTER_v002, ViewLayer
00:05.313  render           | Engine: Workbench
00:05.360  render           | Saved: 'F:\pnpline-landing\hero-section-video\blockout\blockout-master-v002\preview\frames\frame-0098.png'
00:05.360  render           | Time: 00:00.04 (Saving: 00:00.01)
00:05.360  render           | Rendering frame 99
00:05.360  render           | Start rendering: PNPLINE_MASTER_v002, ViewLayer
00:05.360  render           | Engine: Workbench
00:05.391  render           | Saved: 'F:\pnpline-landing\hero-section-video\blockout\blockout-master-v002\preview\frames\frame-0099.png'
00:05.391  render           | Time: 00:00.04 (Saving: 00:00.01)
00:05.391  render           | Rendering frame 100
00:05.391  render           | Start rendering: PNPLINE_MASTER_v002, ViewLayer
00:05.391  render           | Engine: Workbench
00:05.438  render           | Saved: 'F:\pnpline-landing\hero-section-video\blockout\blockout-master-v002\preview\frames\frame-0100.png'
00:05.438  render           | Time: 00:00.04 (Saving: 00:00.01)
00:05.438  render           | Rendering frame 101
00:05.438  render           | Start rendering: PNPLINE_MASTER_v002, ViewLayer
00:05.438  render           | Engine: Workbench
00:05.469  render           | Saved: 'F:\pnpline-landing\hero-section-video\blockout\blockout-master-v002\preview\frames\frame-0101.png'
00:05.469  render           | Time: 00:00.03 (Saving: 00:00.01)
00:05.469  render           | Rendering frame 102
00:05.469  render           | Start rendering: PNPLINE_MASTER_v002, ViewLayer
00:05.469  render           | Engine: Workbench
00:05.516  render           | Saved: 'F:\pnpline-landing\hero-section-video\blockout\blockout-master-v002\preview\frames\frame-0102.png'
00:05.516  render           | Time: 00:00.03 (Saving: 00:00.01)
00:05.516  render           | Rendering frame 103
00:05.516  render           | Start rendering: PNPLINE_MASTER_v002, ViewLayer
00:05.516  render           | Engine: Workbench
00:05.547  render           | Saved: 'F:\pnpline-landing\hero-section-video\blockout\blockout-master-v002\preview\frames\frame-0103.png'
00:05.547  render           | Time: 00:00.04 (Saving: 00:00.01)
00:05.547  render           | Rendering frame 104
00:05.547  render           | Start rendering: PNPLINE_MASTER_v002, ViewLayer
00:05.547  render           | Engine: Workbench
00:05.594  render           | Saved: 'F:\pnpline-landing\hero-section-video\blockout\blockout-master-v002\preview\frames\frame-0104.png'
00:05.594  render           | Time: 00:00.03 (Saving: 00:00.01)
00:05.594  render           | Rendering frame 105
00:05.594  render           | Start rendering: PNPLINE_MASTER_v002, ViewLayer
00:05.594  render           | Engine: Workbench
00:05.625  render           | Saved: 'F:\pnpline-landing\hero-section-video\blockout\blockout-master-v002\preview\frames\frame-0105.png'
00:05.625  render           | Time: 00:00.03 (Saving: 00:00.01)
00:05.625  render           | Rendering frame 106
00:05.625  render           | Start rendering: PNPLINE_MASTER_v002, ViewLayer
00:05.625  render           | Engine: Workbench
00:05.672  render           | Saved: 'F:\pnpline-landing\hero-section-video\blockout\blockout-master-v002\preview\frames\frame-0106.png'
00:05.672  render           | Time: 00:00.03 (Saving: 00:00.01)
00:05.672  render           | Rendering frame 107
00:05.672  render           | Start rendering: PNPLINE_MASTER_v002, ViewLayer
00:05.672  render           | Engine: Workbench
00:05.719  render           | Saved: 'F:\pnpline-landing\hero-section-video\blockout\blockout-master-v002\preview\frames\frame-0107.png'
00:05.719  render           | Time: 00:00.04 (Saving: 00:00.01)
00:05.719  render           | Rendering frame 108
00:05.719  render           | Start rendering: PNPLINE_MASTER_v002, ViewLayer
00:05.719  render           | Engine: Workbench
00:05.750  render           | Saved: 'F:\pnpline-landing\hero-section-video\blockout\blockout-master-v002\preview\frames\frame-0108.png'
00:05.750  render           | Time: 00:00.03 (Saving: 00:00.01)
00:05.750  render           | Rendering frame 109
00:05.750  render           | Start rendering: PNPLINE_MASTER_v002, ViewLayer
00:05.750  render           | Engine: Workbench
00:05.797  render           | Saved: 'F:\pnpline-landing\hero-section-video\blockout\blockout-master-v002\preview\frames\frame-0109.png'
00:05.797  render           | Time: 00:00.03 (Saving: 00:00.01)
00:05.797  render           | Rendering frame 110
00:05.797  render           | Start rendering: PNPLINE_MASTER_v002, ViewLayer
00:05.797  render           | Engine: Workbench
00:05.828  render           | Saved: 'F:\pnpline-landing\hero-section-video\blockout\blockout-master-v002\preview\frames\frame-0110.png'
00:05.828  render           | Time: 00:00.03 (Saving: 00:00.01)
00:05.828  render           | Rendering frame 111
00:05.828  render           | Start rendering: PNPLINE_MASTER_v002, ViewLayer
00:05.828  render           | Engine: Workbench
00:05.875  render           | Saved: 'F:\pnpline-landing\hero-section-video\blockout\blockout-master-v002\preview\frames\frame-0111.png'
00:05.875  render           | Time: 00:00.03 (Saving: 00:00.01)
00:05.875  render           | Rendering frame 112
00:05.875  render           | Start rendering: PNPLINE_MASTER_v002, ViewLayer
00:05.875  render           | Engine: Workbench
00:05.906  render           | Saved: 'F:\pnpline-landing\hero-section-video\blockout\blockout-master-v002\preview\frames\frame-0112.png'
00:05.906  render           | Time: 00:00.03 (Saving: 00:00.01)
00:05.906  render           | Rendering frame 113
00:05.906  render           | Start rendering: PNPLINE_MASTER_v002, ViewLayer
00:05.906  render           | Engine: Workbench
00:05.953  render           | Saved: 'F:\pnpline-landing\hero-section-video\blockout\blockout-master-v002\preview\frames\frame-0113.png'
00:05.953  render           | Time: 00:00.04 (Saving: 00:00.01)
00:05.953  render           | Rendering frame 114
00:05.953  render           | Start rendering: PNPLINE_MASTER_v002, ViewLayer
00:05.953  render           | Engine: Workbench
00:05.985  render           | Saved: 'F:\pnpline-landing\hero-section-video\blockout\blockout-master-v002\preview\frames\frame-0114.png'
00:05.985  render           | Time: 00:00.03 (Saving: 00:00.01)
00:05.985  render           | Rendering frame 115
00:05.985  render           | Start rendering: PNPLINE_MASTER_v002, ViewLayer
00:05.985  render           | Engine: Workbench
00:06.031  render           | Saved: 'F:\pnpline-landing\hero-section-video\blockout\blockout-master-v002\preview\frames\frame-0115.png'
00:06.031  render           | Time: 00:00.03 (Saving: 00:00.01)
00:06.031  render           | Rendering frame 116
00:06.031  render           | Start rendering: PNPLINE_MASTER_v002, ViewLayer
00:06.031  render           | Engine: Workbench
00:06.063  render           | Saved: 'F:\pnpline-landing\hero-section-video\blockout\blockout-master-v002\preview\frames\frame-0116.png'
00:06.063  render           | Time: 00:00.03 (Saving: 00:00.01)
00:06.063  render           | Rendering frame 117
00:06.063  render           | Start rendering: PNPLINE_MASTER_v002, ViewLayer
00:06.063  render           | Engine: Workbench
00:06.110  render           | Saved: 'F:\pnpline-landing\hero-section-video\blockout\blockout-master-v002\preview\frames\frame-0117.png'
00:06.110  render           | Time: 00:00.03 (Saving: 00:00.01)
00:06.110  render           | Rendering frame 118
00:06.110  render           | Start rendering: PNPLINE_MASTER_v002, ViewLayer
00:06.110  render           | Engine: Workbench
00:06.141  render           | Saved: 'F:\pnpline-landing\hero-section-video\blockout\blockout-master-v002\preview\frames\frame-0118.png'
00:06.141  render           | Time: 00:00.03 (Saving: 00:00.01)
00:06.141  render           | Rendering frame 119
00:06.141  render           | Start rendering: PNPLINE_MASTER_v002, ViewLayer
00:06.141  render           | Engine: Workbench
00:06.188  render           | Saved: 'F:\pnpline-landing\hero-section-video\blockout\blockout-master-v002\preview\frames\frame-0119.png'
00:06.188  render           | Time: 00:00.03 (Saving: 00:00.01)
00:06.188  render           | Rendering frame 120
00:06.188  render           | Start rendering: PNPLINE_MASTER_v002, ViewLayer
00:06.188  render           | Engine: Workbench
00:06.219  render           | Saved: 'F:\pnpline-landing\hero-section-video\blockout\blockout-master-v002\preview\frames\frame-0120.png'
00:06.219  render           | Time: 00:00.03 (Saving: 00:00.01)
00:06.219  render           | Rendering frame 121
00:06.219  render           | Start rendering: PNPLINE_MASTER_v002, ViewLayer
00:06.219  render           | Engine: Workbench
00:06.266  render           | Saved: 'F:\pnpline-landing\hero-section-video\blockout\blockout-master-v002\preview\frames\frame-0121.png'
00:06.266  render           | Time: 00:00.03 (Saving: 00:00.01)
00:06.266  render           | Rendering frame 122
00:06.266  render           | Start rendering: PNPLINE_MASTER_v002, ViewLayer
00:06.266  render           | Engine: Workbench
00:06.297  render           | Saved: 'F:\pnpline-landing\hero-section-video\blockout\blockout-master-v002\preview\frames\frame-0122.png'
00:06.297  render           | Time: 00:00.03 (Saving: 00:00.01)
00:06.297  render           | Rendering frame 123
00:06.297  render           | Start rendering: PNPLINE_MASTER_v002, ViewLayer
00:06.297  render           | Engine: Workbench
00:06.344  render           | Saved: 'F:\pnpline-landing\hero-section-video\blockout\blockout-master-v002\preview\frames\frame-0123.png'
00:06.344  render           | Time: 00:00.03 (Saving: 00:00.01)
00:06.344  render           | Rendering frame 124
00:06.344  render           | Start rendering: PNPLINE_MASTER_v002, ViewLayer
00:06.344  render           | Engine: Workbench
00:06.375  render           | Saved: 'F:\pnpline-landing\hero-section-video\blockout\blockout-master-v002\preview\frames\frame-0124.png'
00:06.375  render           | Time: 00:00.04 (Saving: 00:00.01)
00:06.375  render           | Rendering frame 125
00:06.375  render           | Start rendering: PNPLINE_MASTER_v002, ViewLayer
00:06.375  render           | Engine: Workbench
00:06.422  render           | Saved: 'F:\pnpline-landing\hero-section-video\blockout\blockout-master-v002\preview\frames\frame-0125.png'
00:06.422  render           | Time: 00:00.04 (Saving: 00:00.01)
00:06.422  render           | Rendering frame 126
00:06.422  render           | Start rendering: PNPLINE_MASTER_v002, ViewLayer
00:06.422  render           | Engine: Workbench
00:06.453  render           | Saved: 'F:\pnpline-landing\hero-section-video\blockout\blockout-master-v002\preview\frames\frame-0126.png'
00:06.453  render           | Time: 00:00.03 (Saving: 00:00.01)
00:06.453  render           | Rendering frame 127
00:06.453  render           | Start rendering: PNPLINE_MASTER_v002, ViewLayer
00:06.453  render           | Engine: Workbench
00:06.500  render           | Saved: 'F:\pnpline-landing\hero-section-video\blockout\blockout-master-v002\preview\frames\frame-0127.png'
00:06.500  render           | Time: 00:00.03 (Saving: 00:00.01)
00:06.500  render           | Rendering frame 128
00:06.500  render           | Start rendering: PNPLINE_MASTER_v002, ViewLayer
00:06.500  render           | Engine: Workbench
00:06.547  render           | Saved: 'F:\pnpline-landing\hero-section-video\blockout\blockout-master-v002\preview\frames\frame-0128.png'
00:06.547  render           | Time: 00:00.03 (Saving: 00:00.01)
00:06.547  render           | Rendering frame 129
00:06.547  render           | Start rendering: PNPLINE_MASTER_v002, ViewLayer
00:06.547  render           | Engine: Workbench
00:06.578  render           | Saved: 'F:\pnpline-landing\hero-section-video\blockout\blockout-master-v002\preview\frames\frame-0129.png'
00:06.578  render           | Time: 00:00.03 (Saving: 00:00.01)
00:06.578  render           | Rendering frame 130
00:06.578  render           | Start rendering: PNPLINE_MASTER_v002, ViewLayer
00:06.578  render           | Engine: Workbench
00:06.625  render           | Saved: 'F:\pnpline-landing\hero-section-video\blockout\blockout-master-v002\preview\frames\frame-0130.png'
00:06.625  render           | Time: 00:00.04 (Saving: 00:00.01)
00:06.625  render           | Rendering frame 131
00:06.625  render           | Start rendering: PNPLINE_MASTER_v002, ViewLayer
00:06.625  render           | Engine: Workbench
00:06.656  render           | Saved: 'F:\pnpline-landing\hero-section-video\blockout\blockout-master-v002\preview\frames\frame-0131.png'
00:06.656  render           | Time: 00:00.03 (Saving: 00:00.01)
00:06.656  render           | Rendering frame 132
00:06.656  render           | Start rendering: PNPLINE_MASTER_v002, ViewLayer
00:06.656  render           | Engine: Workbench
00:06.703  render           | Saved: 'F:\pnpline-landing\hero-section-video\blockout\blockout-master-v002\preview\frames\frame-0132.png'
00:06.703  render           | Time: 00:00.04 (Saving: 00:00.01)
00:06.703  render           | Rendering frame 133
00:06.703  render           | Start rendering: PNPLINE_MASTER_v002, ViewLayer
00:06.703  render           | Engine: Workbench
00:06.735  render           | Saved: 'F:\pnpline-landing\hero-section-video\blockout\blockout-master-v002\preview\frames\frame-0133.png'
00:06.735  render           | Time: 00:00.03 (Saving: 00:00.01)
00:06.735  render           | Rendering frame 134
00:06.735  render           | Start rendering: PNPLINE_MASTER_v002, ViewLayer
00:06.735  render           | Engine: Workbench
00:06.781  render           | Saved: 'F:\pnpline-landing\hero-section-video\blockout\blockout-master-v002\preview\frames\frame-0134.png'
00:06.781  render           | Time: 00:00.03 (Saving: 00:00.01)
00:06.781  render           | Rendering frame 135
00:06.781  render           | Start rendering: PNPLINE_MASTER_v002, ViewLayer
00:06.781  render           | Engine: Workbench
00:06.813  render           | Saved: 'F:\pnpline-landing\hero-section-video\blockout\blockout-master-v002\preview\frames\frame-0135.png'
00:06.813  render           | Time: 00:00.03 (Saving: 00:00.01)
00:06.813  render           | Rendering frame 136
00:06.813  render           | Start rendering: PNPLINE_MASTER_v002, ViewLayer
00:06.813  render           | Engine: Workbench
00:06.860  render           | Saved: 'F:\pnpline-landing\hero-section-video\blockout\blockout-master-v002\preview\frames\frame-0136.png'
00:06.860  render           | Time: 00:00.03 (Saving: 00:00.01)
00:06.860  render           | Rendering frame 137
00:06.860  render           | Start rendering: PNPLINE_MASTER_v002, ViewLayer
00:06.860  render           | Engine: Workbench
00:06.891  render           | Saved: 'F:\pnpline-landing\hero-section-video\blockout\blockout-master-v002\preview\frames\frame-0137.png'
00:06.891  render           | Time: 00:00.03 (Saving: 00:00.01)
00:06.891  render           | Rendering frame 138
00:06.891  render           | Start rendering: PNPLINE_MASTER_v002, ViewLayer
00:06.891  render           | Engine: Workbench
00:06.938  render           | Saved: 'F:\pnpline-landing\hero-section-video\blockout\blockout-master-v002\preview\frames\frame-0138.png'
00:06.938  render           | Time: 00:00.04 (Saving: 00:00.01)
00:06.938  render           | Rendering frame 139
00:06.938  render           | Start rendering: PNPLINE_MASTER_v002, ViewLayer
00:06.938  render           | Engine: Workbench
00:06.985  render           | Saved: 'F:\pnpline-landing\hero-section-video\blockout\blockout-master-v002\preview\frames\frame-0139.png'
00:06.985  render           | Time: 00:00.04 (Saving: 00:00.01)
00:06.985  render           | Rendering frame 140
00:06.985  render           | Start rendering: PNPLINE_MASTER_v002, ViewLayer
00:06.985  render           | Engine: Workbench
00:07.016  render           | Saved: 'F:\pnpline-landing\hero-section-video\blockout\blockout-master-v002\preview\frames\frame-0140.png'
00:07.016  render           | Time: 00:00.04 (Saving: 00:00.01)
00:07.016  render           | Rendering frame 141
00:07.016  render           | Start rendering: PNPLINE_MASTER_v002, ViewLayer
00:07.016  render           | Engine: Workbench
00:07.063  render           | Saved: 'F:\pnpline-landing\hero-section-video\blockout\blockout-master-v002\preview\frames\frame-0141.png'
00:07.063  render           | Time: 00:00.04 (Saving: 00:00.01)
00:07.063  render           | Rendering frame 142
00:07.063  render           | Start rendering: PNPLINE_MASTER_v002, ViewLayer
00:07.063  render           | Engine: Workbench
00:07.110  render           | Saved: 'F:\pnpline-landing\hero-section-video\blockout\blockout-master-v002\preview\frames\frame-0142.png'
00:07.110  render           | Time: 00:00.04 (Saving: 00:00.01)
00:07.110  render           | Rendering frame 143
00:07.110  render           | Start rendering: PNPLINE_MASTER_v002, ViewLayer
00:07.110  render           | Engine: Workbench
00:07.141  render           | Saved: 'F:\pnpline-landing\hero-section-video\blockout\blockout-master-v002\preview\frames\frame-0143.png'
00:07.141  render           | Time: 00:00.04 (Saving: 00:00.01)
00:07.141  render           | Rendering frame 144
00:07.141  render           | Start rendering: PNPLINE_MASTER_v002, ViewLayer
00:07.141  render           | Engine: Workbench
00:07.188  render           | Saved: 'F:\pnpline-landing\hero-section-video\blockout\blockout-master-v002\preview\frames\frame-0144.png'
00:07.188  render           | Time: 00:00.03 (Saving: 00:00.01)
00:07.188  render           | Rendering frame 145
00:07.188  render           | Start rendering: PNPLINE_MASTER_v002, ViewLayer
00:07.188  render           | Engine: Workbench
00:07.219  render           | Saved: 'F:\pnpline-landing\hero-section-video\blockout\blockout-master-v002\preview\frames\frame-0145.png'
00:07.219  render           | Time: 00:00.03 (Saving: 00:00.01)
00:07.219  render           | Rendering frame 146
00:07.219  render           | Start rendering: PNPLINE_MASTER_v002, ViewLayer
00:07.219  render           | Engine: Workbench
00:07.266  render           | Saved: 'F:\pnpline-landing\hero-section-video\blockout\blockout-master-v002\preview\frames\frame-0146.png'
00:07.266  render           | Time: 00:00.04 (Saving: 00:00.01)
00:07.266  render           | Rendering frame 147
00:07.266  render           | Start rendering: PNPLINE_MASTER_v002, ViewLayer
00:07.266  render           | Engine: Workbench
00:07.297  render           | Saved: 'F:\pnpline-landing\hero-section-video\blockout\blockout-master-v002\preview\frames\frame-0147.png'
00:07.297  render           | Time: 00:00.03 (Saving: 00:00.01)
00:07.297  render           | Rendering frame 148
00:07.297  render           | Start rendering: PNPLINE_MASTER_v002, ViewLayer
00:07.297  render           | Engine: Workbench
00:07.344  render           | Saved: 'F:\pnpline-landing\hero-section-video\blockout\blockout-master-v002\preview\frames\frame-0148.png'
00:07.344  render           | Time: 00:00.03 (Saving: 00:00.01)
00:07.344  render           | Rendering frame 149
00:07.344  render           | Start rendering: PNPLINE_MASTER_v002, ViewLayer
00:07.344  render           | Engine: Workbench
00:07.375  render           | Saved: 'F:\pnpline-landing\hero-section-video\blockout\blockout-master-v002\preview\frames\frame-0149.png'
00:07.375  render           | Time: 00:00.03 (Saving: 00:00.01)
00:07.375  render           | Rendering frame 150
00:07.375  render           | Start rendering: PNPLINE_MASTER_v002, ViewLayer
00:07.375  render           | Engine: Workbench
00:07.422  render           | Saved: 'F:\pnpline-landing\hero-section-video\blockout\blockout-master-v002\preview\frames\frame-0150.png'
00:07.422  render           | Time: 00:00.03 (Saving: 00:00.01)
00:07.422  render           | Rendering frame 151
00:07.422  render           | Start rendering: PNPLINE_MASTER_v002, ViewLayer
00:07.422  render           | Engine: Workbench
00:07.469  render           | Saved: 'F:\pnpline-landing\hero-section-video\blockout\blockout-master-v002\preview\frames\frame-0151.png'
00:07.469  render           | Time: 00:00.04 (Saving: 00:00.01)
00:07.469  render           | Rendering frame 152
00:07.469  render           | Start rendering: PNPLINE_MASTER_v002, ViewLayer
00:07.469  render           | Engine: Workbench
00:07.500  render           | Saved: 'F:\pnpline-landing\hero-section-video\blockout\blockout-master-v002\preview\frames\frame-0152.png'
00:07.500  render           | Time: 00:00.04 (Saving: 00:00.01)
00:07.500  render           | Rendering frame 153
00:07.500  render           | Start rendering: PNPLINE_MASTER_v002, ViewLayer
00:07.500  render           | Engine: Workbench
00:07.547  render           | Saved: 'F:\pnpline-landing\hero-section-video\blockout\blockout-master-v002\preview\frames\frame-0153.png'
00:07.547  render           | Time: 00:00.03 (Saving: 00:00.01)
00:07.547  render           | Rendering frame 154
00:07.547  render           | Start rendering: PNPLINE_MASTER_v002, ViewLayer
00:07.547  render           | Engine: Workbench
00:07.578  render           | Saved: 'F:\pnpline-landing\hero-section-video\blockout\blockout-master-v002\preview\frames\frame-0154.png'
00:07.578  render           | Time: 00:00.04 (Saving: 00:00.01)
00:07.578  render           | Rendering frame 155
00:07.578  render           | Start rendering: PNPLINE_MASTER_v002, ViewLayer
00:07.578  render           | Engine: Workbench
00:07.625  render           | Saved: 'F:\pnpline-landing\hero-section-video\blockout\blockout-master-v002\preview\frames\frame-0155.png'
00:07.625  render           | Time: 00:00.03 (Saving: 00:00.01)
00:07.625  render           | Rendering frame 156
00:07.625  render           | Start rendering: PNPLINE_MASTER_v002, ViewLayer
00:07.625  render           | Engine: Workbench
00:07.656  render           | Saved: 'F:\pnpline-landing\hero-section-video\blockout\blockout-master-v002\preview\frames\frame-0156.png'
00:07.656  render           | Time: 00:00.03 (Saving: 00:00.01)
00:07.656  render           | Rendering frame 157
00:07.656  render           | Start rendering: PNPLINE_MASTER_v002, ViewLayer
00:07.656  render           | Engine: Workbench
00:07.703  render           | Saved: 'F:\pnpline-landing\hero-section-video\blockout\blockout-master-v002\preview\frames\frame-0157.png'
00:07.703  render           | Time: 00:00.03 (Saving: 00:00.01)
00:07.703  render           | Rendering frame 158
00:07.703  render           | Start rendering: PNPLINE_MASTER_v002, ViewLayer
00:07.703  render           | Engine: Workbench
00:07.750  render           | Saved: 'F:\pnpline-landing\hero-section-video\blockout\blockout-master-v002\preview\frames\frame-0158.png'
00:07.750  render           | Time: 00:00.04 (Saving: 00:00.01)
00:07.750  render           | Rendering frame 159
00:07.750  render           | Start rendering: PNPLINE_MASTER_v002, ViewLayer
00:07.750  render           | Engine: Workbench
00:07.781  render           | Saved: 'F:\pnpline-landing\hero-section-video\blockout\blockout-master-v002\preview\frames\frame-0159.png'
00:07.781  render           | Time: 00:00.04 (Saving: 00:00.01)
00:07.781  render           | Rendering frame 160
00:07.781  render           | Start rendering: PNPLINE_MASTER_v002, ViewLayer
00:07.781  render           | Engine: Workbench
00:07.828  render           | Saved: 'F:\pnpline-landing\hero-section-video\blockout\blockout-master-v002\preview\frames\frame-0160.png'
00:07.828  render           | Time: 00:00.03 (Saving: 00:00.01)
00:07.828  render           | Rendering frame 161
00:07.828  render           | Start rendering: PNPLINE_MASTER_v002, ViewLayer
00:07.828  render           | Engine: Workbench
00:07.860  render           | Saved: 'F:\pnpline-landing\hero-section-video\blockout\blockout-master-v002\preview\frames\frame-0161.png'
00:07.860  render           | Time: 00:00.04 (Saving: 00:00.01)
00:07.860  render           | Rendering frame 162
00:07.860  render           | Start rendering: PNPLINE_MASTER_v002, ViewLayer
00:07.860  render           | Engine: Workbench
00:07.906  render           | Saved: 'F:\pnpline-landing\hero-section-video\blockout\blockout-master-v002\preview\frames\frame-0162.png'
00:07.906  render           | Time: 00:00.04 (Saving: 00:00.01)
00:07.906  render           | Rendering frame 163
00:07.906  render           | Start rendering: PNPLINE_MASTER_v002, ViewLayer
00:07.906  render           | Engine: Workbench
00:07.953  render           | Saved: 'F:\pnpline-landing\hero-section-video\blockout\blockout-master-v002\preview\frames\frame-0163.png'
00:07.953  render           | Time: 00:00.03 (Saving: 00:00.01)
00:07.953  render           | Rendering frame 164
00:07.953  render           | Start rendering: PNPLINE_MASTER_v002, ViewLayer
00:07.953  render           | Engine: Workbench
00:07.985  render           | Saved: 'F:\pnpline-landing\hero-section-video\blockout\blockout-master-v002\preview\frames\frame-0164.png'
00:07.985  render           | Time: 00:00.03 (Saving: 00:00.01)
00:07.985  render           | Rendering frame 165
00:07.985  render           | Start rendering: PNPLINE_MASTER_v002, ViewLayer
00:07.985  render           | Engine: Workbench
00:08.031  render           | Saved: 'F:\pnpline-landing\hero-section-video\blockout\blockout-master-v002\preview\frames\frame-0165.png'
00:08.031  render           | Time: 00:00.03 (Saving: 00:00.01)
00:08.031  render           | Rendering frame 166
00:08.031  render           | Start rendering: PNPLINE_MASTER_v002, ViewLayer
00:08.031  render           | Engine: Workbench
00:08.063  render           | Saved: 'F:\pnpline-landing\hero-section-video\blockout\blockout-master-v002\preview\frames\frame-0166.png'
00:08.063  render           | Time: 00:00.04 (Saving: 00:00.01)
00:08.063  render           | Rendering frame 167
00:08.063  render           | Start rendering: PNPLINE_MASTER_v002, ViewLayer
00:08.063  render           | Engine: Workbench
00:08.110  render           | Saved: 'F:\pnpline-landing\hero-section-video\blockout\blockout-master-v002\preview\frames\frame-0167.png'
00:08.110  render           | Time: 00:00.03 (Saving: 00:00.01)
00:08.110  render           | Rendering frame 168
00:08.110  render           | Start rendering: PNPLINE_MASTER_v002, ViewLayer
00:08.110  render           | Engine: Workbench
00:08.141  render           | Saved: 'F:\pnpline-landing\hero-section-video\blockout\blockout-master-v002\preview\frames\frame-0168.png'
00:08.141  render           | Time: 00:00.03 (Saving: 00:00.01)
00:08.141  render           | Rendering frame 169
00:08.141  render           | Start rendering: PNPLINE_MASTER_v002, ViewLayer
00:08.141  render           | Engine: Workbench
00:08.188  render           | Saved: 'F:\pnpline-landing\hero-section-video\blockout\blockout-master-v002\preview\frames\frame-0169.png'
00:08.188  render           | Time: 00:00.04 (Saving: 00:00.01)
00:08.188  render           | Rendering frame 170
00:08.188  render           | Start rendering: PNPLINE_MASTER_v002, ViewLayer
00:08.188  render           | Engine: Workbench
00:08.235  render           | Saved: 'F:\pnpline-landing\hero-section-video\blockout\blockout-master-v002\preview\frames\frame-0170.png'
00:08.235  render           | Time: 00:00.03 (Saving: 00:00.01)
00:08.235  render           | Rendering frame 171
00:08.235  render           | Start rendering: PNPLINE_MASTER_v002, ViewLayer
00:08.235  render           | Engine: Workbench
00:08.266  render           | Saved: 'F:\pnpline-landing\hero-section-video\blockout\blockout-master-v002\preview\frames\frame-0171.png'
00:08.266  render           | Time: 00:00.04 (Saving: 00:00.01)
00:08.266  render           | Rendering frame 172
00:08.266  render           | Start rendering: PNPLINE_MASTER_v002, ViewLayer
00:08.266  render           | Engine: Workbench
00:08.313  render           | Saved: 'F:\pnpline-landing\hero-section-video\blockout\blockout-master-v002\preview\frames\frame-0172.png'
00:08.313  render           | Time: 00:00.04 (Saving: 00:00.01)
00:08.313  render           | Rendering frame 173
00:08.313  render           | Start rendering: PNPLINE_MASTER_v002, ViewLayer
00:08.313  render           | Engine: Workbench
00:08.344  render           | Saved: 'F:\pnpline-landing\hero-section-video\blockout\blockout-master-v002\preview\frames\frame-0173.png'
00:08.344  render           | Time: 00:00.03 (Saving: 00:00.01)
00:08.344  render           | Rendering frame 174
00:08.344  render           | Start rendering: PNPLINE_MASTER_v002, ViewLayer
00:08.344  render           | Engine: Workbench
00:08.391  render           | Saved: 'F:\pnpline-landing\hero-section-video\blockout\blockout-master-v002\preview\frames\frame-0174.png'
00:08.391  render           | Time: 00:00.04 (Saving: 00:00.01)
00:08.391  render           | Rendering frame 175
00:08.391  render           | Start rendering: PNPLINE_MASTER_v002, ViewLayer
00:08.391  render           | Engine: Workbench
00:08.422  render           | Saved: 'F:\pnpline-landing\hero-section-video\blockout\blockout-master-v002\preview\frames\frame-0175.png'
00:08.422  render           | Time: 00:00.03 (Saving: 00:00.01)
00:08.422  render           | Rendering frame 176
00:08.422  render           | Start rendering: PNPLINE_MASTER_v002, ViewLayer
00:08.422  render           | Engine: Workbench
00:08.469  render           | Saved: 'F:\pnpline-landing\hero-section-video\blockout\blockout-master-v002\preview\frames\frame-0176.png'
00:08.469  render           | Time: 00:00.04 (Saving: 00:00.01)
00:08.469  render           | Rendering frame 177
00:08.469  render           | Start rendering: PNPLINE_MASTER_v002, ViewLayer
00:08.469  render           | Engine: Workbench
00:08.516  render           | Saved: 'F:\pnpline-landing\hero-section-video\blockout\blockout-master-v002\preview\frames\frame-0177.png'
00:08.516  render           | Time: 00:00.03 (Saving: 00:00.01)
00:08.516  render           | Rendering frame 178
00:08.516  render           | Start rendering: PNPLINE_MASTER_v002, ViewLayer
00:08.516  render           | Engine: Workbench
00:08.547  render           | Saved: 'F:\pnpline-landing\hero-section-video\blockout\blockout-master-v002\preview\frames\frame-0178.png'
00:08.547  render           | Time: 00:00.03 (Saving: 00:00.01)
00:08.547  render           | Rendering frame 179
00:08.547  render           | Start rendering: PNPLINE_MASTER_v002, ViewLayer
00:08.547  render           | Engine: Workbench
00:08.594  render           | Saved: 'F:\pnpline-landing\hero-section-video\blockout\blockout-master-v002\preview\frames\frame-0179.png'
00:08.594  render           | Time: 00:00.04 (Saving: 00:00.02)
00:08.594  render           | Rendering frame 180
00:08.594  render           | Start rendering: PNPLINE_MASTER_v002, ViewLayer
00:08.594  render           | Engine: Workbench
00:08.625  render           | Saved: 'F:\pnpline-landing\hero-section-video\blockout\blockout-master-v002\preview\frames\frame-0180.png'
00:08.625  render           | Time: 00:00.04 (Saving: 00:00.01)
00:08.625  render           | Rendering frame 181
00:08.625  render           | Start rendering: PNPLINE_MASTER_v002, ViewLayer
00:08.625  render           | Engine: Workbench
00:08.672  render           | Saved: 'F:\pnpline-landing\hero-section-video\blockout\blockout-master-v002\preview\frames\frame-0181.png'
00:08.672  render           | Time: 00:00.04 (Saving: 00:00.02)
00:08.672  render           | Rendering frame 182
00:08.672  render           | Start rendering: PNPLINE_MASTER_v002, ViewLayer
00:08.672  render           | Engine: Workbench
00:08.719  render           | Saved: 'F:\pnpline-landing\hero-section-video\blockout\blockout-master-v002\preview\frames\frame-0182.png'
00:08.719  render           | Time: 00:00.04 (Saving: 00:00.01)
00:08.719  render           | Rendering frame 183
00:08.719  render           | Start rendering: PNPLINE_MASTER_v002, ViewLayer
00:08.719  render           | Engine: Workbench
00:08.750  render           | Saved: 'F:\pnpline-landing\hero-section-video\blockout\blockout-master-v002\preview\frames\frame-0183.png'
00:08.750  render           | Time: 00:00.03 (Saving: 00:00.01)
00:08.750  render           | Rendering frame 184
00:08.750  render           | Start rendering: PNPLINE_MASTER_v002, ViewLayer
00:08.750  render           | Engine: Workbench
00:08.797  render           | Saved: 'F:\pnpline-landing\hero-section-video\blockout\blockout-master-v002\preview\frames\frame-0184.png'
00:08.797  render           | Time: 00:00.04 (Saving: 00:00.01)
00:08.797  render           | Rendering frame 185
00:08.797  render           | Start rendering: PNPLINE_MASTER_v002, ViewLayer
00:08.797  render           | Engine: Workbench
00:08.828  render           | Saved: 'F:\pnpline-landing\hero-section-video\blockout\blockout-master-v002\preview\frames\frame-0185.png'
00:08.828  render           | Time: 00:00.04 (Saving: 00:00.01)
00:08.828  render           | Rendering frame 186
00:08.828  render           | Start rendering: PNPLINE_MASTER_v002, ViewLayer
00:08.828  render           | Engine: Workbench
00:08.875  render           | Saved: 'F:\pnpline-landing\hero-section-video\blockout\blockout-master-v002\preview\frames\frame-0186.png'
00:08.875  render           | Time: 00:00.04 (Saving: 00:00.02)
00:08.875  render           | Rendering frame 187
00:08.875  render           | Start rendering: PNPLINE_MASTER_v002, ViewLayer
00:08.875  render           | Engine: Workbench
00:08.922  render           | Saved: 'F:\pnpline-landing\hero-section-video\blockout\blockout-master-v002\preview\frames\frame-0187.png'
00:08.922  render           | Time: 00:00.04 (Saving: 00:00.02)
00:08.922  render           | Rendering frame 188
00:08.922  render           | Start rendering: PNPLINE_MASTER_v002, ViewLayer
00:08.922  render           | Engine: Workbench
00:08.953  render           | Saved: 'F:\pnpline-landing\hero-section-video\blockout\blockout-master-v002\preview\frames\frame-0188.png'
00:08.953  render           | Time: 00:00.04 (Saving: 00:00.01)
00:08.953  render           | Rendering frame 189
00:08.953  render           | Start rendering: PNPLINE_MASTER_v002, ViewLayer
00:08.953  render           | Engine: Workbench
00:09.000  render           | Saved: 'F:\pnpline-landing\hero-section-video\blockout\blockout-master-v002\preview\frames\frame-0189.png'
00:09.000  render           | Time: 00:00.03 (Saving: 00:00.01)
00:09.000  render           | Rendering frame 190
00:09.000  render           | Start rendering: PNPLINE_MASTER_v002, ViewLayer
00:09.000  render           | Engine: Workbench
00:09.031  render           | Saved: 'F:\pnpline-landing\hero-section-video\blockout\blockout-master-v002\preview\frames\frame-0190.png'
00:09.031  render           | Time: 00:00.04 (Saving: 00:00.02)
00:09.031  render           | Rendering frame 191
00:09.031  render           | Start rendering: PNPLINE_MASTER_v002, ViewLayer
00:09.031  render           | Engine: Workbench
00:09.078  render           | Saved: 'F:\pnpline-landing\hero-section-video\blockout\blockout-master-v002\preview\frames\frame-0191.png'
00:09.078  render           | Time: 00:00.04 (Saving: 00:00.01)
00:09.078  render           | Rendering frame 192
00:09.078  render           | Start rendering: PNPLINE_MASTER_v002, ViewLayer
00:09.078  render           | Engine: Workbench
00:09.125  render           | Saved: 'F:\pnpline-landing\hero-section-video\blockout\blockout-master-v002\preview\frames\frame-0192.png'
00:09.125  render           | Time: 00:00.03 (Saving: 00:00.01)
00:09.125  render           | Rendering frame 193
00:09.125  render           | Start rendering: PNPLINE_MASTER_v002, ViewLayer
00:09.125  render           | Engine: Workbench
00:09.156  render           | Saved: 'F:\pnpline-landing\hero-section-video\blockout\blockout-master-v002\preview\frames\frame-0193.png'
00:09.156  render           | Time: 00:00.04 (Saving: 00:00.01)
00:09.156  render           | Rendering frame 194
00:09.156  render           | Start rendering: PNPLINE_MASTER_v002, ViewLayer
00:09.156  render           | Engine: Workbench
00:09.203  render           | Saved: 'F:\pnpline-landing\hero-section-video\blockout\blockout-master-v002\preview\frames\frame-0194.png'
00:09.203  render           | Time: 00:00.03 (Saving: 00:00.02)
00:09.203  render           | Rendering frame 195
00:09.203  render           | Start rendering: PNPLINE_MASTER_v002, ViewLayer
00:09.203  render           | Engine: Workbench
00:09.235  render           | Saved: 'F:\pnpline-landing\hero-section-video\blockout\blockout-master-v002\preview\frames\frame-0195.png'
00:09.235  render           | Time: 00:00.04 (Saving: 00:00.01)
00:09.235  render           | Rendering frame 196
00:09.235  render           | Start rendering: PNPLINE_MASTER_v002, ViewLayer
00:09.235  render           | Engine: Workbench
00:09.281  render           | Saved: 'F:\pnpline-landing\hero-section-video\blockout\blockout-master-v002\preview\frames\frame-0196.png'
00:09.281  render           | Time: 00:00.04 (Saving: 00:00.02)
00:09.281  render           | Rendering frame 197
00:09.281  render           | Start rendering: PNPLINE_MASTER_v002, ViewLayer
00:09.281  render           | Engine: Workbench
00:09.328  render           | Saved: 'F:\pnpline-landing\hero-section-video\blockout\blockout-master-v002\preview\frames\frame-0197.png'
00:09.328  render           | Time: 00:00.04 (Saving: 00:00.01)
00:09.328  render           | Rendering frame 198
00:09.328  render           | Start rendering: PNPLINE_MASTER_v002, ViewLayer
00:09.328  render           | Engine: Workbench
00:09.360  render           | Saved: 'F:\pnpline-landing\hero-section-video\blockout\blockout-master-v002\preview\frames\frame-0198.png'
00:09.360  render           | Time: 00:00.04 (Saving: 00:00.01)
00:09.360  render           | Rendering frame 199
00:09.360  render           | Start rendering: PNPLINE_MASTER_v002, ViewLayer
00:09.360  render           | Engine: Workbench
00:09.406  render           | Saved: 'F:\pnpline-landing\hero-section-video\blockout\blockout-master-v002\preview\frames\frame-0199.png'
00:09.406  render           | Time: 00:00.04 (Saving: 00:00.02)
00:09.406  render           | Rendering frame 200
00:09.406  render           | Start rendering: PNPLINE_MASTER_v002, ViewLayer
00:09.406  render           | Engine: Workbench
00:09.438  render           | Saved: 'F:\pnpline-landing\hero-section-video\blockout\blockout-master-v002\preview\frames\frame-0200.png'
00:09.438  render           | Time: 00:00.04 (Saving: 00:00.01)
00:09.438  render           | Rendering frame 201
00:09.438  render           | Start rendering: PNPLINE_MASTER_v002, ViewLayer
00:09.438  render           | Engine: Workbench
00:09.485  render           | Saved: 'F:\pnpline-landing\hero-section-video\blockout\blockout-master-v002\preview\frames\frame-0201.png'
00:09.485  render           | Time: 00:00.04 (Saving: 00:00.02)
00:09.485  render           | Rendering frame 202
00:09.485  render           | Start rendering: PNPLINE_MASTER_v002, ViewLayer
00:09.485  render           | Engine: Workbench
00:09.516  render           | Saved: 'F:\pnpline-landing\hero-section-video\blockout\blockout-master-v002\preview\frames\frame-0202.png'
00:09.516  render           | Time: 00:00.03 (Saving: 00:00.01)
00:09.516  render           | Rendering frame 203
00:09.516  render           | Start rendering: PNPLINE_MASTER_v002, ViewLayer
00:09.516  render           | Engine: Workbench
00:09.563  render           | Saved: 'F:\pnpline-landing\hero-section-video\blockout\blockout-master-v002\preview\frames\frame-0203.png'
00:09.563  render           | Time: 00:00.04 (Saving: 00:00.01)
00:09.563  render           | Rendering frame 204
00:09.563  render           | Start rendering: PNPLINE_MASTER_v002, ViewLayer
00:09.563  render           | Engine: Workbench
00:09.610  render           | Saved: 'F:\pnpline-landing\hero-section-video\blockout\blockout-master-v002\preview\frames\frame-0204.png'
00:09.610  render           | Time: 00:00.04 (Saving: 00:00.01)
00:09.610  render           | Rendering frame 205
00:09.610  render           | Start rendering: PNPLINE_MASTER_v002, ViewLayer
00:09.610  render           | Engine: Workbench
00:09.641  render           | Saved: 'F:\pnpline-landing\hero-section-video\blockout\blockout-master-v002\preview\frames\frame-0205.png'
00:09.641  render           | Time: 00:00.04 (Saving: 00:00.02)
00:09.641  render           | Rendering frame 206
00:09.641  render           | Start rendering: PNPLINE_MASTER_v002, ViewLayer
00:09.641  render           | Engine: Workbench
00:09.688  render           | Saved: 'F:\pnpline-landing\hero-section-video\blockout\blockout-master-v002\preview\frames\frame-0206.png'
00:09.688  render           | Time: 00:00.03 (Saving: 00:00.01)
00:09.688  render           | Rendering frame 207
00:09.688  render           | Start rendering: PNPLINE_MASTER_v002, ViewLayer
00:09.688  render           | Engine: Workbench
00:09.735  render           | Saved: 'F:\pnpline-landing\hero-section-video\blockout\blockout-master-v002\preview\frames\frame-0207.png'
00:09.735  render           | Time: 00:00.04 (Saving: 00:00.02)
00:09.735  render           | Rendering frame 208
00:09.735  render           | Start rendering: PNPLINE_MASTER_v002, ViewLayer
00:09.735  render           | Engine: Workbench
00:09.766  render           | Saved: 'F:\pnpline-landing\hero-section-video\blockout\blockout-master-v002\preview\frames\frame-0208.png'
00:09.766  render           | Time: 00:00.03 (Saving: 00:00.01)
00:09.766  render           | Rendering frame 209
00:09.766  render           | Start rendering: PNPLINE_MASTER_v002, ViewLayer
00:09.766  render           | Engine: Workbench
00:09.813  render           | Saved: 'F:\pnpline-landing\hero-section-video\blockout\blockout-master-v002\preview\frames\frame-0209.png'
00:09.813  render           | Time: 00:00.03 (Saving: 00:00.01)
00:09.813  render           | Rendering frame 210
00:09.813  render           | Start rendering: PNPLINE_MASTER_v002, ViewLayer
00:09.813  render           | Engine: Workbench
00:09.844  render           | Saved: 'F:\pnpline-landing\hero-section-video\blockout\blockout-master-v002\preview\frames\frame-0210.png'
00:09.844  render           | Time: 00:00.03 (Saving: 00:00.01)
00:09.844  render           | Rendering frame 211
00:09.844  render           | Start rendering: PNPLINE_MASTER_v002, ViewLayer
00:09.844  render           | Engine: Workbench
00:09.891  render           | Saved: 'F:\pnpline-landing\hero-section-video\blockout\blockout-master-v002\preview\frames\frame-0211.png'
00:09.891  render           | Time: 00:00.04 (Saving: 00:00.01)
00:09.891  render           | Rendering frame 212
00:09.891  render           | Start rendering: PNPLINE_MASTER_v002, ViewLayer
00:09.891  render           | Engine: Workbench
00:09.922  render           | Saved: 'F:\pnpline-landing\hero-section-video\blockout\blockout-master-v002\preview\frames\frame-0212.png'
00:09.922  render           | Time: 00:00.03 (Saving: 00:00.01)
00:09.922  render           | Rendering frame 213
00:09.922  render           | Start rendering: PNPLINE_MASTER_v002, ViewLayer
00:09.922  render           | Engine: Workbench
00:09.969  render           | Saved: 'F:\pnpline-landing\hero-section-video\blockout\blockout-master-v002\preview\frames\frame-0213.png'
00:09.969  render           | Time: 00:00.04 (Saving: 00:00.02)
00:09.969  render           | Rendering frame 214
00:09.969  render           | Start rendering: PNPLINE_MASTER_v002, ViewLayer
00:09.969  render           | Engine: Workbench
00:10.016  render           | Saved: 'F:\pnpline-landing\hero-section-video\blockout\blockout-master-v002\preview\frames\frame-0214.png'
00:10.016  render           | Time: 00:00.04 (Saving: 00:00.01)
00:10.016  render           | Rendering frame 215
00:10.016  render           | Start rendering: PNPLINE_MASTER_v002, ViewLayer
00:10.016  render           | Engine: Workbench
00:10.047  render           | Saved: 'F:\pnpline-landing\hero-section-video\blockout\blockout-master-v002\preview\frames\frame-0215.png'
00:10.047  render           | Time: 00:00.04 (Saving: 00:00.02)
00:10.047  render           | Rendering frame 216
00:10.047  render           | Start rendering: PNPLINE_MASTER_v002, ViewLayer
00:10.047  render           | Engine: Workbench
00:10.094  render           | Saved: 'F:\pnpline-landing\hero-section-video\blockout\blockout-master-v002\preview\frames\frame-0216.png'
00:10.094  render           | Time: 00:00.03 (Saving: 00:00.01)
00:10.094  render           | Rendering frame 217
00:10.094  render           | Start rendering: PNPLINE_MASTER_v002, ViewLayer
00:10.094  render           | Engine: Workbench
00:10.141  render           | Saved: 'F:\pnpline-landing\hero-section-video\blockout\blockout-master-v002\preview\frames\frame-0217.png'
00:10.141  render           | Time: 00:00.04 (Saving: 00:00.01)
00:10.141  render           | Rendering frame 218
00:10.141  render           | Start rendering: PNPLINE_MASTER_v002, ViewLayer
00:10.141  render           | Engine: Workbench
00:10.172  render           | Saved: 'F:\pnpline-landing\hero-section-video\blockout\blockout-master-v002\preview\frames\frame-0218.png'
00:10.172  render           | Time: 00:00.04 (Saving: 00:00.01)
00:10.172  render           | Rendering frame 219
00:10.172  render           | Start rendering: PNPLINE_MASTER_v002, ViewLayer
00:10.172  render           | Engine: Workbench
00:10.219  render           | Saved: 'F:\pnpline-landing\hero-section-video\blockout\blockout-master-v002\preview\frames\frame-0219.png'
00:10.219  render           | Time: 00:00.04 (Saving: 00:00.02)
00:10.219  render           | Rendering frame 220
00:10.219  render           | Start rendering: PNPLINE_MASTER_v002, ViewLayer
00:10.219  render           | Engine: Workbench
00:10.266  render           | Saved: 'F:\pnpline-landing\hero-section-video\blockout\blockout-master-v002\preview\frames\frame-0220.png'
00:10.266  render           | Time: 00:00.04 (Saving: 00:00.01)
00:10.266  render           | Rendering frame 221
00:10.266  render           | Start rendering: PNPLINE_MASTER_v002, ViewLayer
00:10.266  render           | Engine: Workbench
00:10.297  render           | Saved: 'F:\pnpline-landing\hero-section-video\blockout\blockout-master-v002\preview\frames\frame-0221.png'
00:10.297  render           | Time: 00:00.03 (Saving: 00:00.01)
00:10.297  render           | Rendering frame 222
00:10.297  render           | Start rendering: PNPLINE_MASTER_v002, ViewLayer
00:10.297  render           | Engine: Workbench
00:10.344  render           | Saved: 'F:\pnpline-landing\hero-section-video\blockout\blockout-master-v002\preview\frames\frame-0222.png'
00:10.344  render           | Time: 00:00.04 (Saving: 00:00.02)
00:10.344  render           | Rendering frame 223
00:10.344  render           | Start rendering: PNPLINE_MASTER_v002, ViewLayer
00:10.344  render           | Engine: Workbench
00:10.391  render           | Saved: 'F:\pnpline-landing\hero-section-video\blockout\blockout-master-v002\preview\frames\frame-0223.png'
00:10.391  render           | Time: 00:00.04 (Saving: 00:00.01)
00:10.391  render           | Rendering frame 224
00:10.391  render           | Start rendering: PNPLINE_MASTER_v002, ViewLayer
00:10.391  render           | Engine: Workbench
00:10.422  render           | Saved: 'F:\pnpline-landing\hero-section-video\blockout\blockout-master-v002\preview\frames\frame-0224.png'
00:10.422  render           | Time: 00:00.04 (Saving: 00:00.01)
00:10.422  render           | Rendering frame 225
00:10.422  render           | Start rendering: PNPLINE_MASTER_v002, ViewLayer
00:10.422  render           | Engine: Workbench
00:10.469  render           | Saved: 'F:\pnpline-landing\hero-section-video\blockout\blockout-master-v002\preview\frames\frame-0225.png'
00:10.469  render           | Time: 00:00.03 (Saving: 00:00.01)
00:10.469  render           | Rendering frame 226
00:10.469  render           | Start rendering: PNPLINE_MASTER_v002, ViewLayer
00:10.469  render           | Engine: Workbench
00:10.500  render           | Saved: 'F:\pnpline-landing\hero-section-video\blockout\blockout-master-v002\preview\frames\frame-0226.png'
00:10.500  render           | Time: 00:00.04 (Saving: 00:00.01)
00:10.500  render           | Rendering frame 227
00:10.500  render           | Start rendering: PNPLINE_MASTER_v002, ViewLayer
00:10.500  render           | Engine: Workbench
00:10.547  render           | Saved: 'F:\pnpline-landing\hero-section-video\blockout\blockout-master-v002\preview\frames\frame-0227.png'
00:10.547  render           | Time: 00:00.03 (Saving: 00:00.01)
00:10.547  render           | Rendering frame 228
00:10.547  render           | Start rendering: PNPLINE_MASTER_v002, ViewLayer
00:10.547  render           | Engine: Workbench
00:10.578  render           | Saved: 'F:\pnpline-landing\hero-section-video\blockout\blockout-master-v002\preview\frames\frame-0228.png'
00:10.578  render           | Time: 00:00.04 (Saving: 00:00.02)
00:10.578  render           | Rendering frame 229
00:10.578  render           | Start rendering: PNPLINE_MASTER_v002, ViewLayer
00:10.578  render           | Engine: Workbench
00:10.625  render           | Saved: 'F:\pnpline-landing\hero-section-video\blockout\blockout-master-v002\preview\frames\frame-0229.png'
00:10.625  render           | Time: 00:00.03 (Saving: 00:00.01)
00:10.625  render           | Rendering frame 230
00:10.625  render           | Start rendering: PNPLINE_MASTER_v002, ViewLayer
00:10.625  render           | Engine: Workbench
00:10.672  render           | Saved: 'F:\pnpline-landing\hero-section-video\blockout\blockout-master-v002\preview\frames\frame-0230.png'
00:10.672  render           | Time: 00:00.04 (Saving: 00:00.01)
00:10.672  render           | Rendering frame 231
00:10.672  render           | Start rendering: PNPLINE_MASTER_v002, ViewLayer
00:10.672  render           | Engine: Workbench
00:10.703  render           | Saved: 'F:\pnpline-landing\hero-section-video\blockout\blockout-master-v002\preview\frames\frame-0231.png'
00:10.703  render           | Time: 00:00.04 (Saving: 00:00.01)
00:10.703  render           | Rendering frame 232
00:10.703  render           | Start rendering: PNPLINE_MASTER_v002, ViewLayer
00:10.703  render           | Engine: Workbench
00:10.750  render           | Saved: 'F:\pnpline-landing\hero-section-video\blockout\blockout-master-v002\preview\frames\frame-0232.png'
00:10.750  render           | Time: 00:00.04 (Saving: 00:00.01)
00:10.750  render           | Rendering frame 233
00:10.750  render           | Start rendering: PNPLINE_MASTER_v002, ViewLayer
00:10.750  render           | Engine: Workbench
00:10.781  render           | Saved: 'F:\pnpline-landing\hero-section-video\blockout\blockout-master-v002\preview\frames\frame-0233.png'
00:10.781  render           | Time: 00:00.04 (Saving: 00:00.01)
00:10.781  render           | Rendering frame 234
00:10.781  render           | Start rendering: PNPLINE_MASTER_v002, ViewLayer
00:10.781  render           | Engine: Workbench
00:10.828  render           | Saved: 'F:\pnpline-landing\hero-section-video\blockout\blockout-master-v002\preview\frames\frame-0234.png'
00:10.828  render           | Time: 00:00.04 (Saving: 00:00.01)
00:10.828  render           | Rendering frame 235
00:10.828  render           | Start rendering: PNPLINE_MASTER_v002, ViewLayer
00:10.828  render           | Engine: Workbench
00:10.875  render           | Saved: 'F:\pnpline-landing\hero-section-video\blockout\blockout-master-v002\preview\frames\frame-0235.png'
00:10.875  render           | Time: 00:00.04 (Saving: 00:00.01)
00:10.875  render           | Rendering frame 236
00:10.875  render           | Start rendering: PNPLINE_MASTER_v002, ViewLayer
00:10.875  render           | Engine: Workbench
00:10.906  render           | Saved: 'F:\pnpline-landing\hero-section-video\blockout\blockout-master-v002\preview\frames\frame-0236.png'
00:10.906  render           | Time: 00:00.04 (Saving: 00:00.01)
00:10.906  render           | Rendering frame 237
00:10.906  render           | Start rendering: PNPLINE_MASTER_v002, ViewLayer
00:10.906  render           | Engine: Workbench
00:10.953  render           | Saved: 'F:\pnpline-landing\hero-section-video\blockout\blockout-master-v002\preview\frames\frame-0237.png'
00:10.953  render           | Time: 00:00.04 (Saving: 00:00.01)
00:10.953  render           | Rendering frame 238
00:10.953  render           | Start rendering: PNPLINE_MASTER_v002, ViewLayer
00:10.953  render           | Engine: Workbench
00:11.000  render           | Saved: 'F:\pnpline-landing\hero-section-video\blockout\blockout-master-v002\preview\frames\frame-0238.png'
00:11.000  render           | Time: 00:00.04 (Saving: 00:00.01)
00:11.000  render           | Rendering frame 239
00:11.000  render           | Start rendering: PNPLINE_MASTER_v002, ViewLayer
00:11.000  render           | Engine: Workbench
00:11.031  render           | Saved: 'F:\pnpline-landing\hero-section-video\blockout\blockout-master-v002\preview\frames\frame-0239.png'
00:11.031  render           | Time: 00:00.04 (Saving: 00:00.01)
00:11.031  render           | Rendering frame 240
00:11.031  render           | Start rendering: PNPLINE_MASTER_v002, ViewLayer
00:11.031  render           | Engine: Workbench
00:11.078  render           | Saved: 'F:\pnpline-landing\hero-section-video\blockout\blockout-master-v002\preview\frames\frame-0240.png'
00:11.078  render           | Time: 00:00.04 (Saving: 00:00.02)
00:11.078  render           | Rendering frame 241
00:11.078  render           | Start rendering: PNPLINE_MASTER_v002, ViewLayer
00:11.078  render           | Engine: Workbench
00:11.125  render           | Saved: 'F:\pnpline-landing\hero-section-video\blockout\blockout-master-v002\preview\frames\frame-0241.png'
00:11.125  render           | Time: 00:00.04 (Saving: 00:00.01)
00:11.125  render           | Rendering frame 242
00:11.125  render           | Start rendering: PNPLINE_MASTER_v002, ViewLayer
00:11.125  render           | Engine: Workbench
00:11.172  render           | Saved: 'F:\pnpline-landing\hero-section-video\blockout\blockout-master-v002\preview\frames\frame-0242.png'
00:11.172  render           | Time: 00:00.04 (Saving: 00:00.02)
00:11.172  render           | Rendering frame 243
00:11.172  render           | Start rendering: PNPLINE_MASTER_v002, ViewLayer
00:11.172  render           | Engine: Workbench
00:11.219  render           | Saved: 'F:\pnpline-landing\hero-section-video\blockout\blockout-master-v002\preview\frames\frame-0243.png'
00:11.219  render           | Time: 00:00.04 (Saving: 00:00.01)
00:11.219  render           | Rendering frame 244
00:11.219  render           | Start rendering: PNPLINE_MASTER_v002, ViewLayer
00:11.219  render           | Engine: Workbench
00:11.250  render           | Saved: 'F:\pnpline-landing\hero-section-video\blockout\blockout-master-v002\preview\frames\frame-0244.png'
00:11.250  render           | Time: 00:00.04 (Saving: 00:00.01)
00:11.250  render           | Rendering frame 245
00:11.250  render           | Start rendering: PNPLINE_MASTER_v002, ViewLayer
00:11.250  render           | Engine: Workbench
00:11.297  render           | Saved: 'F:\pnpline-landing\hero-section-video\blockout\blockout-master-v002\preview\frames\frame-0245.png'
00:11.297  render           | Time: 00:00.04 (Saving: 00:00.01)
00:11.297  render           | Rendering frame 246
00:11.297  render           | Start rendering: PNPLINE_MASTER_v002, ViewLayer
00:11.297  render           | Engine: Workbench
00:11.344  render           | Saved: 'F:\pnpline-landing\hero-section-video\blockout\blockout-master-v002\preview\frames\frame-0246.png'
00:11.344  render           | Time: 00:00.04 (Saving: 00:00.02)
00:11.344  render           | Rendering frame 247
00:11.344  render           | Start rendering: PNPLINE_MASTER_v002, ViewLayer
00:11.344  render           | Engine: Workbench
00:11.391  render           | Saved: 'F:\pnpline-landing\hero-section-video\blockout\blockout-master-v002\preview\frames\frame-0247.png'
00:11.391  render           | Time: 00:00.04 (Saving: 00:00.01)
00:11.391  render           | Rendering frame 248
00:11.391  render           | Start rendering: PNPLINE_MASTER_v002, ViewLayer
00:11.391  render           | Engine: Workbench
00:11.422  render           | Saved: 'F:\pnpline-landing\hero-section-video\blockout\blockout-master-v002\preview\frames\frame-0248.png'
00:11.422  render           | Time: 00:00.04 (Saving: 00:00.01)
00:11.422  render           | Rendering frame 249
00:11.422  render           | Start rendering: PNPLINE_MASTER_v002, ViewLayer
00:11.422  render           | Engine: Workbench
00:11.469  render           | Saved: 'F:\pnpline-landing\hero-section-video\blockout\blockout-master-v002\preview\frames\frame-0249.png'
00:11.469  render           | Time: 00:00.04 (Saving: 00:00.01)
00:11.469  render           | Rendering frame 250
00:11.469  render           | Start rendering: PNPLINE_MASTER_v002, ViewLayer
00:11.469  render           | Engine: Workbench
00:11.516  render           | Saved: 'F:\pnpline-landing\hero-section-video\blockout\blockout-master-v002\preview\frames\frame-0250.png'
00:11.516  render           | Time: 00:00.04 (Saving: 00:00.01)
00:11.516  render           | Rendering frame 251
00:11.516  render           | Start rendering: PNPLINE_MASTER_v002, ViewLayer
00:11.516  render           | Engine: Workbench
00:11.563  render           | Saved: 'F:\pnpline-landing\hero-section-video\blockout\blockout-master-v002\preview\frames\frame-0251.png'
00:11.563  render           | Time: 00:00.04 (Saving: 00:00.01)
00:11.563  render           | Rendering frame 252
00:11.563  render           | Start rendering: PNPLINE_MASTER_v002, ViewLayer
00:11.563  render           | Engine: Workbench
00:11.594  render           | Saved: 'F:\pnpline-landing\hero-section-video\blockout\blockout-master-v002\preview\frames\frame-0252.png'
00:11.594  render           | Time: 00:00.04 (Saving: 00:00.02)
00:11.594  render           | Rendering frame 253
00:11.594  render           | Start rendering: PNPLINE_MASTER_v002, ViewLayer
00:11.594  render           | Engine: Workbench
00:11.641  render           | Saved: 'F:\pnpline-landing\hero-section-video\blockout\blockout-master-v002\preview\frames\frame-0253.png'
00:11.641  render           | Time: 00:00.04 (Saving: 00:00.02)
00:11.641  render           | Rendering frame 254
00:11.641  render           | Start rendering: PNPLINE_MASTER_v002, ViewLayer
00:11.641  render           | Engine: Workbench
00:11.688  render           | Saved: 'F:\pnpline-landing\hero-section-video\blockout\blockout-master-v002\preview\frames\frame-0254.png'
00:11.688  render           | Time: 00:00.04 (Saving: 00:00.01)
00:11.688  render           | Rendering frame 255
00:11.688  render           | Start rendering: PNPLINE_MASTER_v002, ViewLayer
00:11.688  render           | Engine: Workbench
00:11.735  render           | Saved: 'F:\pnpline-landing\hero-section-video\blockout\blockout-master-v002\preview\frames\frame-0255.png'
00:11.735  render           | Time: 00:00.04 (Saving: 00:00.01)
00:11.735  render           | Rendering frame 256
00:11.735  render           | Start rendering: PNPLINE_MASTER_v002, ViewLayer
00:11.735  render           | Engine: Workbench
00:11.766  render           | Saved: 'F:\pnpline-landing\hero-section-video\blockout\blockout-master-v002\preview\frames\frame-0256.png'
00:11.766  render           | Time: 00:00.04 (Saving: 00:00.01)
00:11.766  render           | Rendering frame 257
00:11.766  render           | Start rendering: PNPLINE_MASTER_v002, ViewLayer
00:11.766  render           | Engine: Workbench
00:11.813  render           | Saved: 'F:\pnpline-landing\hero-section-video\blockout\blockout-master-v002\preview\frames\frame-0257.png'
00:11.813  render           | Time: 00:00.04 (Saving: 00:00.01)
00:11.813  render           | Rendering frame 258
00:11.813  render           | Start rendering: PNPLINE_MASTER_v002, ViewLayer
00:11.813  render           | Engine: Workbench
00:11.860  render           | Saved: 'F:\pnpline-landing\hero-section-video\blockout\blockout-master-v002\preview\frames\frame-0258.png'
00:11.860  render           | Time: 00:00.04 (Saving: 00:00.02)
00:11.860  render           | Rendering frame 259
00:11.860  render           | Start rendering: PNPLINE_MASTER_v002, ViewLayer
00:11.860  render           | Engine: Workbench
00:11.906  render           | Saved: 'F:\pnpline-landing\hero-section-video\blockout\blockout-master-v002\preview\frames\frame-0259.png'
00:11.906  render           | Time: 00:00.04 (Saving: 00:00.01)
00:11.906  render           | Rendering frame 260
00:11.906  render           | Start rendering: PNPLINE_MASTER_v002, ViewLayer
00:11.906  render           | Engine: Workbench
00:11.938  render           | Saved: 'F:\pnpline-landing\hero-section-video\blockout\blockout-master-v002\preview\frames\frame-0260.png'
00:11.938  render           | Time: 00:00.04 (Saving: 00:00.01)
00:11.938  render           | Rendering frame 261
00:11.938  render           | Start rendering: PNPLINE_MASTER_v002, ViewLayer
00:11.938  render           | Engine: Workbench
00:11.985  render           | Saved: 'F:\pnpline-landing\hero-section-video\blockout\blockout-master-v002\preview\frames\frame-0261.png'
00:11.985  render           | Time: 00:00.04 (Saving: 00:00.02)
00:11.985  render           | Rendering frame 262
00:11.985  render           | Start rendering: PNPLINE_MASTER_v002, ViewLayer
00:11.985  render           | Engine: Workbench
00:12.031  render           | Saved: 'F:\pnpline-landing\hero-section-video\blockout\blockout-master-v002\preview\frames\frame-0262.png'
00:12.031  render           | Time: 00:00.04 (Saving: 00:00.01)
00:12.031  render           | Rendering frame 263
00:12.031  render           | Start rendering: PNPLINE_MASTER_v002, ViewLayer
00:12.031  render           | Engine: Workbench
00:12.063  render           | Saved: 'F:\pnpline-landing\hero-section-video\blockout\blockout-master-v002\preview\frames\frame-0263.png'
00:12.063  render           | Time: 00:00.04 (Saving: 00:00.01)
00:12.063  render           | Rendering frame 264
00:12.063  render           | Start rendering: PNPLINE_MASTER_v002, ViewLayer
00:12.063  render           | Engine: Workbench
00:12.110  render           | Saved: 'F:\pnpline-landing\hero-section-video\blockout\blockout-master-v002\preview\frames\frame-0264.png'
00:12.110  render           | Time: 00:00.04 (Saving: 00:00.01)
00:12.110  render           | Rendering frame 265
00:12.110  render           | Start rendering: PNPLINE_MASTER_v002, ViewLayer
00:12.110  render           | Engine: Workbench
00:12.156  render           | Saved: 'F:\pnpline-landing\hero-section-video\blockout\blockout-master-v002\preview\frames\frame-0265.png'
00:12.156  render           | Time: 00:00.04 (Saving: 00:00.01)
00:12.156  render           | Rendering frame 266
00:12.156  render           | Start rendering: PNPLINE_MASTER_v002, ViewLayer
00:12.156  render           | Engine: Workbench
00:12.203  render           | Saved: 'F:\pnpline-landing\hero-section-video\blockout\blockout-master-v002\preview\frames\frame-0266.png'
00:12.203  render           | Time: 00:00.04 (Saving: 00:00.01)
00:12.203  render           | Rendering frame 267
00:12.203  render           | Start rendering: PNPLINE_MASTER_v002, ViewLayer
00:12.203  render           | Engine: Workbench
00:12.235  render           | Saved: 'F:\pnpline-landing\hero-section-video\blockout\blockout-master-v002\preview\frames\frame-0267.png'
00:12.235  render           | Time: 00:00.04 (Saving: 00:00.01)
00:12.235  render           | Rendering frame 268
00:12.235  render           | Start rendering: PNPLINE_MASTER_v002, ViewLayer
00:12.235  render           | Engine: Workbench
00:12.281  render           | Saved: 'F:\pnpline-landing\hero-section-video\blockout\blockout-master-v002\preview\frames\frame-0268.png'
00:12.281  render           | Time: 00:00.04 (Saving: 00:00.01)
00:12.281  render           | Rendering frame 269
00:12.281  render           | Start rendering: PNPLINE_MASTER_v002, ViewLayer
00:12.281  render           | Engine: Workbench
00:12.328  render           | Saved: 'F:\pnpline-landing\hero-section-video\blockout\blockout-master-v002\preview\frames\frame-0269.png'
00:12.328  render           | Time: 00:00.04 (Saving: 00:00.01)
00:12.328  render           | Rendering frame 270
00:12.328  render           | Start rendering: PNPLINE_MASTER_v002, ViewLayer
00:12.328  render           | Engine: Workbench
00:12.360  render           | Saved: 'F:\pnpline-landing\hero-section-video\blockout\blockout-master-v002\preview\frames\frame-0270.png'
00:12.360  render           | Time: 00:00.04 (Saving: 00:00.01)
00:12.360  render           | Rendering frame 271
00:12.360  render           | Start rendering: PNPLINE_MASTER_v002, ViewLayer
00:12.360  render           | Engine: Workbench
00:12.406  render           | Saved: 'F:\pnpline-landing\hero-section-video\blockout\blockout-master-v002\preview\frames\frame-0271.png'
00:12.406  render           | Time: 00:00.04 (Saving: 00:00.01)
00:12.406  render           | Rendering frame 272
00:12.406  render           | Start rendering: PNPLINE_MASTER_v002, ViewLayer
00:12.406  render           | Engine: Workbench
00:12.453  render           | Saved: 'F:\pnpline-landing\hero-section-video\blockout\blockout-master-v002\preview\frames\frame-0272.png'
00:12.453  render           | Time: 00:00.04 (Saving: 00:00.02)
00:12.453  render           | Rendering frame 273
00:12.453  render           | Start rendering: PNPLINE_MASTER_v002, ViewLayer
00:12.453  render           | Engine: Workbench
00:12.500  render           | Saved: 'F:\pnpline-landing\hero-section-video\blockout\blockout-master-v002\preview\frames\frame-0273.png'
00:12.500  render           | Time: 00:00.04 (Saving: 00:00.01)
00:12.500  render           | Rendering frame 274
00:12.500  render           | Start rendering: PNPLINE_MASTER_v002, ViewLayer
00:12.500  render           | Engine: Workbench
00:12.531  render           | Saved: 'F:\pnpline-landing\hero-section-video\blockout\blockout-master-v002\preview\frames\frame-0274.png'
00:12.531  render           | Time: 00:00.04 (Saving: 00:00.01)
00:12.531  render           | Rendering frame 275
00:12.531  render           | Start rendering: PNPLINE_MASTER_v002, ViewLayer
00:12.531  render           | Engine: Workbench
00:12.578  render           | Saved: 'F:\pnpline-landing\hero-section-video\blockout\blockout-master-v002\preview\frames\frame-0275.png'
00:12.578  render           | Time: 00:00.04 (Saving: 00:00.01)
00:12.578  render           | Rendering frame 276
00:12.578  render           | Start rendering: PNPLINE_MASTER_v002, ViewLayer
00:12.578  render           | Engine: Workbench
00:12.625  render           | Saved: 'F:\pnpline-landing\hero-section-video\blockout\blockout-master-v002\preview\frames\frame-0276.png'
00:12.625  render           | Time: 00:00.04 (Saving: 00:00.01)
00:12.625  render           | Rendering frame 277
00:12.625  render           | Start rendering: PNPLINE_MASTER_v002, ViewLayer
00:12.625  render           | Engine: Workbench
00:12.672  render           | Saved: 'F:\pnpline-landing\hero-section-video\blockout\blockout-master-v002\preview\frames\frame-0277.png'
00:12.672  render           | Time: 00:00.04 (Saving: 00:00.01)
00:12.672  render           | Rendering frame 278
00:12.672  render           | Start rendering: PNPLINE_MASTER_v002, ViewLayer
00:12.672  render           | Engine: Workbench
00:12.703  render           | Saved: 'F:\pnpline-landing\hero-section-video\blockout\blockout-master-v002\preview\frames\frame-0278.png'
00:12.703  render           | Time: 00:00.04 (Saving: 00:00.01)
00:12.703  render           | Rendering frame 279
00:12.703  render           | Start rendering: PNPLINE_MASTER_v002, ViewLayer
00:12.703  render           | Engine: Workbench
00:12.750  render           | Saved: 'F:\pnpline-landing\hero-section-video\blockout\blockout-master-v002\preview\frames\frame-0279.png'
00:12.750  render           | Time: 00:00.04 (Saving: 00:00.02)
00:12.750  render           | Rendering frame 280
00:12.750  render           | Start rendering: PNPLINE_MASTER_v002, ViewLayer
00:12.750  render           | Engine: Workbench
00:12.797  render           | Saved: 'F:\pnpline-landing\hero-section-video\blockout\blockout-master-v002\preview\frames\frame-0280.png'
00:12.797  render           | Time: 00:00.04 (Saving: 00:00.01)
00:12.797  render           | Rendering frame 281
00:12.797  render           | Start rendering: PNPLINE_MASTER_v002, ViewLayer
00:12.797  render           | Engine: Workbench
00:12.844  render           | Saved: 'F:\pnpline-landing\hero-section-video\blockout\blockout-master-v002\preview\frames\frame-0281.png'
00:12.844  render           | Time: 00:00.04 (Saving: 00:00.01)
00:12.844  render           | Rendering frame 282
00:12.844  render           | Start rendering: PNPLINE_MASTER_v002, ViewLayer
00:12.844  render           | Engine: Workbench
00:12.875  render           | Saved: 'F:\pnpline-landing\hero-section-video\blockout\blockout-master-v002\preview\frames\frame-0282.png'
00:12.875  render           | Time: 00:00.04 (Saving: 00:00.01)
00:12.875  render           | Rendering frame 283
00:12.875  render           | Start rendering: PNPLINE_MASTER_v002, ViewLayer
00:12.875  render           | Engine: Workbench
00:12.922  render           | Saved: 'F:\pnpline-landing\hero-section-video\blockout\blockout-master-v002\preview\frames\frame-0283.png'
00:12.922  render           | Time: 00:00.04 (Saving: 00:00.02)
00:12.922  render           | Rendering frame 284
00:12.922  render           | Start rendering: PNPLINE_MASTER_v002, ViewLayer
00:12.922  render           | Engine: Workbench
00:12.969  render           | Saved: 'F:\pnpline-landing\hero-section-video\blockout\blockout-master-v002\preview\frames\frame-0284.png'
00:12.969  render           | Time: 00:00.04 (Saving: 00:00.01)
00:12.969  render           | Rendering frame 285
00:12.969  render           | Start rendering: PNPLINE_MASTER_v002, ViewLayer
00:12.969  render           | Engine: Workbench
00:13.000  render           | Saved: 'F:\pnpline-landing\hero-section-video\blockout\blockout-master-v002\preview\frames\frame-0285.png'
00:13.000  render           | Time: 00:00.04 (Saving: 00:00.01)
00:13.000  render           | Rendering frame 286
00:13.000  render           | Start rendering: PNPLINE_MASTER_v002, ViewLayer
00:13.000  render           | Engine: Workbench
00:13.047  render           | Saved: 'F:\pnpline-landing\hero-section-video\blockout\blockout-master-v002\preview\frames\frame-0286.png'
00:13.047  render           | Time: 00:00.04 (Saving: 00:00.01)
00:13.047  render           | Rendering frame 287
00:13.047  render           | Start rendering: PNPLINE_MASTER_v002, ViewLayer
00:13.047  render           | Engine: Workbench
00:13.094  render           | Saved: 'F:\pnpline-landing\hero-section-video\blockout\blockout-master-v002\preview\frames\frame-0287.png'
00:13.094  render           | Time: 00:00.04 (Saving: 00:00.02)
00:13.094  render           | Rendering frame 288
00:13.094  render           | Start rendering: PNPLINE_MASTER_v002, ViewLayer
00:13.094  render           | Engine: Workbench
00:13.125  render           | Saved: 'F:\pnpline-landing\hero-section-video\blockout\blockout-master-v002\preview\frames\frame-0288.png'
00:13.125  render           | Time: 00:00.04 (Saving: 00:00.01)
00:13.125  render           | Rendering frame 289
00:13.125  render           | Start rendering: PNPLINE_MASTER_v002, ViewLayer
00:13.125  render           | Engine: Workbench
00:13.172  render           | Saved: 'F:\pnpline-landing\hero-section-video\blockout\blockout-master-v002\preview\frames\frame-0289.png'
00:13.172  render           | Time: 00:00.04 (Saving: 00:00.01)
00:13.172  render           | Rendering frame 290
00:13.172  render           | Start rendering: PNPLINE_MASTER_v002, ViewLayer
00:13.172  render           | Engine: Workbench
00:13.219  render           | Saved: 'F:\pnpline-landing\hero-section-video\blockout\blockout-master-v002\preview\frames\frame-0290.png'
00:13.219  render           | Time: 00:00.04 (Saving: 00:00.01)
00:13.219  render           | Rendering frame 291
00:13.219  render           | Start rendering: PNPLINE_MASTER_v002, ViewLayer
00:13.219  render           | Engine: Workbench
00:13.250  render           | Saved: 'F:\pnpline-landing\hero-section-video\blockout\blockout-master-v002\preview\frames\frame-0291.png'
00:13.250  render           | Time: 00:00.04 (Saving: 00:00.01)
00:13.250  render           | Rendering frame 292
00:13.250  render           | Start rendering: PNPLINE_MASTER_v002, ViewLayer
00:13.250  render           | Engine: Workbench
00:13.297  render           | Saved: 'F:\pnpline-landing\hero-section-video\blockout\blockout-master-v002\preview\frames\frame-0292.png'
00:13.297  render           | Time: 00:00.04 (Saving: 00:00.01)
00:13.297  render           | Rendering frame 293
00:13.297  render           | Start rendering: PNPLINE_MASTER_v002, ViewLayer
00:13.297  render           | Engine: Workbench
00:13.344  render           | Saved: 'F:\pnpline-landing\hero-section-video\blockout\blockout-master-v002\preview\frames\frame-0293.png'
00:13.344  render           | Time: 00:00.04 (Saving: 00:00.01)
00:13.344  render           | Rendering frame 294
00:13.344  render           | Start rendering: PNPLINE_MASTER_v002, ViewLayer
00:13.344  render           | Engine: Workbench
00:13.391  render           | Saved: 'F:\pnpline-landing\hero-section-video\blockout\blockout-master-v002\preview\frames\frame-0294.png'
00:13.391  render           | Time: 00:00.04 (Saving: 00:00.01)
00:13.391  render           | Rendering frame 295
00:13.391  render           | Start rendering: PNPLINE_MASTER_v002, ViewLayer
00:13.391  render           | Engine: Workbench
00:13.422  render           | Saved: 'F:\pnpline-landing\hero-section-video\blockout\blockout-master-v002\preview\frames\frame-0295.png'
00:13.422  render           | Time: 00:00.04 (Saving: 00:00.01)
00:13.422  render           | Rendering frame 296
00:13.422  render           | Start rendering: PNPLINE_MASTER_v002, ViewLayer
00:13.422  render           | Engine: Workbench
00:13.469  render           | Saved: 'F:\pnpline-landing\hero-section-video\blockout\blockout-master-v002\preview\frames\frame-0296.png'
00:13.469  render           | Time: 00:00.04 (Saving: 00:00.01)
00:13.469  render           | Rendering frame 297
00:13.469  render           | Start rendering: PNPLINE_MASTER_v002, ViewLayer
00:13.469  render           | Engine: Workbench
00:13.516  render           | Saved: 'F:\pnpline-landing\hero-section-video\blockout\blockout-master-v002\preview\frames\frame-0297.png'
00:13.516  render           | Time: 00:00.04 (Saving: 00:00.01)
00:13.516  render           | Rendering frame 298
00:13.516  render           | Start rendering: PNPLINE_MASTER_v002, ViewLayer
00:13.516  render           | Engine: Workbench
00:13.547  render           | Saved: 'F:\pnpline-landing\hero-section-video\blockout\blockout-master-v002\preview\frames\frame-0298.png'
00:13.547  render           | Time: 00:00.04 (Saving: 00:00.01)
00:13.547  render           | Rendering frame 299
00:13.547  render           | Start rendering: PNPLINE_MASTER_v002, ViewLayer
00:13.547  render           | Engine: Workbench
00:13.594  render           | Saved: 'F:\pnpline-landing\hero-section-video\blockout\blockout-master-v002\preview\frames\frame-0299.png'
00:13.594  render           | Time: 00:00.04 (Saving: 00:00.01)
00:13.594  render           | Rendering frame 300
00:13.594  render           | Start rendering: PNPLINE_MASTER_v002, ViewLayer
00:13.594  render           | Engine: Workbench
00:13.641  render           | Saved: 'F:\pnpline-landing\hero-section-video\blockout\blockout-master-v002\preview\frames\frame-0300.png'
00:13.641  render           | Time: 00:00.04 (Saving: 00:00.01)
00:13.641  render           | Rendering frame 301
00:13.641  render           | Start rendering: PNPLINE_MASTER_v002, ViewLayer
00:13.641  render           | Engine: Workbench
00:13.688  render           | Saved: 'F:\pnpline-landing\hero-section-video\blockout\blockout-master-v002\preview\frames\frame-0301.png'
00:13.688  render           | Time: 00:00.04 (Saving: 00:00.01)
00:13.688  render           | Rendering frame 302
00:13.688  render           | Start rendering: PNPLINE_MASTER_v002, ViewLayer
00:13.688  render           | Engine: Workbench
00:13.719  render           | Saved: 'F:\pnpline-landing\hero-section-video\blockout\blockout-master-v002\preview\frames\frame-0302.png'
00:13.719  render           | Time: 00:00.04 (Saving: 00:00.01)
00:13.719  render           | Rendering frame 303
00:13.719  render           | Start rendering: PNPLINE_MASTER_v002, ViewLayer
00:13.719  render           | Engine: Workbench
00:13.766  render           | Saved: 'F:\pnpline-landing\hero-section-video\blockout\blockout-master-v002\preview\frames\frame-0303.png'
00:13.766  render           | Time: 00:00.04 (Saving: 00:00.01)
00:13.766  render           | Rendering frame 304
00:13.766  render           | Start rendering: PNPLINE_MASTER_v002, ViewLayer
00:13.766  render           | Engine: Workbench
00:13.813  render           | Saved: 'F:\pnpline-landing\hero-section-video\blockout\blockout-master-v002\preview\frames\frame-0304.png'
00:13.813  render           | Time: 00:00.04 (Saving: 00:00.01)
00:13.813  render           | Rendering frame 305
00:13.813  render           | Start rendering: PNPLINE_MASTER_v002, ViewLayer
00:13.813  render           | Engine: Workbench
00:13.844  render           | Saved: 'F:\pnpline-landing\hero-section-video\blockout\blockout-master-v002\preview\frames\frame-0305.png'
00:13.844  render           | Time: 00:00.04 (Saving: 00:00.01)
00:13.844  render           | Rendering frame 306
00:13.844  render           | Start rendering: PNPLINE_MASTER_v002, ViewLayer
00:13.844  render           | Engine: Workbench
00:13.891  render           | Saved: 'F:\pnpline-landing\hero-section-video\blockout\blockout-master-v002\preview\frames\frame-0306.png'
00:13.891  render           | Time: 00:00.04 (Saving: 00:00.01)
00:13.891  render           | Rendering frame 307
00:13.891  render           | Start rendering: PNPLINE_MASTER_v002, ViewLayer
00:13.891  render           | Engine: Workbench
00:13.938  render           | Saved: 'F:\pnpline-landing\hero-section-video\blockout\blockout-master-v002\preview\frames\frame-0307.png'
00:13.938  render           | Time: 00:00.04 (Saving: 00:00.01)
00:13.938  render           | Rendering frame 308
00:13.938  render           | Start rendering: PNPLINE_MASTER_v002, ViewLayer
00:13.938  render           | Engine: Workbench
00:13.969  render           | Saved: 'F:\pnpline-landing\hero-section-video\blockout\blockout-master-v002\preview\frames\frame-0308.png'
00:13.969  render           | Time: 00:00.04 (Saving: 00:00.01)
00:13.969  render           | Rendering frame 309
00:13.969  render           | Start rendering: PNPLINE_MASTER_v002, ViewLayer
00:13.969  render           | Engine: Workbench
00:14.016  render           | Saved: 'F:\pnpline-landing\hero-section-video\blockout\blockout-master-v002\preview\frames\frame-0309.png'
00:14.016  render           | Time: 00:00.04 (Saving: 00:00.01)
00:14.016  render           | Rendering frame 310
00:14.016  render           | Start rendering: PNPLINE_MASTER_v002, ViewLayer
00:14.016  render           | Engine: Workbench
00:14.063  render           | Saved: 'F:\pnpline-landing\hero-section-video\blockout\blockout-master-v002\preview\frames\frame-0310.png'
00:14.063  render           | Time: 00:00.04 (Saving: 00:00.01)
00:14.063  render           | Rendering frame 311
00:14.063  render           | Start rendering: PNPLINE_MASTER_v002, ViewLayer
00:14.063  render           | Engine: Workbench
00:14.094  render           | Saved: 'F:\pnpline-landing\hero-section-video\blockout\blockout-master-v002\preview\frames\frame-0311.png'
00:14.094  render           | Time: 00:00.04 (Saving: 00:00.01)
00:14.094  render           | Rendering frame 312
00:14.094  render           | Start rendering: PNPLINE_MASTER_v002, ViewLayer
00:14.094  render           | Engine: Workbench
00:14.141  render           | Saved: 'F:\pnpline-landing\hero-section-video\blockout\blockout-master-v002\preview\frames\frame-0312.png'
00:14.141  render           | Time: 00:00.04 (Saving: 00:00.01)
00:14.141  render           | Rendering frame 313
00:14.141  render           | Start rendering: PNPLINE_MASTER_v002, ViewLayer
00:14.141  render           | Engine: Workbench
00:14.188  render           | Saved: 'F:\pnpline-landing\hero-section-video\blockout\blockout-master-v002\preview\frames\frame-0313.png'
00:14.188  render           | Time: 00:00.04 (Saving: 00:00.01)
00:14.188  render           | Rendering frame 314
00:14.188  render           | Start rendering: PNPLINE_MASTER_v002, ViewLayer
00:14.188  render           | Engine: Workbench
00:14.219  render           | Saved: 'F:\pnpline-landing\hero-section-video\blockout\blockout-master-v002\preview\frames\frame-0314.png'
00:14.219  render           | Time: 00:00.04 (Saving: 00:00.01)
00:14.219  render           | Rendering frame 315
00:14.219  render           | Start rendering: PNPLINE_MASTER_v002, ViewLayer
00:14.219  render           | Engine: Workbench
00:14.266  render           | Saved: 'F:\pnpline-landing\hero-section-video\blockout\blockout-master-v002\preview\frames\frame-0315.png'
00:14.266  render           | Time: 00:00.04 (Saving: 00:00.01)
00:14.266  render           | Rendering frame 316
00:14.266  render           | Start rendering: PNPLINE_MASTER_v002, ViewLayer
00:14.266  render           | Engine: Workbench
00:14.297  render           | Saved: 'F:\pnpline-landing\hero-section-video\blockout\blockout-master-v002\preview\frames\frame-0316.png'
00:14.297  render           | Time: 00:00.04 (Saving: 00:00.01)
00:14.297  render           | Rendering frame 317
00:14.297  render           | Start rendering: PNPLINE_MASTER_v002, ViewLayer
00:14.297  render           | Engine: Workbench
00:14.344  render           | Saved: 'F:\pnpline-landing\hero-section-video\blockout\blockout-master-v002\preview\frames\frame-0317.png'
00:14.344  render           | Time: 00:00.04 (Saving: 00:00.01)
00:14.344  render           | Rendering frame 318
00:14.344  render           | Start rendering: PNPLINE_MASTER_v002, ViewLayer
00:14.344  render           | Engine: Workbench
00:14.391  render           | Saved: 'F:\pnpline-landing\hero-section-video\blockout\blockout-master-v002\preview\frames\frame-0318.png'
00:14.391  render           | Time: 00:00.03 (Saving: 00:00.01)
00:14.391  render           | Rendering frame 319
00:14.391  render           | Start rendering: PNPLINE_MASTER_v002, ViewLayer
00:14.391  render           | Engine: Workbench
00:14.422  render           | Saved: 'F:\pnpline-landing\hero-section-video\blockout\blockout-master-v002\preview\frames\frame-0319.png'
00:14.422  render           | Time: 00:00.04 (Saving: 00:00.01)
00:14.422  render           | Rendering frame 320
00:14.422  render           | Start rendering: PNPLINE_MASTER_v002, ViewLayer
00:14.422  render           | Engine: Workbench
00:14.469  render           | Saved: 'F:\pnpline-landing\hero-section-video\blockout\blockout-master-v002\preview\frames\frame-0320.png'
00:14.469  render           | Time: 00:00.04 (Saving: 00:00.01)
00:14.469  render           | Rendering frame 321
00:14.469  render           | Start rendering: PNPLINE_MASTER_v002, ViewLayer
00:14.469  render           | Engine: Workbench
00:14.516  render           | Saved: 'F:\pnpline-landing\hero-section-video\blockout\blockout-master-v002\preview\frames\frame-0321.png'
00:14.516  render           | Time: 00:00.04 (Saving: 00:00.01)
00:14.516  render           | Rendering frame 322
00:14.516  render           | Start rendering: PNPLINE_MASTER_v002, ViewLayer
00:14.516  render           | Engine: Workbench
00:14.547  render           | Saved: 'F:\pnpline-landing\hero-section-video\blockout\blockout-master-v002\preview\frames\frame-0322.png'
00:14.547  render           | Time: 00:00.04 (Saving: 00:00.01)
00:14.547  render           | Rendering frame 323
00:14.547  render           | Start rendering: PNPLINE_MASTER_v002, ViewLayer
00:14.547  render           | Engine: Workbench
00:14.594  render           | Saved: 'F:\pnpline-landing\hero-section-video\blockout\blockout-master-v002\preview\frames\frame-0323.png'
00:14.594  render           | Time: 00:00.04 (Saving: 00:00.01)
00:14.594  render           | Rendering frame 324
00:14.594  render           | Start rendering: PNPLINE_MASTER_v002, ViewLayer
00:14.594  render           | Engine: Workbench
00:14.641  render           | Saved: 'F:\pnpline-landing\hero-section-video\blockout\blockout-master-v002\preview\frames\frame-0324.png'
00:14.641  render           | Time: 00:00.04 (Saving: 00:00.01)
00:14.641  render           | Rendering frame 325
00:14.641  render           | Start rendering: PNPLINE_MASTER_v002, ViewLayer
00:14.641  render           | Engine: Workbench
00:14.672  render           | Saved: 'F:\pnpline-landing\hero-section-video\blockout\blockout-master-v002\preview\frames\frame-0325.png'
00:14.672  render           | Time: 00:00.04 (Saving: 00:00.01)
00:14.672  render           | Rendering frame 326
00:14.672  render           | Start rendering: PNPLINE_MASTER_v002, ViewLayer
00:14.672  render           | Engine: Workbench
00:14.719  render           | Saved: 'F:\pnpline-landing\hero-section-video\blockout\blockout-master-v002\preview\frames\frame-0326.png'
00:14.719  render           | Time: 00:00.04 (Saving: 00:00.01)
00:14.719  render           | Rendering frame 327
00:14.719  render           | Start rendering: PNPLINE_MASTER_v002, ViewLayer
00:14.719  render           | Engine: Workbench
00:14.766  render           | Saved: 'F:\pnpline-landing\hero-section-video\blockout\blockout-master-v002\preview\frames\frame-0327.png'
00:14.766  render           | Time: 00:00.04 (Saving: 00:00.01)
00:14.766  render           | Rendering frame 328
00:14.766  render           | Start rendering: PNPLINE_MASTER_v002, ViewLayer
00:14.766  render           | Engine: Workbench
00:14.797  render           | Saved: 'F:\pnpline-landing\hero-section-video\blockout\blockout-master-v002\preview\frames\frame-0328.png'
00:14.797  render           | Time: 00:00.04 (Saving: 00:00.01)
00:14.797  render           | Rendering frame 329
00:14.797  render           | Start rendering: PNPLINE_MASTER_v002, ViewLayer
00:14.797  render           | Engine: Workbench
00:14.844  render           | Saved: 'F:\pnpline-landing\hero-section-video\blockout\blockout-master-v002\preview\frames\frame-0329.png'
00:14.844  render           | Time: 00:00.04 (Saving: 00:00.01)
00:14.844  render           | Rendering frame 330
00:14.844  render           | Start rendering: PNPLINE_MASTER_v002, ViewLayer
00:14.844  render           | Engine: Workbench
00:14.891  render           | Saved: 'F:\pnpline-landing\hero-section-video\blockout\blockout-master-v002\preview\frames\frame-0330.png'
00:14.891  render           | Time: 00:00.04 (Saving: 00:00.01)
00:14.891  render           | Rendering frame 331
00:14.891  render           | Start rendering: PNPLINE_MASTER_v002, ViewLayer
00:14.891  render           | Engine: Workbench
00:14.938  render           | Saved: 'F:\pnpline-landing\hero-section-video\blockout\blockout-master-v002\preview\frames\frame-0331.png'
00:14.938  render           | Time: 00:00.04 (Saving: 00:00.01)
00:14.938  render           | Rendering frame 332
00:14.938  render           | Start rendering: PNPLINE_MASTER_v002, ViewLayer
00:14.938  render           | Engine: Workbench
00:14.985  render           | Saved: 'F:\pnpline-landing\hero-section-video\blockout\blockout-master-v002\preview\frames\frame-0332.png'
00:14.985  render           | Time: 00:00.04 (Saving: 00:00.01)
00:14.985  render           | Rendering frame 333
00:14.985  render           | Start rendering: PNPLINE_MASTER_v002, ViewLayer
00:14.985  render           | Engine: Workbench
00:15.016  render           | Saved: 'F:\pnpline-landing\hero-section-video\blockout\blockout-master-v002\preview\frames\frame-0333.png'
00:15.016  render           | Time: 00:00.04 (Saving: 00:00.01)
00:15.016  render           | Rendering frame 334
00:15.016  render           | Start rendering: PNPLINE_MASTER_v002, ViewLayer
00:15.016  render           | Engine: Workbench
00:15.063  render           | Saved: 'F:\pnpline-landing\hero-section-video\blockout\blockout-master-v002\preview\frames\frame-0334.png'
00:15.063  render           | Time: 00:00.04 (Saving: 00:00.02)
00:15.063  render           | Rendering frame 335
00:15.063  render           | Start rendering: PNPLINE_MASTER_v002, ViewLayer
00:15.063  render           | Engine: Workbench
00:15.110  render           | Saved: 'F:\pnpline-landing\hero-section-video\blockout\blockout-master-v002\preview\frames\frame-0335.png'
00:15.110  render           | Time: 00:00.04 (Saving: 00:00.01)
00:15.110  render           | Rendering frame 336
00:15.110  render           | Start rendering: PNPLINE_MASTER_v002, ViewLayer
00:15.110  render           | Engine: Workbench
00:15.156  render           | Saved: 'F:\pnpline-landing\hero-section-video\blockout\blockout-master-v002\preview\frames\frame-0336.png'
00:15.156  render           | Time: 00:00.04 (Saving: 00:00.01)
00:15.156  render           | Rendering frame 337
00:15.156  render           | Start rendering: PNPLINE_MASTER_v002, ViewLayer
00:15.156  render           | Engine: Workbench
00:15.203  render           | Saved: 'F:\pnpline-landing\hero-section-video\blockout\blockout-master-v002\preview\frames\frame-0337.png'
00:15.203  render           | Time: 00:00.04 (Saving: 00:00.01)
00:15.203  render           | Rendering frame 338
00:15.203  render           | Start rendering: PNPLINE_MASTER_v002, ViewLayer
00:15.203  render           | Engine: Workbench
00:15.250  render           | Saved: 'F:\pnpline-landing\hero-section-video\blockout\blockout-master-v002\preview\frames\frame-0338.png'
00:15.250  render           | Time: 00:00.04 (Saving: 00:00.01)
00:15.250  render           | Rendering frame 339
00:15.250  render           | Start rendering: PNPLINE_MASTER_v002, ViewLayer
00:15.250  render           | Engine: Workbench
00:15.281  render           | Saved: 'F:\pnpline-landing\hero-section-video\blockout\blockout-master-v002\preview\frames\frame-0339.png'
00:15.281  render           | Time: 00:00.04 (Saving: 00:00.01)
00:15.281  render           | Rendering frame 340
00:15.281  render           | Start rendering: PNPLINE_MASTER_v002, ViewLayer
00:15.281  render           | Engine: Workbench
00:15.328  render           | Saved: 'F:\pnpline-landing\hero-section-video\blockout\blockout-master-v002\preview\frames\frame-0340.png'
00:15.328  render           | Time: 00:00.04 (Saving: 00:00.01)
00:15.328  render           | Rendering frame 341
00:15.328  render           | Start rendering: PNPLINE_MASTER_v002, ViewLayer
00:15.328  render           | Engine: Workbench
00:15.375  render           | Saved: 'F:\pnpline-landing\hero-section-video\blockout\blockout-master-v002\preview\frames\frame-0341.png'
00:15.375  render           | Time: 00:00.04 (Saving: 00:00.01)
00:15.375  render           | Rendering frame 342
00:15.375  render           | Start rendering: PNPLINE_MASTER_v002, ViewLayer
00:15.375  render           | Engine: Workbench
00:15.422  render           | Saved: 'F:\pnpline-landing\hero-section-video\blockout\blockout-master-v002\preview\frames\frame-0342.png'
00:15.422  render           | Time: 00:00.04 (Saving: 00:00.01)
00:15.422  render           | Rendering frame 343
00:15.422  render           | Start rendering: PNPLINE_MASTER_v002, ViewLayer
00:15.422  render           | Engine: Workbench
00:15.453  render           | Saved: 'F:\pnpline-landing\hero-section-video\blockout\blockout-master-v002\preview\frames\frame-0343.png'
00:15.453  render           | Time: 00:00.04 (Saving: 00:00.01)
00:15.453  render           | Rendering frame 344
00:15.469  render           | Start rendering: PNPLINE_MASTER_v002, ViewLayer
00:15.469  render           | Engine: Workbench
00:15.500  render           | Saved: 'F:\pnpline-landing\hero-section-video\blockout\blockout-master-v002\preview\frames\frame-0344.png'
00:15.500  render           | Time: 00:00.04 (Saving: 00:00.01)
00:15.500  render           | Rendering frame 345
00:15.500  render           | Start rendering: PNPLINE_MASTER_v002, ViewLayer
00:15.500  render           | Engine: Workbench
00:15.547  render           | Saved: 'F:\pnpline-landing\hero-section-video\blockout\blockout-master-v002\preview\frames\frame-0345.png'
00:15.547  render           | Time: 00:00.04 (Saving: 00:00.01)
00:15.547  render           | Rendering frame 346
00:15.547  render           | Start rendering: PNPLINE_MASTER_v002, ViewLayer
00:15.547  render           | Engine: Workbench
00:15.594  render           | Saved: 'F:\pnpline-landing\hero-section-video\blockout\blockout-master-v002\preview\frames\frame-0346.png'
00:15.594  render           | Time: 00:00.04 (Saving: 00:00.01)
00:15.594  render           | Rendering frame 347
00:15.594  render           | Start rendering: PNPLINE_MASTER_v002, ViewLayer
00:15.594  render           | Engine: Workbench
00:15.641  render           | Saved: 'F:\pnpline-landing\hero-section-video\blockout\blockout-master-v002\preview\frames\frame-0347.png'
00:15.641  render           | Time: 00:00.04 (Saving: 00:00.01)
00:15.641  render           | Rendering frame 348
00:15.641  render           | Start rendering: PNPLINE_MASTER_v002, ViewLayer
00:15.641  render           | Engine: Workbench
00:15.672  render           | Saved: 'F:\pnpline-landing\hero-section-video\blockout\blockout-master-v002\preview\frames\frame-0348.png'
00:15.672  render           | Time: 00:00.04 (Saving: 00:00.01)
00:15.672  render           | Rendering frame 349
00:15.672  render           | Start rendering: PNPLINE_MASTER_v002, ViewLayer
00:15.672  render           | Engine: Workbench
00:15.719  render           | Saved: 'F:\pnpline-landing\hero-section-video\blockout\blockout-master-v002\preview\frames\frame-0349.png'
00:15.719  render           | Time: 00:00.04 (Saving: 00:00.02)
00:15.719  render           | Rendering frame 350
00:15.719  render           | Start rendering: PNPLINE_MASTER_v002, ViewLayer
00:15.719  render           | Engine: Workbench
00:15.766  render           | Saved: 'F:\pnpline-landing\hero-section-video\blockout\blockout-master-v002\preview\frames\frame-0350.png'
00:15.766  render           | Time: 00:00.04 (Saving: 00:00.01)
00:15.766  render           | Rendering frame 351
00:15.766  render           | Start rendering: PNPLINE_MASTER_v002, ViewLayer
00:15.766  render           | Engine: Workbench
00:15.813  render           | Saved: 'F:\pnpline-landing\hero-section-video\blockout\blockout-master-v002\preview\frames\frame-0351.png'
00:15.813  render           | Time: 00:00.04 (Saving: 00:00.02)
00:15.813  render           | Rendering frame 352
00:15.813  render           | Start rendering: PNPLINE_MASTER_v002, ViewLayer
00:15.813  render           | Engine: Workbench
00:15.860  render           | Saved: 'F:\pnpline-landing\hero-section-video\blockout\blockout-master-v002\preview\frames\frame-0352.png'
00:15.860  render           | Time: 00:00.04 (Saving: 00:00.01)
00:15.860  render           | Rendering frame 353
00:15.860  render           | Start rendering: PNPLINE_MASTER_v002, ViewLayer
00:15.860  render           | Engine: Workbench
00:15.906  render           | Saved: 'F:\pnpline-landing\hero-section-video\blockout\blockout-master-v002\preview\frames\frame-0353.png'
00:15.906  render           | Time: 00:00.04 (Saving: 00:00.01)
00:15.906  render           | Rendering frame 354
00:15.906  render           | Start rendering: PNPLINE_MASTER_v002, ViewLayer
00:15.906  render           | Engine: Workbench
00:15.953  render           | Saved: 'F:\pnpline-landing\hero-section-video\blockout\blockout-master-v002\preview\frames\frame-0354.png'
00:15.953  render           | Time: 00:00.04 (Saving: 00:00.01)
00:15.953  render           | Rendering frame 355
00:15.953  render           | Start rendering: PNPLINE_MASTER_v002, ViewLayer
00:15.953  render           | Engine: Workbench
00:16.000  render           | Saved: 'F:\pnpline-landing\hero-section-video\blockout\blockout-master-v002\preview\frames\frame-0355.png'
00:16.000  render           | Time: 00:00.04 (Saving: 00:00.01)
00:16.000  render           | Rendering frame 356
00:16.000  render           | Start rendering: PNPLINE_MASTER_v002, ViewLayer
00:16.000  render           | Engine: Workbench
00:16.047  render           | Saved: 'F:\pnpline-landing\hero-section-video\blockout\blockout-master-v002\preview\frames\frame-0356.png'
00:16.047  render           | Time: 00:00.04 (Saving: 00:00.02)
00:16.047  render           | Rendering frame 357
00:16.047  render           | Start rendering: PNPLINE_MASTER_v002, ViewLayer
00:16.047  render           | Engine: Workbench
00:16.078  render           | Saved: 'F:\pnpline-landing\hero-section-video\blockout\blockout-master-v002\preview\frames\frame-0357.png'
00:16.078  render           | Time: 00:00.04 (Saving: 00:00.01)
00:16.078  render           | Rendering frame 358
00:16.078  render           | Start rendering: PNPLINE_MASTER_v002, ViewLayer
00:16.078  render           | Engine: Workbench
00:16.110  render           | Saved: 'F:\pnpline-landing\hero-section-video\blockout\blockout-master-v002\preview\frames\frame-0358.png'
00:16.110  render           | Time: 00:00.03 (Saving: 00:00.01)
00:16.110  render           | Rendering frame 359
00:16.125  render           | Start rendering: PNPLINE_MASTER_v002, ViewLayer
00:16.125  render           | Engine: Workbench
00:16.156  render           | Saved: 'F:\pnpline-landing\hero-section-video\blockout\blockout-master-v002\preview\frames\frame-0359.png'
00:16.156  render           | Time: 00:00.03 (Saving: 00:00.02)
00:16.156  render           | Rendering frame 360
00:16.156  render           | Start rendering: PNPLINE_MASTER_v002, ViewLayer
00:16.156  render           | Engine: Workbench
00:16.203  render           | Saved: 'F:\pnpline-landing\hero-section-video\blockout\blockout-master-v002\preview\frames\frame-0360.png'
00:16.203  render           | Time: 00:00.04 (Saving: 00:00.02)
00:16.203  render           | Rendering frame 361
00:16.203  render           | Start rendering: PNPLINE_MASTER_v002, ViewLayer
00:16.203  render           | Engine: Workbench
00:16.250  render           | Saved: 'F:\pnpline-landing\hero-section-video\blockout\blockout-master-v002\preview\frames\frame-0361.png'
00:16.250  render           | Time: 00:00.04 (Saving: 00:00.02)
00:16.250  render           | Rendering frame 362
00:16.250  render           | Start rendering: PNPLINE_MASTER_v002, ViewLayer
00:16.250  render           | Engine: Workbench
00:16.297  render           | Saved: 'F:\pnpline-landing\hero-section-video\blockout\blockout-master-v002\preview\frames\frame-0362.png'
00:16.297  render           | Time: 00:00.05 (Saving: 00:00.02)
00:16.297  render           | Rendering frame 363
00:16.313  render           | Start rendering: PNPLINE_MASTER_v002, ViewLayer
00:16.313  render           | Engine: Workbench
00:16.344  render           | Saved: 'F:\pnpline-landing\hero-section-video\blockout\blockout-master-v002\preview\frames\frame-0363.png'
00:16.344  render           | Time: 00:00.04 (Saving: 00:00.01)
00:16.344  render           | Rendering frame 364
00:16.344  render           | Start rendering: PNPLINE_MASTER_v002, ViewLayer
00:16.344  render           | Engine: Workbench
00:16.391  render           | Saved: 'F:\pnpline-landing\hero-section-video\blockout\blockout-master-v002\preview\frames\frame-0364.png'
00:16.391  render           | Time: 00:00.04 (Saving: 00:00.02)
00:16.391  render           | Rendering frame 365
00:16.391  render           | Start rendering: PNPLINE_MASTER_v002, ViewLayer
00:16.391  render           | Engine: Workbench
00:16.438  render           | Saved: 'F:\pnpline-landing\hero-section-video\blockout\blockout-master-v002\preview\frames\frame-0365.png'
00:16.438  render           | Time: 00:00.04 (Saving: 00:00.02)
00:16.438  render           | Rendering frame 366
00:16.438  render           | Start rendering: PNPLINE_MASTER_v002, ViewLayer
00:16.438  render           | Engine: Workbench
00:16.485  render           | Saved: 'F:\pnpline-landing\hero-section-video\blockout\blockout-master-v002\preview\frames\frame-0366.png'
00:16.485  render           | Time: 00:00.04 (Saving: 00:00.01)
00:16.485  render           | Rendering frame 367
00:16.485  render           | Start rendering: PNPLINE_MASTER_v002, ViewLayer
00:16.485  render           | Engine: Workbench
00:16.516  render           | Saved: 'F:\pnpline-landing\hero-section-video\blockout\blockout-master-v002\preview\frames\frame-0367.png'
00:16.516  render           | Time: 00:00.04 (Saving: 00:00.02)
00:16.516  render           | Rendering frame 368
00:16.516  render           | Start rendering: PNPLINE_MASTER_v002, ViewLayer
00:16.516  render           | Engine: Workbench
00:16.563  render           | Saved: 'F:\pnpline-landing\hero-section-video\blockout\blockout-master-v002\preview\frames\frame-0368.png'
00:16.563  render           | Time: 00:00.04 (Saving: 00:00.02)
00:16.563  render           | Rendering frame 369
00:16.563  render           | Start rendering: PNPLINE_MASTER_v002, ViewLayer
00:16.563  render           | Engine: Workbench
00:16.610  render           | Saved: 'F:\pnpline-landing\hero-section-video\blockout\blockout-master-v002\preview\frames\frame-0369.png'
00:16.610  render           | Time: 00:00.04 (Saving: 00:00.02)
00:16.610  render           | Rendering frame 370
00:16.610  render           | Start rendering: PNPLINE_MASTER_v002, ViewLayer
00:16.610  render           | Engine: Workbench
00:16.656  render           | Saved: 'F:\pnpline-landing\hero-section-video\blockout\blockout-master-v002\preview\frames\frame-0370.png'
00:16.656  render           | Time: 00:00.04 (Saving: 00:00.02)
00:16.656  render           | Rendering frame 371
00:16.656  render           | Start rendering: PNPLINE_MASTER_v002, ViewLayer
00:16.656  render           | Engine: Workbench
00:16.688  render           | Saved: 'F:\pnpline-landing\hero-section-video\blockout\blockout-master-v002\preview\frames\frame-0371.png'
00:16.688  render           | Time: 00:00.04 (Saving: 00:00.02)
00:16.688  render           | Rendering frame 372
00:16.688  render           | Start rendering: PNPLINE_MASTER_v002, ViewLayer
00:16.688  render           | Engine: Workbench
00:16.735  render           | Saved: 'F:\pnpline-landing\hero-section-video\blockout\blockout-master-v002\preview\frames\frame-0372.png'
00:16.735  render           | Time: 00:00.04 (Saving: 00:00.02)
00:16.735  render           | Rendering frame 373
00:16.735  render           | Start rendering: PNPLINE_MASTER_v002, ViewLayer
00:16.735  render           | Engine: Workbench
00:16.781  render           | Saved: 'F:\pnpline-landing\hero-section-video\blockout\blockout-master-v002\preview\frames\frame-0373.png'
00:16.781  render           | Time: 00:00.04 (Saving: 00:00.02)
00:16.781  render           | Rendering frame 374
00:16.781  render           | Start rendering: PNPLINE_MASTER_v002, ViewLayer
00:16.781  render           | Engine: Workbench
00:16.828  render           | Saved: 'F:\pnpline-landing\hero-section-video\blockout\blockout-master-v002\preview\frames\frame-0374.png'
00:16.828  render           | Time: 00:00.04 (Saving: 00:00.02)
00:16.828  render           | Rendering frame 375
00:16.828  render           | Start rendering: PNPLINE_MASTER_v002, ViewLayer
00:16.828  render           | Engine: Workbench
00:16.860  render           | Saved: 'F:\pnpline-landing\hero-section-video\blockout\blockout-master-v002\preview\frames\frame-0375.png'
00:16.860  render           | Time: 00:00.04 (Saving: 00:00.02)
00:16.860  render           | Rendering frame 376
00:16.860  render           | Start rendering: PNPLINE_MASTER_v002, ViewLayer
00:16.860  render           | Engine: Workbench
00:16.906  render           | Saved: 'F:\pnpline-landing\hero-section-video\blockout\blockout-master-v002\preview\frames\frame-0376.png'
00:16.906  render           | Time: 00:00.04 (Saving: 00:00.02)
00:16.906  render           | Rendering frame 377
00:16.906  render           | Start rendering: PNPLINE_MASTER_v002, ViewLayer
00:16.906  render           | Engine: Workbench
00:16.953  render           | Saved: 'F:\pnpline-landing\hero-section-video\blockout\blockout-master-v002\preview\frames\frame-0377.png'
00:16.953  render           | Time: 00:00.04 (Saving: 00:00.02)
00:16.953  render           | Rendering frame 378
00:16.953  render           | Start rendering: PNPLINE_MASTER_v002, ViewLayer
00:16.953  render           | Engine: Workbench
00:17.000  render           | Saved: 'F:\pnpline-landing\hero-section-video\blockout\blockout-master-v002\preview\frames\frame-0378.png'
00:17.000  render           | Time: 00:00.04 (Saving: 00:00.02)
00:17.000  render           | Rendering frame 379
00:17.000  render           | Start rendering: PNPLINE_MASTER_v002, ViewLayer
00:17.000  render           | Engine: Workbench
00:17.047  render           | Saved: 'F:\pnpline-landing\hero-section-video\blockout\blockout-master-v002\preview\frames\frame-0379.png'
00:17.047  render           | Time: 00:00.04 (Saving: 00:00.02)
00:17.047  render           | Rendering frame 380
00:17.047  render           | Start rendering: PNPLINE_MASTER_v002, ViewLayer
00:17.047  render           | Engine: Workbench
00:17.110  render           | Saved: 'F:\pnpline-landing\hero-section-video\blockout\blockout-master-v002\preview\frames\frame-0380.png'
00:17.110  render           | Time: 00:00.05 (Saving: 00:00.02)
00:17.110  render           | Rendering frame 381
00:17.110  render           | Start rendering: PNPLINE_MASTER_v002, ViewLayer
00:17.110  render           | Engine: Workbench
00:17.156  render           | Saved: 'F:\pnpline-landing\hero-section-video\blockout\blockout-master-v002\preview\frames\frame-0381.png'
00:17.156  render           | Time: 00:00.04 (Saving: 00:00.02)
00:17.156  render           | Rendering frame 382
00:17.156  render           | Start rendering: PNPLINE_MASTER_v002, ViewLayer
00:17.156  render           | Engine: Workbench
00:17.203  render           | Saved: 'F:\pnpline-landing\hero-section-video\blockout\blockout-master-v002\preview\frames\frame-0382.png'
00:17.203  render           | Time: 00:00.04 (Saving: 00:00.02)
00:17.203  render           | Rendering frame 383
00:17.203  render           | Start rendering: PNPLINE_MASTER_v002, ViewLayer
00:17.203  render           | Engine: Workbench
00:17.235  render           | Saved: 'F:\pnpline-landing\hero-section-video\blockout\blockout-master-v002\preview\frames\frame-0383.png'
00:17.235  render           | Time: 00:00.04 (Saving: 00:00.02)
00:17.235  render           | Rendering frame 384
00:17.235  render           | Start rendering: PNPLINE_MASTER_v002, ViewLayer
00:17.235  render           | Engine: Workbench
00:17.281  render           | Saved: 'F:\pnpline-landing\hero-section-video\blockout\blockout-master-v002\preview\frames\frame-0384.png'
00:17.281  render           | Time: 00:00.04 (Saving: 00:00.02)
00:17.281  render           | Rendering frame 385
00:17.281  render           | Start rendering: PNPLINE_MASTER_v002, ViewLayer
00:17.281  render           | Engine: Workbench
00:17.328  render           | Saved: 'F:\pnpline-landing\hero-section-video\blockout\blockout-master-v002\preview\frames\frame-0385.png'
00:17.328  render           | Time: 00:00.04 (Saving: 00:00.02)
00:17.328  render           | Rendering frame 386
00:17.328  render           | Start rendering: PNPLINE_MASTER_v002, ViewLayer
00:17.328  render           | Engine: Workbench
00:17.360  render           | Saved: 'F:\pnpline-landing\hero-section-video\blockout\blockout-master-v002\preview\frames\frame-0386.png'
00:17.360  render           | Time: 00:00.04 (Saving: 00:00.02)
00:17.360  render           | Rendering frame 387
00:17.360  render           | Start rendering: PNPLINE_MASTER_v002, ViewLayer
00:17.360  render           | Engine: Workbench
00:17.406  render           | Saved: 'F:\pnpline-landing\hero-section-video\blockout\blockout-master-v002\preview\frames\frame-0387.png'
00:17.406  render           | Time: 00:00.04 (Saving: 00:00.02)
00:17.406  render           | Rendering frame 388
00:17.406  render           | Start rendering: PNPLINE_MASTER_v002, ViewLayer
00:17.406  render           | Engine: Workbench
00:17.453  render           | Saved: 'F:\pnpline-landing\hero-section-video\blockout\blockout-master-v002\preview\frames\frame-0388.png'
00:17.453  render           | Time: 00:00.04 (Saving: 00:00.02)
00:17.453  render           | Rendering frame 389
00:17.453  render           | Start rendering: PNPLINE_MASTER_v002, ViewLayer
00:17.453  render           | Engine: Workbench
00:17.485  render           | Saved: 'F:\pnpline-landing\hero-section-video\blockout\blockout-master-v002\preview\frames\frame-0389.png'
00:17.485  render           | Time: 00:00.04 (Saving: 00:00.02)
00:17.485  render           | Rendering frame 390
00:17.485  render           | Start rendering: PNPLINE_MASTER_v002, ViewLayer
00:17.485  render           | Engine: Workbench
00:17.531  render           | Saved: 'F:\pnpline-landing\hero-section-video\blockout\blockout-master-v002\preview\frames\frame-0390.png'
00:17.531  render           | Time: 00:00.03 (Saving: 00:00.02)
00:17.531  render           | Rendering frame 391
00:17.531  render           | Start rendering: PNPLINE_MASTER_v002, ViewLayer
00:17.531  render           | Engine: Workbench
00:17.563  render           | Saved: 'F:\pnpline-landing\hero-section-video\blockout\blockout-master-v002\preview\frames\frame-0391.png'
00:17.563  render           | Time: 00:00.04 (Saving: 00:00.01)
00:17.563  render           | Rendering frame 392
00:17.563  render           | Start rendering: PNPLINE_MASTER_v002, ViewLayer
00:17.578  render           | Engine: Workbench
00:17.610  render           | Saved: 'F:\pnpline-landing\hero-section-video\blockout\blockout-master-v002\preview\frames\frame-0392.png'
00:17.610  render           | Time: 00:00.04 (Saving: 00:00.02)
00:17.610  render           | Rendering frame 393
00:17.610  render           | Start rendering: PNPLINE_MASTER_v002, ViewLayer
00:17.610  render           | Engine: Workbench
00:17.656  render           | Saved: 'F:\pnpline-landing\hero-section-video\blockout\blockout-master-v002\preview\frames\frame-0393.png'
00:17.656  render           | Time: 00:00.04 (Saving: 00:00.02)
00:17.656  render           | Rendering frame 394
00:17.656  render           | Start rendering: PNPLINE_MASTER_v002, ViewLayer
00:17.656  render           | Engine: Workbench
00:17.688  render           | Saved: 'F:\pnpline-landing\hero-section-video\blockout\blockout-master-v002\preview\frames\frame-0394.png'
00:17.688  render           | Time: 00:00.03 (Saving: 00:00.02)
00:17.688  render           | Rendering frame 395
00:17.688  render           | Start rendering: PNPLINE_MASTER_v002, ViewLayer
00:17.688  render           | Engine: Workbench
00:17.735  render           | Saved: 'F:\pnpline-landing\hero-section-video\blockout\blockout-master-v002\preview\frames\frame-0395.png'
00:17.735  render           | Time: 00:00.04 (Saving: 00:00.02)
00:17.735  render           | Rendering frame 396
00:17.735  render           | Start rendering: PNPLINE_MASTER_v002, ViewLayer
00:17.735  render           | Engine: Workbench
00:17.766  render           | Saved: 'F:\pnpline-landing\hero-section-video\blockout\blockout-master-v002\preview\frames\frame-0396.png'
00:17.766  render           | Time: 00:00.03 (Saving: 00:00.01)
00:17.766  render           | Rendering frame 397
00:17.766  render           | Start rendering: PNPLINE_MASTER_v002, ViewLayer
00:17.766  render           | Engine: Workbench
00:17.813  render           | Saved: 'F:\pnpline-landing\hero-section-video\blockout\blockout-master-v002\preview\frames\frame-0397.png'
00:17.813  render           | Time: 00:00.04 (Saving: 00:00.02)
00:17.813  render           | Rendering frame 398
00:17.813  render           | Start rendering: PNPLINE_MASTER_v002, ViewLayer
00:17.813  render           | Engine: Workbench
00:17.860  render           | Saved: 'F:\pnpline-landing\hero-section-video\blockout\blockout-master-v002\preview\frames\frame-0398.png'
00:17.860  render           | Time: 00:00.03 (Saving: 00:00.01)
00:17.860  render           | Rendering frame 399
00:17.860  render           | Start rendering: PNPLINE_MASTER_v002, ViewLayer
00:17.860  render           | Engine: Workbench
00:17.891  render           | Saved: 'F:\pnpline-landing\hero-section-video\blockout\blockout-master-v002\preview\frames\frame-0399.png'
00:17.891  render           | Time: 00:00.04 (Saving: 00:00.02)
00:17.891  render           | Rendering frame 400
00:17.891  render           | Start rendering: PNPLINE_MASTER_v002, ViewLayer
00:17.891  render           | Engine: Workbench
00:17.938  render           | Saved: 'F:\pnpline-landing\hero-section-video\blockout\blockout-master-v002\preview\frames\frame-0400.png'
00:17.938  render           | Time: 00:00.04 (Saving: 00:00.02)
00:17.938  render           | Rendering frame 401
00:17.938  render           | Start rendering: PNPLINE_MASTER_v002, ViewLayer
00:17.938  render           | Engine: Workbench
00:17.969  render           | Saved: 'F:\pnpline-landing\hero-section-video\blockout\blockout-master-v002\preview\frames\frame-0401.png'
00:17.969  render           | Time: 00:00.04 (Saving: 00:00.02)
00:17.969  render           | Rendering frame 402
00:17.969  render           | Start rendering: PNPLINE_MASTER_v002, ViewLayer
00:17.969  render           | Engine: Workbench
00:18.016  render           | Saved: 'F:\pnpline-landing\hero-section-video\blockout\blockout-master-v002\preview\frames\frame-0402.png'
00:18.016  render           | Time: 00:00.04 (Saving: 00:00.02)
00:18.016  render           | Rendering frame 403
00:18.016  render           | Start rendering: PNPLINE_MASTER_v002, ViewLayer
00:18.016  render           | Engine: Workbench
00:18.063  render           | Saved: 'F:\pnpline-landing\hero-section-video\blockout\blockout-master-v002\preview\frames\frame-0403.png'
00:18.063  render           | Time: 00:00.03 (Saving: 00:00.01)
00:18.063  render           | Rendering frame 404
00:18.063  render           | Start rendering: PNPLINE_MASTER_v002, ViewLayer
00:18.063  render           | Engine: Workbench
00:18.094  render           | Saved: 'F:\pnpline-landing\hero-section-video\blockout\blockout-master-v002\preview\frames\frame-0404.png'
00:18.094  render           | Time: 00:00.03 (Saving: 00:00.02)
00:18.094  render           | Rendering frame 405
00:18.094  render           | Start rendering: PNPLINE_MASTER_v002, ViewLayer
00:18.094  render           | Engine: Workbench
00:18.141  render           | Saved: 'F:\pnpline-landing\hero-section-video\blockout\blockout-master-v002\preview\frames\frame-0405.png'
00:18.141  render           | Time: 00:00.03 (Saving: 00:00.02)
00:18.141  render           | Rendering frame 406
00:18.141  render           | Start rendering: PNPLINE_MASTER_v002, ViewLayer
00:18.141  render           | Engine: Workbench
00:18.188  render           | Saved: 'F:\pnpline-landing\hero-section-video\blockout\blockout-master-v002\preview\frames\frame-0406.png'
00:18.188  render           | Time: 00:00.04 (Saving: 00:00.02)
00:18.188  render           | Rendering frame 407
00:18.188  render           | Start rendering: PNPLINE_MASTER_v002, ViewLayer
00:18.188  render           | Engine: Workbench
00:18.219  render           | Saved: 'F:\pnpline-landing\hero-section-video\blockout\blockout-master-v002\preview\frames\frame-0407.png'
00:18.219  render           | Time: 00:00.04 (Saving: 00:00.02)
00:18.219  render           | Rendering frame 408
00:18.219  render           | Start rendering: PNPLINE_MASTER_v002, ViewLayer
00:18.219  render           | Engine: Workbench
00:18.266  render           | Saved: 'F:\pnpline-landing\hero-section-video\blockout\blockout-master-v002\preview\frames\frame-0408.png'
00:18.266  render           | Time: 00:00.04 (Saving: 00:00.02)
00:18.266  render           | Rendering frame 409
00:18.266  render           | Start rendering: PNPLINE_MASTER_v002, ViewLayer
00:18.266  render           | Engine: Workbench
00:18.313  render           | Saved: 'F:\pnpline-landing\hero-section-video\blockout\blockout-master-v002\preview\frames\frame-0409.png'
00:18.313  render           | Time: 00:00.04 (Saving: 00:00.02)
00:18.313  render           | Rendering frame 410
00:18.313  render           | Start rendering: PNPLINE_MASTER_v002, ViewLayer
00:18.313  render           | Engine: Workbench
00:18.344  render           | Saved: 'F:\pnpline-landing\hero-section-video\blockout\blockout-master-v002\preview\frames\frame-0410.png'
00:18.344  render           | Time: 00:00.04 (Saving: 00:00.02)
00:18.344  render           | Rendering frame 411
00:18.344  render           | Start rendering: PNPLINE_MASTER_v002, ViewLayer
00:18.344  render           | Engine: Workbench
00:18.391  render           | Saved: 'F:\pnpline-landing\hero-section-video\blockout\blockout-master-v002\preview\frames\frame-0411.png'
00:18.391  render           | Time: 00:00.04 (Saving: 00:00.01)
00:18.391  render           | Rendering frame 412
00:18.391  render           | Start rendering: PNPLINE_MASTER_v002, ViewLayer
00:18.391  render           | Engine: Workbench
00:18.438  render           | Saved: 'F:\pnpline-landing\hero-section-video\blockout\blockout-master-v002\preview\frames\frame-0412.png'
00:18.438  render           | Time: 00:00.04 (Saving: 00:00.02)
00:18.438  render           | Rendering frame 413
00:18.438  render           | Start rendering: PNPLINE_MASTER_v002, ViewLayer
00:18.438  render           | Engine: Workbench
00:18.469  render           | Saved: 'F:\pnpline-landing\hero-section-video\blockout\blockout-master-v002\preview\frames\frame-0413.png'
00:18.469  render           | Time: 00:00.04 (Saving: 00:00.02)
00:18.469  render           | Rendering frame 414
00:18.469  render           | Start rendering: PNPLINE_MASTER_v002, ViewLayer
00:18.469  render           | Engine: Workbench
00:18.516  render           | Saved: 'F:\pnpline-landing\hero-section-video\blockout\blockout-master-v002\preview\frames\frame-0414.png'
00:18.516  render           | Time: 00:00.04 (Saving: 00:00.02)
00:18.516  render           | Rendering frame 415
00:18.516  render           | Start rendering: PNPLINE_MASTER_v002, ViewLayer
00:18.516  render           | Engine: Workbench
00:18.563  render           | Saved: 'F:\pnpline-landing\hero-section-video\blockout\blockout-master-v002\preview\frames\frame-0415.png'
00:18.563  render           | Time: 00:00.03 (Saving: 00:00.01)
00:18.563  render           | Rendering frame 416
00:18.563  render           | Start rendering: PNPLINE_MASTER_v002, ViewLayer
00:18.563  render           | Engine: Workbench
00:18.594  render           | Saved: 'F:\pnpline-landing\hero-section-video\blockout\blockout-master-v002\preview\frames\frame-0416.png'
00:18.594  render           | Time: 00:00.04 (Saving: 00:00.02)
00:18.594  render           | Rendering frame 417
00:18.594  render           | Start rendering: PNPLINE_MASTER_v002, ViewLayer
00:18.594  render           | Engine: Workbench
00:18.641  render           | Saved: 'F:\pnpline-landing\hero-section-video\blockout\blockout-master-v002\preview\frames\frame-0417.png'
00:18.641  render           | Time: 00:00.04 (Saving: 00:00.02)
00:18.641  render           | Rendering frame 418
00:18.641  render           | Start rendering: PNPLINE_MASTER_v002, ViewLayer
00:18.641  render           | Engine: Workbench
00:18.688  render           | Saved: 'F:\pnpline-landing\hero-section-video\blockout\blockout-master-v002\preview\frames\frame-0418.png'
00:18.688  render           | Time: 00:00.05 (Saving: 00:00.02)
00:18.688  render           | Rendering frame 419
00:18.688  render           | Start rendering: PNPLINE_MASTER_v002, ViewLayer
00:18.688  render           | Engine: Workbench
00:18.735  render           | Saved: 'F:\pnpline-landing\hero-section-video\blockout\blockout-master-v002\preview\frames\frame-0419.png'
00:18.735  render           | Time: 00:00.04 (Saving: 00:00.02)
00:18.735  render           | Rendering frame 420
00:18.735  render           | Start rendering: PNPLINE_MASTER_v002, ViewLayer
00:18.735  render           | Engine: Workbench
00:18.781  render           | Saved: 'F:\pnpline-landing\hero-section-video\blockout\blockout-master-v002\preview\frames\frame-0420.png'
00:18.781  render           | Time: 00:00.03 (Saving: 00:00.01)
00:18.781  render           | Rendering frame 421
00:18.781  render           | Start rendering: PNPLINE_MASTER_v002, ViewLayer
00:18.781  render           | Engine: Workbench
00:18.813  render           | Saved: 'F:\pnpline-landing\hero-section-video\blockout\blockout-master-v002\preview\frames\frame-0421.png'
00:18.813  render           | Time: 00:00.03 (Saving: 00:00.01)
00:18.813  render           | Rendering frame 422
00:18.813  render           | Start rendering: PNPLINE_MASTER_v002, ViewLayer
00:18.813  render           | Engine: Workbench
00:18.860  render           | Saved: 'F:\pnpline-landing\hero-section-video\blockout\blockout-master-v002\preview\frames\frame-0422.png'
00:18.860  render           | Time: 00:00.03 (Saving: 00:00.01)
00:18.860  render           | Rendering frame 423
00:18.860  render           | Start rendering: PNPLINE_MASTER_v002, ViewLayer
00:18.860  render           | Engine: Workbench
00:18.891  render           | Saved: 'F:\pnpline-landing\hero-section-video\blockout\blockout-master-v002\preview\frames\frame-0423.png'
00:18.891  render           | Time: 00:00.04 (Saving: 00:00.02)
00:18.891  render           | Rendering frame 424
00:18.906  render           | Start rendering: PNPLINE_MASTER_v002, ViewLayer
00:18.906  render           | Engine: Workbench
00:18.938  render           | Saved: 'F:\pnpline-landing\hero-section-video\blockout\blockout-master-v002\preview\frames\frame-0424.png'
00:18.938  render           | Time: 00:00.04 (Saving: 00:00.01)
00:18.938  render           | Rendering frame 425
00:18.938  render           | Start rendering: PNPLINE_MASTER_v002, ViewLayer
00:18.938  render           | Engine: Workbench
00:19.000  render           | Saved: 'F:\pnpline-landing\hero-section-video\blockout\blockout-master-v002\preview\frames\frame-0425.png'
00:19.000  render           | Time: 00:00.05 (Saving: 00:00.02)
00:19.000  render           | Rendering frame 426
00:19.000  render           | Start rendering: PNPLINE_MASTER_v002, ViewLayer
00:19.000  render           | Engine: Workbench
00:19.047  render           | Saved: 'F:\pnpline-landing\hero-section-video\blockout\blockout-master-v002\preview\frames\frame-0426.png'
00:19.047  render           | Time: 00:00.04 (Saving: 00:00.02)
00:19.047  render           | Rendering frame 427
00:19.047  render           | Start rendering: PNPLINE_MASTER_v002, ViewLayer
00:19.047  render           | Engine: Workbench
00:19.078  render           | Saved: 'F:\pnpline-landing\hero-section-video\blockout\blockout-master-v002\preview\frames\frame-0427.png'
00:19.078  render           | Time: 00:00.04 (Saving: 00:00.01)
00:19.078  render           | Rendering frame 428
00:19.078  render           | Start rendering: PNPLINE_MASTER_v002, ViewLayer
00:19.078  render           | Engine: Workbench
00:19.125  render           | Saved: 'F:\pnpline-landing\hero-section-video\blockout\blockout-master-v002\preview\frames\frame-0428.png'
00:19.125  render           | Time: 00:00.04 (Saving: 00:00.02)
00:19.125  render           | Rendering frame 429
00:19.125  render           | Start rendering: PNPLINE_MASTER_v002, ViewLayer
00:19.125  render           | Engine: Workbench
00:19.172  render           | Saved: 'F:\pnpline-landing\hero-section-video\blockout\blockout-master-v002\preview\frames\frame-0429.png'
00:19.172  render           | Time: 00:00.04 (Saving: 00:00.02)
00:19.172  render           | Rendering frame 430
00:19.172  render           | Start rendering: PNPLINE_MASTER_v002, ViewLayer
00:19.172  render           | Engine: Workbench
00:19.219  render           | Saved: 'F:\pnpline-landing\hero-section-video\blockout\blockout-master-v002\preview\frames\frame-0430.png'
00:19.219  render           | Time: 00:00.04 (Saving: 00:00.01)
00:19.219  render           | Rendering frame 431
00:19.219  render           | Start rendering: PNPLINE_MASTER_v002, ViewLayer
00:19.219  render           | Engine: Workbench
00:19.266  render           | Saved: 'F:\pnpline-landing\hero-section-video\blockout\blockout-master-v002\preview\frames\frame-0431.png'
00:19.266  render           | Time: 00:00.05 (Saving: 00:00.02)
00:19.266  render           | Rendering frame 432
00:19.266  render           | Start rendering: PNPLINE_MASTER_v002, ViewLayer
00:19.266  render           | Engine: Workbench
00:19.313  render           | Saved: 'F:\pnpline-landing\hero-section-video\blockout\blockout-master-v002\preview\frames\frame-0432.png'
00:19.313  render           | Time: 00:00.04 (Saving: 00:00.02)
00:19.313  render           | Rendering frame 433
00:19.313  render           | Start rendering: PNPLINE_MASTER_v002, ViewLayer
00:19.313  render           | Engine: Workbench
00:19.360  render           | Saved: 'F:\pnpline-landing\hero-section-video\blockout\blockout-master-v002\preview\frames\frame-0433.png'
00:19.360  render           | Time: 00:00.04 (Saving: 00:00.02)
00:19.360  render           | Rendering frame 434
00:19.360  render           | Start rendering: PNPLINE_MASTER_v002, ViewLayer
00:19.360  render           | Engine: Workbench
00:19.406  render           | Saved: 'F:\pnpline-landing\hero-section-video\blockout\blockout-master-v002\preview\frames\frame-0434.png'
00:19.406  render           | Time: 00:00.04 (Saving: 00:00.02)
00:19.406  render           | Rendering frame 435
00:19.406  render           | Start rendering: PNPLINE_MASTER_v002, ViewLayer
00:19.406  render           | Engine: Workbench
00:19.453  render           | Saved: 'F:\pnpline-landing\hero-section-video\blockout\blockout-master-v002\preview\frames\frame-0435.png'
00:19.453  render           | Time: 00:00.04 (Saving: 00:00.02)
00:19.453  render           | Rendering frame 436
00:19.453  render           | Start rendering: PNPLINE_MASTER_v002, ViewLayer
00:19.453  render           | Engine: Workbench
00:19.500  render           | Saved: 'F:\pnpline-landing\hero-section-video\blockout\blockout-master-v002\preview\frames\frame-0436.png'
00:19.500  render           | Time: 00:00.04 (Saving: 00:00.02)
00:19.500  render           | Rendering frame 437
00:19.500  render           | Start rendering: PNPLINE_MASTER_v002, ViewLayer
00:19.500  render           | Engine: Workbench
00:19.563  render           | Saved: 'F:\pnpline-landing\hero-section-video\blockout\blockout-master-v002\preview\frames\frame-0437.png'
00:19.563  render           | Time: 00:00.04 (Saving: 00:00.02)
00:19.563  render           | Rendering frame 438
00:19.563  render           | Start rendering: PNPLINE_MASTER_v002, ViewLayer
00:19.563  render           | Engine: Workbench
00:19.594  render           | Saved: 'F:\pnpline-landing\hero-section-video\blockout\blockout-master-v002\preview\frames\frame-0438.png'
00:19.594  render           | Time: 00:00.04 (Saving: 00:00.02)
00:19.594  render           | Rendering frame 439
00:19.594  render           | Start rendering: PNPLINE_MASTER_v002, ViewLayer
00:19.594  render           | Engine: Workbench
00:19.656  render           | Saved: 'F:\pnpline-landing\hero-section-video\blockout\blockout-master-v002\preview\frames\frame-0439.png'
00:19.656  render           | Time: 00:00.04 (Saving: 00:00.02)
00:19.656  render           | Rendering frame 440
00:19.656  render           | Start rendering: PNPLINE_MASTER_v002, ViewLayer
00:19.656  render           | Engine: Workbench
00:19.703  render           | Saved: 'F:\pnpline-landing\hero-section-video\blockout\blockout-master-v002\preview\frames\frame-0440.png'
00:19.703  render           | Time: 00:00.04 (Saving: 00:00.02)
00:19.703  render           | Rendering frame 441
00:19.703  render           | Start rendering: PNPLINE_MASTER_v002, ViewLayer
00:19.703  render           | Engine: Workbench
00:19.750  render           | Saved: 'F:\pnpline-landing\hero-section-video\blockout\blockout-master-v002\preview\frames\frame-0441.png'
00:19.750  render           | Time: 00:00.04 (Saving: 00:00.02)
00:19.750  render           | Rendering frame 442
00:19.750  render           | Start rendering: PNPLINE_MASTER_v002, ViewLayer
00:19.750  render           | Engine: Workbench
00:19.797  render           | Saved: 'F:\pnpline-landing\hero-section-video\blockout\blockout-master-v002\preview\frames\frame-0442.png'
00:19.797  render           | Time: 00:00.05 (Saving: 00:00.02)
00:19.797  render           | Rendering frame 443
00:19.797  render           | Start rendering: PNPLINE_MASTER_v002, ViewLayer
00:19.797  render           | Engine: Workbench
00:19.844  render           | Saved: 'F:\pnpline-landing\hero-section-video\blockout\blockout-master-v002\preview\frames\frame-0443.png'
00:19.844  render           | Time: 00:00.05 (Saving: 00:00.02)
00:19.844  render           | Rendering frame 444
00:19.844  render           | Start rendering: PNPLINE_MASTER_v002, ViewLayer
00:19.844  render           | Engine: Workbench
00:19.906  render           | Saved: 'F:\pnpline-landing\hero-section-video\blockout\blockout-master-v002\preview\frames\frame-0444.png'
00:19.906  render           | Time: 00:00.04 (Saving: 00:00.02)
00:19.906  render           | Rendering frame 445
00:19.906  render           | Start rendering: PNPLINE_MASTER_v002, ViewLayer
00:19.906  render           | Engine: Workbench
00:19.953  render           | Saved: 'F:\pnpline-landing\hero-section-video\blockout\blockout-master-v002\preview\frames\frame-0445.png'
00:19.953  render           | Time: 00:00.04 (Saving: 00:00.02)
00:19.953  render           | Rendering frame 446
00:19.953  render           | Start rendering: PNPLINE_MASTER_v002, ViewLayer
00:19.953  render           | Engine: Workbench
00:20.000  render           | Saved: 'F:\pnpline-landing\hero-section-video\blockout\blockout-master-v002\preview\frames\frame-0446.png'
00:20.000  render           | Time: 00:00.04 (Saving: 00:00.02)
00:20.000  render           | Rendering frame 447
00:20.000  render           | Start rendering: PNPLINE_MASTER_v002, ViewLayer
00:20.000  render           | Engine: Workbench
00:20.047  render           | Saved: 'F:\pnpline-landing\hero-section-video\blockout\blockout-master-v002\preview\frames\frame-0447.png'
00:20.047  render           | Time: 00:00.05 (Saving: 00:00.02)
00:20.047  render           | Rendering frame 448
00:20.047  render           | Start rendering: PNPLINE_MASTER_v002, ViewLayer
00:20.047  render           | Engine: Workbench
00:20.094  render           | Saved: 'F:\pnpline-landing\hero-section-video\blockout\blockout-master-v002\preview\frames\frame-0448.png'
00:20.094  render           | Time: 00:00.04 (Saving: 00:00.02)
00:20.094  render           | Rendering frame 449
00:20.094  render           | Start rendering: PNPLINE_MASTER_v002, ViewLayer
00:20.094  render           | Engine: Workbench
00:20.156  render           | Saved: 'F:\pnpline-landing\hero-section-video\blockout\blockout-master-v002\preview\frames\frame-0449.png'
00:20.156  render           | Time: 00:00.05 (Saving: 00:00.02)
00:20.156  render           | Rendering frame 450
00:20.156  render           | Start rendering: PNPLINE_MASTER_v002, ViewLayer
00:20.156  render           | Engine: Workbench
00:20.203  render           | Saved: 'F:\pnpline-landing\hero-section-video\blockout\blockout-master-v002\preview\frames\frame-0450.png'
00:20.203  render           | Time: 00:00.04 (Saving: 00:00.02)
00:20.203  render           | Rendering frame 451
00:20.203  render           | Start rendering: PNPLINE_MASTER_v002, ViewLayer
00:20.203  render           | Engine: Workbench
00:20.250  render           | Saved: 'F:\pnpline-landing\hero-section-video\blockout\blockout-master-v002\preview\frames\frame-0451.png'
00:20.250  render           | Time: 00:00.04 (Saving: 00:00.02)
00:20.250  render           | Rendering frame 452
00:20.250  render           | Start rendering: PNPLINE_MASTER_v002, ViewLayer
00:20.250  render           | Engine: Workbench
00:20.297  render           | Saved: 'F:\pnpline-landing\hero-section-video\blockout\blockout-master-v002\preview\frames\frame-0452.png'
00:20.297  render           | Time: 00:00.04 (Saving: 00:00.02)
00:20.297  render           | Rendering frame 453
00:20.297  render           | Start rendering: PNPLINE_MASTER_v002, ViewLayer
00:20.297  render           | Engine: Workbench
00:20.344  render           | Saved: 'F:\pnpline-landing\hero-section-video\blockout\blockout-master-v002\preview\frames\frame-0453.png'
00:20.344  render           | Time: 00:00.04 (Saving: 00:00.02)
00:20.344  render           | Rendering frame 454
00:20.344  render           | Start rendering: PNPLINE_MASTER_v002, ViewLayer
00:20.344  render           | Engine: Workbench
00:20.391  render           | Saved: 'F:\pnpline-landing\hero-section-video\blockout\blockout-master-v002\preview\frames\frame-0454.png'
00:20.391  render           | Time: 00:00.04 (Saving: 00:00.02)
00:20.391  render           | Rendering frame 455
00:20.391  render           | Start rendering: PNPLINE_MASTER_v002, ViewLayer
00:20.391  render           | Engine: Workbench
00:20.438  render           | Saved: 'F:\pnpline-landing\hero-section-video\blockout\blockout-master-v002\preview\frames\frame-0455.png'
00:20.438  render           | Time: 00:00.04 (Saving: 00:00.02)
00:20.438  render           | Rendering frame 456
00:20.438  render           | Start rendering: PNPLINE_MASTER_v002, ViewLayer
00:20.438  render           | Engine: Workbench
00:20.485  render           | Saved: 'F:\pnpline-landing\hero-section-video\blockout\blockout-master-v002\preview\frames\frame-0456.png'
00:20.485  render           | Time: 00:00.04 (Saving: 00:00.02)
00:20.485  render           | Rendering frame 457
00:20.485  render           | Start rendering: PNPLINE_MASTER_v002, ViewLayer
00:20.485  render           | Engine: Workbench
00:20.531  render           | Saved: 'F:\pnpline-landing\hero-section-video\blockout\blockout-master-v002\preview\frames\frame-0457.png'
00:20.531  render           | Time: 00:00.05 (Saving: 00:00.02)
00:20.531  render           | Rendering frame 458
00:20.531  render           | Start rendering: PNPLINE_MASTER_v002, ViewLayer
00:20.531  render           | Engine: Workbench
00:20.578  render           | Saved: 'F:\pnpline-landing\hero-section-video\blockout\blockout-master-v002\preview\frames\frame-0458.png'
00:20.578  render           | Time: 00:00.04 (Saving: 00:00.02)
00:20.578  render           | Rendering frame 459
00:20.578  render           | Start rendering: PNPLINE_MASTER_v002, ViewLayer
00:20.578  render           | Engine: Workbench
00:20.641  render           | Saved: 'F:\pnpline-landing\hero-section-video\blockout\blockout-master-v002\preview\frames\frame-0459.png'
00:20.641  render           | Time: 00:00.04 (Saving: 00:00.02)
00:20.641  render           | Rendering frame 460
00:20.641  render           | Start rendering: PNPLINE_MASTER_v002, ViewLayer
00:20.641  render           | Engine: Workbench
00:20.688  render           | Saved: 'F:\pnpline-landing\hero-section-video\blockout\blockout-master-v002\preview\frames\frame-0460.png'
00:20.688  render           | Time: 00:00.04 (Saving: 00:00.02)
00:20.688  render           | Rendering frame 461
00:20.688  render           | Start rendering: PNPLINE_MASTER_v002, ViewLayer
00:20.688  render           | Engine: Workbench
00:20.735  render           | Saved: 'F:\pnpline-landing\hero-section-video\blockout\blockout-master-v002\preview\frames\frame-0461.png'
00:20.735  render           | Time: 00:00.04 (Saving: 00:00.02)
00:20.735  render           | Rendering frame 462
00:20.735  render           | Start rendering: PNPLINE_MASTER_v002, ViewLayer
00:20.735  render           | Engine: Workbench
00:20.781  render           | Saved: 'F:\pnpline-landing\hero-section-video\blockout\blockout-master-v002\preview\frames\frame-0462.png'
00:20.781  render           | Time: 00:00.05 (Saving: 00:00.02)
00:20.781  render           | Rendering frame 463
00:20.781  render           | Start rendering: PNPLINE_MASTER_v002, ViewLayer
00:20.781  render           | Engine: Workbench
00:20.828  render           | Saved: 'F:\pnpline-landing\hero-section-video\blockout\blockout-master-v002\preview\frames\frame-0463.png'
00:20.828  render           | Time: 00:00.05 (Saving: 00:00.02)
00:20.828  render           | Rendering frame 464
00:20.828  render           | Start rendering: PNPLINE_MASTER_v002, ViewLayer
00:20.828  render           | Engine: Workbench
00:20.875  render           | Saved: 'F:\pnpline-landing\hero-section-video\blockout\blockout-master-v002\preview\frames\frame-0464.png'
00:20.875  render           | Time: 00:00.04 (Saving: 00:00.01)
00:20.875  render           | Rendering frame 465
00:20.875  render           | Start rendering: PNPLINE_MASTER_v002, ViewLayer
00:20.875  render           | Engine: Workbench
00:20.922  render           | Saved: 'F:\pnpline-landing\hero-section-video\blockout\blockout-master-v002\preview\frames\frame-0465.png'
00:20.922  render           | Time: 00:00.04 (Saving: 00:00.01)
00:20.922  render           | Rendering frame 466
00:20.922  render           | Start rendering: PNPLINE_MASTER_v002, ViewLayer
00:20.922  render           | Engine: Workbench
00:20.953  render           | Saved: 'F:\pnpline-landing\hero-section-video\blockout\blockout-master-v002\preview\frames\frame-0466.png'
00:20.953  render           | Time: 00:00.04 (Saving: 00:00.01)
00:20.953  render           | Rendering frame 467
00:20.953  render           | Start rendering: PNPLINE_MASTER_v002, ViewLayer
00:20.953  render           | Engine: Workbench
00:21.000  render           | Saved: 'F:\pnpline-landing\hero-section-video\blockout\blockout-master-v002\preview\frames\frame-0467.png'
00:21.000  render           | Time: 00:00.04 (Saving: 00:00.01)
00:21.000  render           | Rendering frame 468
00:21.000  render           | Start rendering: PNPLINE_MASTER_v002, ViewLayer
00:21.000  render           | Engine: Workbench
00:21.047  render           | Saved: 'F:\pnpline-landing\hero-section-video\blockout\blockout-master-v002\preview\frames\frame-0468.png'
00:21.047  render           | Time: 00:00.04 (Saving: 00:00.01)
00:21.047  render           | Rendering frame 469
00:21.047  render           | Start rendering: PNPLINE_MASTER_v002, ViewLayer
00:21.047  render           | Engine: Workbench
00:21.078  render           | Saved: 'F:\pnpline-landing\hero-section-video\blockout\blockout-master-v002\preview\frames\frame-0469.png'
00:21.078  render           | Time: 00:00.03 (Saving: 00:00.01)
00:21.078  render           | Rendering frame 470
00:21.078  render           | Start rendering: PNPLINE_MASTER_v002, ViewLayer
00:21.078  render           | Engine: Workbench
00:21.125  render           | Saved: 'F:\pnpline-landing\hero-section-video\blockout\blockout-master-v002\preview\frames\frame-0470.png'
00:21.125  render           | Time: 00:00.04 (Saving: 00:00.02)
00:21.125  render           | Rendering frame 471
00:21.125  render           | Start rendering: PNPLINE_MASTER_v002, ViewLayer
00:21.125  render           | Engine: Workbench
00:21.156  render           | Saved: 'F:\pnpline-landing\hero-section-video\blockout\blockout-master-v002\preview\frames\frame-0471.png'
00:21.156  render           | Time: 00:00.04 (Saving: 00:00.02)
00:21.156  render           | Rendering frame 472
00:21.156  render           | Start rendering: PNPLINE_MASTER_v002, ViewLayer
00:21.156  render           | Engine: Workbench
00:21.203  render           | Saved: 'F:\pnpline-landing\hero-section-video\blockout\blockout-master-v002\preview\frames\frame-0472.png'
00:21.203  render           | Time: 00:00.04 (Saving: 00:00.01)
00:21.203  render           | Rendering frame 473
00:21.203  render           | Start rendering: PNPLINE_MASTER_v002, ViewLayer
00:21.203  render           | Engine: Workbench
00:21.250  render           | Saved: 'F:\pnpline-landing\hero-section-video\blockout\blockout-master-v002\preview\frames\frame-0473.png'
00:21.250  render           | Time: 00:00.04 (Saving: 00:00.01)
00:21.250  render           | Rendering frame 474
00:21.250  render           | Start rendering: PNPLINE_MASTER_v002, ViewLayer
00:21.250  render           | Engine: Workbench
00:21.297  render           | Saved: 'F:\pnpline-landing\hero-section-video\blockout\blockout-master-v002\preview\frames\frame-0474.png'
00:21.297  render           | Time: 00:00.04 (Saving: 00:00.02)
00:21.297  render           | Rendering frame 475
00:21.297  render           | Start rendering: PNPLINE_MASTER_v002, ViewLayer
00:21.297  render           | Engine: Workbench
00:21.344  render           | Saved: 'F:\pnpline-landing\hero-section-video\blockout\blockout-master-v002\preview\frames\frame-0475.png'
00:21.344  render           | Time: 00:00.04 (Saving: 00:00.02)
00:21.344  render           | Rendering frame 476
00:21.344  render           | Start rendering: PNPLINE_MASTER_v002, ViewLayer
00:21.344  render           | Engine: Workbench
00:21.375  render           | Saved: 'F:\pnpline-landing\hero-section-video\blockout\blockout-master-v002\preview\frames\frame-0476.png'
00:21.375  render           | Time: 00:00.04 (Saving: 00:00.02)
00:21.375  render           | Rendering frame 477
00:21.375  render           | Start rendering: PNPLINE_MASTER_v002, ViewLayer
00:21.375  render           | Engine: Workbench
00:21.422  render           | Saved: 'F:\pnpline-landing\hero-section-video\blockout\blockout-master-v002\preview\frames\frame-0477.png'
00:21.422  render           | Time: 00:00.04 (Saving: 00:00.02)
00:21.422  render           | Rendering frame 478
00:21.422  render           | Start rendering: PNPLINE_MASTER_v002, ViewLayer
00:21.422  render           | Engine: Workbench
00:21.469  render           | Saved: 'F:\pnpline-landing\hero-section-video\blockout\blockout-master-v002\preview\frames\frame-0478.png'
00:21.469  render           | Time: 00:00.04 (Saving: 00:00.02)
00:21.469  render           | Rendering frame 479
00:21.469  render           | Start rendering: PNPLINE_MASTER_v002, ViewLayer
00:21.469  render           | Engine: Workbench
00:21.500  render           | Saved: 'F:\pnpline-landing\hero-section-video\blockout\blockout-master-v002\preview\frames\frame-0479.png'
00:21.500  render           | Time: 00:00.04 (Saving: 00:00.02)
00:21.500  render           | Rendering frame 480
00:21.500  render           | Start rendering: PNPLINE_MASTER_v002, ViewLayer
00:21.500  render           | Engine: Workbench
00:21.547  render           | Saved: 'F:\pnpline-landing\hero-section-video\blockout\blockout-master-v002\preview\frames\frame-0480.png'
00:21.547  render           | Time: 00:00.04 (Saving: 00:00.02)
00:21.547  render           | Rendering frame 481
00:21.547  render           | Start rendering: PNPLINE_MASTER_v002, ViewLayer
00:21.547  render           | Engine: Workbench
00:21.594  render           | Saved: 'F:\pnpline-landing\hero-section-video\blockout\blockout-master-v002\preview\frames\frame-0481.png'
00:21.594  render           | Time: 00:00.04 (Saving: 00:00.02)
00:21.594  render           | Rendering frame 482
00:21.594  render           | Start rendering: PNPLINE_MASTER_v002, ViewLayer
00:21.594  render           | Engine: Workbench
00:21.625  render           | Saved: 'F:\pnpline-landing\hero-section-video\blockout\blockout-master-v002\preview\frames\frame-0482.png'
00:21.625  render           | Time: 00:00.04 (Saving: 00:00.02)
00:21.625  render           | Rendering frame 483
00:21.625  render           | Start rendering: PNPLINE_MASTER_v002, ViewLayer
00:21.625  render           | Engine: Workbench
00:21.672  render           | Saved: 'F:\pnpline-landing\hero-section-video\blockout\blockout-master-v002\preview\frames\frame-0483.png'
00:21.672  render           | Time: 00:00.04 (Saving: 00:00.02)
00:21.672  render           | Rendering frame 484
00:21.672  render           | Start rendering: PNPLINE_MASTER_v002, ViewLayer
00:21.672  render           | Engine: Workbench
00:21.719  render           | Saved: 'F:\pnpline-landing\hero-section-video\blockout\blockout-master-v002\preview\frames\frame-0484.png'
00:21.719  render           | Time: 00:00.04 (Saving: 00:00.02)
00:21.719  render           | Rendering frame 485
00:21.719  render           | Start rendering: PNPLINE_MASTER_v002, ViewLayer
00:21.719  render           | Engine: Workbench
00:21.750  render           | Saved: 'F:\pnpline-landing\hero-section-video\blockout\blockout-master-v002\preview\frames\frame-0485.png'
00:21.750  render           | Time: 00:00.04 (Saving: 00:00.02)
00:21.750  render           | Rendering frame 486
00:21.750  render           | Start rendering: PNPLINE_MASTER_v002, ViewLayer
00:21.750  render           | Engine: Workbench
00:21.797  render           | Saved: 'F:\pnpline-landing\hero-section-video\blockout\blockout-master-v002\preview\frames\frame-0486.png'
00:21.797  render           | Time: 00:00.04 (Saving: 00:00.02)
00:21.797  render           | Rendering frame 487
00:21.797  render           | Start rendering: PNPLINE_MASTER_v002, ViewLayer
00:21.797  render           | Engine: Workbench
00:21.844  render           | Saved: 'F:\pnpline-landing\hero-section-video\blockout\blockout-master-v002\preview\frames\frame-0487.png'
00:21.844  render           | Time: 00:00.04 (Saving: 00:00.02)
00:21.844  render           | Rendering frame 488
00:21.844  render           | Start rendering: PNPLINE_MASTER_v002, ViewLayer
00:21.844  render           | Engine: Workbench
00:21.875  render           | Saved: 'F:\pnpline-landing\hero-section-video\blockout\blockout-master-v002\preview\frames\frame-0488.png'
00:21.875  render           | Time: 00:00.04 (Saving: 00:00.02)
00:21.875  render           | Rendering frame 489
00:21.875  render           | Start rendering: PNPLINE_MASTER_v002, ViewLayer
00:21.875  render           | Engine: Workbench
00:21.922  render           | Saved: 'F:\pnpline-landing\hero-section-video\blockout\blockout-master-v002\preview\frames\frame-0489.png'
00:21.922  render           | Time: 00:00.04 (Saving: 00:00.02)
00:21.922  render           | Rendering frame 490
00:21.922  render           | Start rendering: PNPLINE_MASTER_v002, ViewLayer
00:21.922  render           | Engine: Workbench
00:21.969  render           | Saved: 'F:\pnpline-landing\hero-section-video\blockout\blockout-master-v002\preview\frames\frame-0490.png'
00:21.969  render           | Time: 00:00.04 (Saving: 00:00.02)
00:21.969  render           | Rendering frame 491
00:21.969  render           | Start rendering: PNPLINE_MASTER_v002, ViewLayer
00:21.969  render           | Engine: Workbench
00:22.016  render           | Saved: 'F:\pnpline-landing\hero-section-video\blockout\blockout-master-v002\preview\frames\frame-0491.png'
00:22.016  render           | Time: 00:00.05 (Saving: 00:00.02)
00:22.016  render           | Rendering frame 492
00:22.016  render           | Start rendering: PNPLINE_MASTER_v002, ViewLayer
00:22.016  render           | Engine: Workbench
00:22.063  render           | Saved: 'F:\pnpline-landing\hero-section-video\blockout\blockout-master-v002\preview\frames\frame-0492.png'
00:22.063  render           | Time: 00:00.04 (Saving: 00:00.02)
00:22.063  render           | Rendering frame 493
00:22.063  render           | Start rendering: PNPLINE_MASTER_v002, ViewLayer
00:22.063  render           | Engine: Workbench
00:22.094  render           | Saved: 'F:\pnpline-landing\hero-section-video\blockout\blockout-master-v002\preview\frames\frame-0493.png'
00:22.094  render           | Time: 00:00.03 (Saving: 00:00.01)
00:22.094  render           | Rendering frame 494
00:22.094  render           | Start rendering: PNPLINE_MASTER_v002, ViewLayer
00:22.094  render           | Engine: Workbench
00:22.141  render           | Saved: 'F:\pnpline-landing\hero-section-video\blockout\blockout-master-v002\preview\frames\frame-0494.png'
00:22.141  render           | Time: 00:00.04 (Saving: 00:00.02)
00:22.141  render           | Rendering frame 495
00:22.141  render           | Start rendering: PNPLINE_MASTER_v002, ViewLayer
00:22.141  render           | Engine: Workbench
00:22.188  render           | Saved: 'F:\pnpline-landing\hero-section-video\blockout\blockout-master-v002\preview\frames\frame-0495.png'
00:22.188  render           | Time: 00:00.04 (Saving: 00:00.02)
00:22.188  render           | Rendering frame 496
00:22.188  render           | Start rendering: PNPLINE_MASTER_v002, ViewLayer
00:22.188  render           | Engine: Workbench
00:22.219  render           | Saved: 'F:\pnpline-landing\hero-section-video\blockout\blockout-master-v002\preview\frames\frame-0496.png'
00:22.219  render           | Time: 00:00.04 (Saving: 00:00.02)
00:22.219  render           | Rendering frame 497
00:22.219  render           | Start rendering: PNPLINE_MASTER_v002, ViewLayer
00:22.219  render           | Engine: Workbench
00:22.266  render           | Saved: 'F:\pnpline-landing\hero-section-video\blockout\blockout-master-v002\preview\frames\frame-0497.png'
00:22.266  render           | Time: 00:00.04 (Saving: 00:00.02)
00:22.266  render           | Rendering frame 498
00:22.266  render           | Start rendering: PNPLINE_MASTER_v002, ViewLayer
00:22.266  render           | Engine: Workbench
00:22.313  render           | Saved: 'F:\pnpline-landing\hero-section-video\blockout\blockout-master-v002\preview\frames\frame-0498.png'
00:22.313  render           | Time: 00:00.04 (Saving: 00:00.02)
00:22.313  render           | Rendering frame 499
00:22.313  render           | Start rendering: PNPLINE_MASTER_v002, ViewLayer
00:22.313  render           | Engine: Workbench
00:22.360  render           | Saved: 'F:\pnpline-landing\hero-section-video\blockout\blockout-master-v002\preview\frames\frame-0499.png'
00:22.360  render           | Time: 00:00.04 (Saving: 00:00.02)
00:22.360  render           | Rendering frame 500
00:22.360  render           | Start rendering: PNPLINE_MASTER_v002, ViewLayer
00:22.360  render           | Engine: Workbench
00:22.391  render           | Saved: 'F:\pnpline-landing\hero-section-video\blockout\blockout-master-v002\preview\frames\frame-0500.png'
00:22.391  render           | Time: 00:00.04 (Saving: 00:00.02)
00:22.391  render           | Rendering frame 501
00:22.391  render           | Start rendering: PNPLINE_MASTER_v002, ViewLayer
00:22.391  render           | Engine: Workbench
00:22.438  render           | Saved: 'F:\pnpline-landing\hero-section-video\blockout\blockout-master-v002\preview\frames\frame-0501.png'
00:22.438  render           | Time: 00:00.04 (Saving: 00:00.02)
00:22.438  render           | Rendering frame 502
00:22.438  render           | Start rendering: PNPLINE_MASTER_v002, ViewLayer
00:22.438  render           | Engine: Workbench
00:22.469  render           | Saved: 'F:\pnpline-landing\hero-section-video\blockout\blockout-master-v002\preview\frames\frame-0502.png'
00:22.469  render           | Time: 00:00.03 (Saving: 00:00.01)
00:22.469  render           | Rendering frame 503
00:22.469  render           | Start rendering: PNPLINE_MASTER_v002, ViewLayer
00:22.469  render           | Engine: Workbench
00:22.516  render           | Saved: 'F:\pnpline-landing\hero-section-video\blockout\blockout-master-v002\preview\frames\frame-0503.png'
00:22.516  render           | Time: 00:00.04 (Saving: 00:00.02)
00:22.516  render           | Rendering frame 504
00:22.516  render           | Start rendering: PNPLINE_MASTER_v002, ViewLayer
00:22.516  render           | Engine: Workbench
00:22.563  render           | Saved: 'F:\pnpline-landing\hero-section-video\blockout\blockout-master-v002\preview\frames\frame-0504.png'
00:22.563  render           | Time: 00:00.04 (Saving: 00:00.01)
00:22.563  render           | Rendering frame 505
00:22.563  render           | Start rendering: PNPLINE_MASTER_v002, ViewLayer
00:22.563  render           | Engine: Workbench
00:22.594  render           | Saved: 'F:\pnpline-landing\hero-section-video\blockout\blockout-master-v002\preview\frames\frame-0505.png'
00:22.594  render           | Time: 00:00.04 (Saving: 00:00.02)
00:22.594  render           | Rendering frame 506
00:22.594  render           | Start rendering: PNPLINE_MASTER_v002, ViewLayer
00:22.594  render           | Engine: Workbench
00:22.641  render           | Saved: 'F:\pnpline-landing\hero-section-video\blockout\blockout-master-v002\preview\frames\frame-0506.png'
00:22.641  render           | Time: 00:00.04 (Saving: 00:00.02)
00:22.641  render           | Rendering frame 507
00:22.641  render           | Start rendering: PNPLINE_MASTER_v002, ViewLayer
00:22.641  render           | Engine: Workbench
00:22.688  render           | Saved: 'F:\pnpline-landing\hero-section-video\blockout\blockout-master-v002\preview\frames\frame-0507.png'
00:22.688  render           | Time: 00:00.04 (Saving: 00:00.02)
00:22.688  render           | Rendering frame 508
00:22.688  render           | Start rendering: PNPLINE_MASTER_v002, ViewLayer
00:22.688  render           | Engine: Workbench
00:22.719  render           | Saved: 'F:\pnpline-landing\hero-section-video\blockout\blockout-master-v002\preview\frames\frame-0508.png'
00:22.719  render           | Time: 00:00.04 (Saving: 00:00.02)
00:22.719  render           | Rendering frame 509
00:22.719  render           | Start rendering: PNPLINE_MASTER_v002, ViewLayer
00:22.719  render           | Engine: Workbench
00:22.766  render           | Saved: 'F:\pnpline-landing\hero-section-video\blockout\blockout-master-v002\preview\frames\frame-0509.png'
00:22.766  render           | Time: 00:00.04 (Saving: 00:00.01)
00:22.766  render           | Rendering frame 510
00:22.766  render           | Start rendering: PNPLINE_MASTER_v002, ViewLayer
00:22.766  render           | Engine: Workbench
00:22.813  render           | Saved: 'F:\pnpline-landing\hero-section-video\blockout\blockout-master-v002\preview\frames\frame-0510.png'
00:22.813  render           | Time: 00:00.04 (Saving: 00:00.01)
00:22.813  render           | Rendering frame 511
00:22.813  render           | Start rendering: PNPLINE_MASTER_v002, ViewLayer
00:22.813  render           | Engine: Workbench
00:22.844  render           | Saved: 'F:\pnpline-landing\hero-section-video\blockout\blockout-master-v002\preview\frames\frame-0511.png'
00:22.844  render           | Time: 00:00.04 (Saving: 00:00.02)
00:22.844  render           | Rendering frame 512
00:22.844  render           | Start rendering: PNPLINE_MASTER_v002, ViewLayer
00:22.844  render           | Engine: Workbench
00:22.891  render           | Saved: 'F:\pnpline-landing\hero-section-video\blockout\blockout-master-v002\preview\frames\frame-0512.png'
00:22.891  render           | Time: 00:00.04 (Saving: 00:00.02)
00:22.891  render           | Rendering frame 513
00:22.891  render           | Start rendering: PNPLINE_MASTER_v002, ViewLayer
00:22.891  render           | Engine: Workbench
00:22.938  render           | Saved: 'F:\pnpline-landing\hero-section-video\blockout\blockout-master-v002\preview\frames\frame-0513.png'
00:22.938  render           | Time: 00:00.04 (Saving: 00:00.01)
00:22.938  render           | Rendering frame 514
00:22.938  render           | Start rendering: PNPLINE_MASTER_v002, ViewLayer
00:22.938  render           | Engine: Workbench
00:22.969  render           | Saved: 'F:\pnpline-landing\hero-section-video\blockout\blockout-master-v002\preview\frames\frame-0514.png'
00:22.969  render           | Time: 00:00.03 (Saving: 00:00.01)
00:22.969  render           | Rendering frame 515
00:22.969  render           | Start rendering: PNPLINE_MASTER_v002, ViewLayer
00:22.969  render           | Engine: Workbench
00:23.016  render           | Saved: 'F:\pnpline-landing\hero-section-video\blockout\blockout-master-v002\preview\frames\frame-0515.png'
00:23.016  render           | Time: 00:00.04 (Saving: 00:00.02)
00:23.016  render           | Rendering frame 516
00:23.016  render           | Start rendering: PNPLINE_MASTER_v002, ViewLayer
00:23.016  render           | Engine: Workbench
00:23.047  render           | Saved: 'F:\pnpline-landing\hero-section-video\blockout\blockout-master-v002\preview\frames\frame-0516.png'
00:23.047  render           | Time: 00:00.04 (Saving: 00:00.02)
00:23.047  render           | Rendering frame 517
00:23.047  render           | Start rendering: PNPLINE_MASTER_v002, ViewLayer
00:23.047  render           | Engine: Workbench
00:23.094  render           | Saved: 'F:\pnpline-landing\hero-section-video\blockout\blockout-master-v002\preview\frames\frame-0517.png'
00:23.094  render           | Time: 00:00.04 (Saving: 00:00.02)
00:23.094  render           | Rendering frame 518
00:23.094  render           | Start rendering: PNPLINE_MASTER_v002, ViewLayer
00:23.094  render           | Engine: Workbench
00:23.125  render           | Saved: 'F:\pnpline-landing\hero-section-video\blockout\blockout-master-v002\preview\frames\frame-0518.png'
00:23.125  render           | Time: 00:00.03 (Saving: 00:00.01)
00:23.125  render           | Rendering frame 519
00:23.125  render           | Start rendering: PNPLINE_MASTER_v002, ViewLayer
00:23.125  render           | Engine: Workbench
00:23.172  render           | Saved: 'F:\pnpline-landing\hero-section-video\blockout\blockout-master-v002\preview\frames\frame-0519.png'
00:23.172  render           | Time: 00:00.04 (Saving: 00:00.02)
00:23.172  render           | Rendering frame 520
00:23.172  render           | Start rendering: PNPLINE_MASTER_v002, ViewLayer
00:23.172  render           | Engine: Workbench
00:23.219  render           | Saved: 'F:\pnpline-landing\hero-section-video\blockout\blockout-master-v002\preview\frames\frame-0520.png'
00:23.219  render           | Time: 00:00.03 (Saving: 00:00.01)
00:23.219  render           | Rendering frame 521
00:23.219  render           | Start rendering: PNPLINE_MASTER_v002, ViewLayer
00:23.219  render           | Engine: Workbench
00:23.250  render           | Saved: 'F:\pnpline-landing\hero-section-video\blockout\blockout-master-v002\preview\frames\frame-0521.png'
00:23.250  render           | Time: 00:00.03 (Saving: 00:00.01)
00:23.250  render           | Rendering frame 522
00:23.250  render           | Start rendering: PNPLINE_MASTER_v002, ViewLayer
00:23.250  render           | Engine: Workbench
00:23.297  render           | Saved: 'F:\pnpline-landing\hero-section-video\blockout\blockout-master-v002\preview\frames\frame-0522.png'
00:23.297  render           | Time: 00:00.04 (Saving: 00:00.01)
00:23.297  render           | Rendering frame 523
00:23.297  render           | Start rendering: PNPLINE_MASTER_v002, ViewLayer
00:23.297  render           | Engine: Workbench
00:23.328  render           | Saved: 'F:\pnpline-landing\hero-section-video\blockout\blockout-master-v002\preview\frames\frame-0523.png'
00:23.328  render           | Time: 00:00.04 (Saving: 00:00.02)
00:23.328  render           | Rendering frame 524
00:23.328  render           | Start rendering: PNPLINE_MASTER_v002, ViewLayer
00:23.328  render           | Engine: Workbench
00:23.375  render           | Saved: 'F:\pnpline-landing\hero-section-video\blockout\blockout-master-v002\preview\frames\frame-0524.png'
00:23.375  render           | Time: 00:00.04 (Saving: 00:00.01)
00:23.375  render           | Rendering frame 525
00:23.375  render           | Start rendering: PNPLINE_MASTER_v002, ViewLayer
00:23.375  render           | Engine: Workbench
00:23.406  render           | Saved: 'F:\pnpline-landing\hero-section-video\blockout\blockout-master-v002\preview\frames\frame-0525.png'
00:23.406  render           | Time: 00:00.03 (Saving: 00:00.01)
00:23.406  render           | Rendering frame 526
00:23.406  render           | Start rendering: PNPLINE_MASTER_v002, ViewLayer
00:23.406  render           | Engine: Workbench
00:23.453  render           | Saved: 'F:\pnpline-landing\hero-section-video\blockout\blockout-master-v002\preview\frames\frame-0526.png'
00:23.453  render           | Time: 00:00.03 (Saving: 00:00.01)
00:23.453  render           | Rendering frame 527
00:23.453  render           | Start rendering: PNPLINE_MASTER_v002, ViewLayer
00:23.453  render           | Engine: Workbench
00:23.500  render           | Saved: 'F:\pnpline-landing\hero-section-video\blockout\blockout-master-v002\preview\frames\frame-0527.png'
00:23.500  render           | Time: 00:00.04 (Saving: 00:00.01)
00:23.500  render           | Rendering frame 528
00:23.500  render           | Start rendering: PNPLINE_MASTER_v002, ViewLayer
00:23.500  render           | Engine: Workbench
00:23.531  render           | Saved: 'F:\pnpline-landing\hero-section-video\blockout\blockout-master-v002\preview\frames\frame-0528.png'
00:23.531  render           | Time: 00:00.04 (Saving: 00:00.02)
00:23.531  render           | Rendering frame 529
00:23.531  render           | Start rendering: PNPLINE_MASTER_v002, ViewLayer
00:23.531  render           | Engine: Workbench
00:23.578  render           | Saved: 'F:\pnpline-landing\hero-section-video\blockout\blockout-master-v002\preview\frames\frame-0529.png'
00:23.578  render           | Time: 00:00.03 (Saving: 00:00.01)
00:23.578  render           | Rendering frame 530
00:23.578  render           | Start rendering: PNPLINE_MASTER_v002, ViewLayer
00:23.578  render           | Engine: Workbench
00:23.625  render           | Saved: 'F:\pnpline-landing\hero-section-video\blockout\blockout-master-v002\preview\frames\frame-0530.png'
00:23.625  render           | Time: 00:00.04 (Saving: 00:00.02)
00:23.625  render           | Rendering frame 531
00:23.625  render           | Start rendering: PNPLINE_MASTER_v002, ViewLayer
00:23.625  render           | Engine: Workbench
00:23.656  render           | Saved: 'F:\pnpline-landing\hero-section-video\blockout\blockout-master-v002\preview\frames\frame-0531.png'
00:23.656  render           | Time: 00:00.04 (Saving: 00:00.02)
00:23.656  render           | Rendering frame 532
00:23.656  render           | Start rendering: PNPLINE_MASTER_v002, ViewLayer
00:23.656  render           | Engine: Workbench
00:23.719  render           | Saved: 'F:\pnpline-landing\hero-section-video\blockout\blockout-master-v002\preview\frames\frame-0532.png'
00:23.719  render           | Time: 00:00.04 (Saving: 00:00.02)
00:23.719  render           | Rendering frame 533
00:23.719  render           | Start rendering: PNPLINE_MASTER_v002, ViewLayer
00:23.719  render           | Engine: Workbench
00:23.766  render           | Saved: 'F:\pnpline-landing\hero-section-video\blockout\blockout-master-v002\preview\frames\frame-0533.png'
00:23.766  render           | Time: 00:00.04 (Saving: 00:00.02)
00:23.766  render           | Rendering frame 534
00:23.766  render           | Start rendering: PNPLINE_MASTER_v002, ViewLayer
00:23.766  render           | Engine: Workbench
00:23.813  render           | Saved: 'F:\pnpline-landing\hero-section-video\blockout\blockout-master-v002\preview\frames\frame-0534.png'
00:23.813  render           | Time: 00:00.05 (Saving: 00:00.02)
00:23.813  render           | Rendering frame 535
00:23.813  render           | Start rendering: PNPLINE_MASTER_v002, ViewLayer
00:23.813  render           | Engine: Workbench
00:23.860  render           | Saved: 'F:\pnpline-landing\hero-section-video\blockout\blockout-master-v002\preview\frames\frame-0535.png'
00:23.860  render           | Time: 00:00.04 (Saving: 00:00.02)
00:23.860  render           | Rendering frame 536
00:23.860  render           | Start rendering: PNPLINE_MASTER_v002, ViewLayer
00:23.860  render           | Engine: Workbench
00:23.906  render           | Saved: 'F:\pnpline-landing\hero-section-video\blockout\blockout-master-v002\preview\frames\frame-0536.png'
00:23.906  render           | Time: 00:00.04 (Saving: 00:00.02)
00:23.906  render           | Rendering frame 537
00:23.906  render           | Start rendering: PNPLINE_MASTER_v002, ViewLayer
00:23.906  render           | Engine: Workbench
00:23.953  render           | Saved: 'F:\pnpline-landing\hero-section-video\blockout\blockout-master-v002\preview\frames\frame-0537.png'
00:23.953  render           | Time: 00:00.04 (Saving: 00:00.02)
00:23.953  render           | Rendering frame 538
00:23.953  render           | Start rendering: PNPLINE_MASTER_v002, ViewLayer
00:23.953  render           | Engine: Workbench
00:24.000  render           | Saved: 'F:\pnpline-landing\hero-section-video\blockout\blockout-master-v002\preview\frames\frame-0538.png'
00:24.000  render           | Time: 00:00.04 (Saving: 00:00.02)
00:24.000  render           | Rendering frame 539
00:24.000  render           | Start rendering: PNPLINE_MASTER_v002, ViewLayer
00:24.000  render           | Engine: Workbench
00:24.047  render           | Saved: 'F:\pnpline-landing\hero-section-video\blockout\blockout-master-v002\preview\frames\frame-0539.png'
00:24.047  render           | Time: 00:00.04 (Saving: 00:00.02)
00:24.047  render           | Rendering frame 540
00:24.047  render           | Start rendering: PNPLINE_MASTER_v002, ViewLayer
00:24.047  render           | Engine: Workbench
00:24.094  render           | Saved: 'F:\pnpline-landing\hero-section-video\blockout\blockout-master-v002\preview\frames\frame-0540.png'
00:24.094  render           | Time: 00:00.04 (Saving: 00:00.02)
00:24.094  render           | Rendering frame 541
00:24.094  render           | Start rendering: PNPLINE_MASTER_v002, ViewLayer
00:24.094  render           | Engine: Workbench
00:24.141  render           | Saved: 'F:\pnpline-landing\hero-section-video\blockout\blockout-master-v002\preview\frames\frame-0541.png'
00:24.141  render           | Time: 00:00.04 (Saving: 00:00.02)
00:24.141  render           | Rendering frame 542
00:24.141  render           | Start rendering: PNPLINE_MASTER_v002, ViewLayer
00:24.141  render           | Engine: Workbench
00:24.188  render           | Saved: 'F:\pnpline-landing\hero-section-video\blockout\blockout-master-v002\preview\frames\frame-0542.png'
00:24.188  render           | Time: 00:00.04 (Saving: 00:00.02)
00:24.188  render           | Rendering frame 543
00:24.188  render           | Start rendering: PNPLINE_MASTER_v002, ViewLayer
00:24.188  render           | Engine: Workbench
00:24.235  render           | Saved: 'F:\pnpline-landing\hero-section-video\blockout\blockout-master-v002\preview\frames\frame-0543.png'
00:24.235  render           | Time: 00:00.04 (Saving: 00:00.02)
00:24.235  render           | Rendering frame 544
00:24.235  render           | Start rendering: PNPLINE_MASTER_v002, ViewLayer
00:24.235  render           | Engine: Workbench
00:24.281  render           | Saved: 'F:\pnpline-landing\hero-section-video\blockout\blockout-master-v002\preview\frames\frame-0544.png'
00:24.281  render           | Time: 00:00.04 (Saving: 00:00.02)
00:24.281  render           | Rendering frame 545
00:24.281  render           | Start rendering: PNPLINE_MASTER_v002, ViewLayer
00:24.281  render           | Engine: Workbench
00:24.313  render           | Saved: 'F:\pnpline-landing\hero-section-video\blockout\blockout-master-v002\preview\frames\frame-0545.png'
00:24.313  render           | Time: 00:00.04 (Saving: 00:00.02)
00:24.313  render           | Rendering frame 546
00:24.313  render           | Start rendering: PNPLINE_MASTER_v002, ViewLayer
00:24.313  render           | Engine: Workbench
00:24.360  render           | Saved: 'F:\pnpline-landing\hero-section-video\blockout\blockout-master-v002\preview\frames\frame-0546.png'
00:24.360  render           | Time: 00:00.04 (Saving: 00:00.02)
00:24.360  render           | Rendering frame 547
00:24.360  render           | Start rendering: PNPLINE_MASTER_v002, ViewLayer
00:24.360  render           | Engine: Workbench
00:24.406  render           | Saved: 'F:\pnpline-landing\hero-section-video\blockout\blockout-master-v002\preview\frames\frame-0547.png'
00:24.406  render           | Time: 00:00.04 (Saving: 00:00.02)
00:24.406  render           | Rendering frame 548
00:24.406  render           | Start rendering: PNPLINE_MASTER_v002, ViewLayer
00:24.406  render           | Engine: Workbench
00:24.453  render           | Saved: 'F:\pnpline-landing\hero-section-video\blockout\blockout-master-v002\preview\frames\frame-0548.png'
00:24.453  render           | Time: 00:00.04 (Saving: 00:00.02)
00:24.453  render           | Rendering frame 549
00:24.453  render           | Start rendering: PNPLINE_MASTER_v002, ViewLayer
00:24.453  render           | Engine: Workbench
00:24.500  render           | Saved: 'F:\pnpline-landing\hero-section-video\blockout\blockout-master-v002\preview\frames\frame-0549.png'
00:24.500  render           | Time: 00:00.04 (Saving: 00:00.02)
00:24.500  render           | Rendering frame 550
00:24.500  render           | Start rendering: PNPLINE_MASTER_v002, ViewLayer
00:24.500  render           | Engine: Workbench
00:24.531  render           | Saved: 'F:\pnpline-landing\hero-section-video\blockout\blockout-master-v002\preview\frames\frame-0550.png'
00:24.531  render           | Time: 00:00.04 (Saving: 00:00.01)
00:24.531  render           | Rendering frame 551
00:24.531  render           | Start rendering: PNPLINE_MASTER_v002, ViewLayer
00:24.531  render           | Engine: Workbench
00:24.578  render           | Saved: 'F:\pnpline-landing\hero-section-video\blockout\blockout-master-v002\preview\frames\frame-0551.png'
00:24.578  render           | Time: 00:00.04 (Saving: 00:00.01)
00:24.578  render           | Rendering frame 552
00:24.578  render           | Start rendering: PNPLINE_MASTER_v002, ViewLayer
00:24.578  render           | Engine: Workbench
00:24.625  render           | Saved: 'F:\pnpline-landing\hero-section-video\blockout\blockout-master-v002\preview\frames\frame-0552.png'
00:24.625  render           | Time: 00:00.04 (Saving: 00:00.02)
00:24.625  render           | Rendering frame 553
00:24.625  render           | Start rendering: PNPLINE_MASTER_v002, ViewLayer
00:24.625  render           | Engine: Workbench
00:24.656  render           | Saved: 'F:\pnpline-landing\hero-section-video\blockout\blockout-master-v002\preview\frames\frame-0553.png'
00:24.656  render           | Time: 00:00.04 (Saving: 00:00.01)
00:24.656  render           | Rendering frame 554
00:24.656  render           | Start rendering: PNPLINE_MASTER_v002, ViewLayer
00:24.656  render           | Engine: Workbench
00:24.703  render           | Saved: 'F:\pnpline-landing\hero-section-video\blockout\blockout-master-v002\preview\frames\frame-0554.png'
00:24.703  render           | Time: 00:00.04 (Saving: 00:00.01)
00:24.703  render           | Rendering frame 555
00:24.703  render           | Start rendering: PNPLINE_MASTER_v002, ViewLayer
00:24.703  render           | Engine: Workbench
00:24.750  render           | Saved: 'F:\pnpline-landing\hero-section-video\blockout\blockout-master-v002\preview\frames\frame-0555.png'
00:24.750  render           | Time: 00:00.04 (Saving: 00:00.01)
00:24.750  render           | Rendering frame 556
00:24.750  render           | Start rendering: PNPLINE_MASTER_v002, ViewLayer
00:24.750  render           | Engine: Workbench
00:24.813  render           | Saved: 'F:\pnpline-landing\hero-section-video\blockout\blockout-master-v002\preview\frames\frame-0556.png'
00:24.813  render           | Time: 00:00.06 (Saving: 00:00.02)
00:24.813  render           | Rendering frame 557
00:24.813  render           | Start rendering: PNPLINE_MASTER_v002, ViewLayer
00:24.813  render           | Engine: Workbench
00:24.860  render           | Saved: 'F:\pnpline-landing\hero-section-video\blockout\blockout-master-v002\preview\frames\frame-0557.png'
00:24.860  render           | Time: 00:00.04 (Saving: 00:00.02)
00:24.860  render           | Rendering frame 558
00:24.860  render           | Start rendering: PNPLINE_MASTER_v002, ViewLayer
00:24.860  render           | Engine: Workbench
00:24.906  render           | Saved: 'F:\pnpline-landing\hero-section-video\blockout\blockout-master-v002\preview\frames\frame-0558.png'
00:24.906  render           | Time: 00:00.04 (Saving: 00:00.02)
00:24.906  render           | Rendering frame 559
00:24.906  render           | Start rendering: PNPLINE_MASTER_v002, ViewLayer
00:24.906  render           | Engine: Workbench
00:24.969  render           | Saved: 'F:\pnpline-landing\hero-section-video\blockout\blockout-master-v002\preview\frames\frame-0559.png'
00:24.969  render           | Time: 00:00.06 (Saving: 00:00.02)
00:24.969  render           | Rendering frame 560
00:24.969  render           | Start rendering: PNPLINE_MASTER_v002, ViewLayer
00:24.969  render           | Engine: Workbench
00:25.016  render           | Saved: 'F:\pnpline-landing\hero-section-video\blockout\blockout-master-v002\preview\frames\frame-0560.png'
00:25.016  render           | Time: 00:00.05 (Saving: 00:00.02)
00:25.016  render           | Rendering frame 561
00:25.031  render           | Start rendering: PNPLINE_MASTER_v002, ViewLayer
00:25.031  render           | Engine: Workbench
00:25.078  render           | Saved: 'F:\pnpline-landing\hero-section-video\blockout\blockout-master-v002\preview\frames\frame-0561.png'
00:25.078  render           | Time: 00:00.05 (Saving: 00:00.02)
00:25.078  render           | Rendering frame 562
00:25.078  render           | Start rendering: PNPLINE_MASTER_v002, ViewLayer
00:25.078  render           | Engine: Workbench
00:25.125  render           | Saved: 'F:\pnpline-landing\hero-section-video\blockout\blockout-master-v002\preview\frames\frame-0562.png'
00:25.125  render           | Time: 00:00.05 (Saving: 00:00.02)
00:25.125  render           | Rendering frame 563
00:25.125  render           | Start rendering: PNPLINE_MASTER_v002, ViewLayer
00:25.125  render           | Engine: Workbench
00:25.188  render           | Saved: 'F:\pnpline-landing\hero-section-video\blockout\blockout-master-v002\preview\frames\frame-0563.png'
00:25.188  render           | Time: 00:00.05 (Saving: 00:00.02)
00:25.188  render           | Rendering frame 564
00:25.188  render           | Start rendering: PNPLINE_MASTER_v002, ViewLayer
00:25.188  render           | Engine: Workbench
00:25.235  render           | Saved: 'F:\pnpline-landing\hero-section-video\blockout\blockout-master-v002\preview\frames\frame-0564.png'
00:25.235  render           | Time: 00:00.05 (Saving: 00:00.01)
00:25.235  render           | Rendering frame 565
00:25.235  render           | Start rendering: PNPLINE_MASTER_v002, ViewLayer
00:25.235  render           | Engine: Workbench
00:25.281  render           | Saved: 'F:\pnpline-landing\hero-section-video\blockout\blockout-master-v002\preview\frames\frame-0565.png'
00:25.281  render           | Time: 00:00.04 (Saving: 00:00.02)
00:25.281  render           | Rendering frame 566
00:25.281  render           | Start rendering: PNPLINE_MASTER_v002, ViewLayer
00:25.281  render           | Engine: Workbench
00:25.328  render           | Saved: 'F:\pnpline-landing\hero-section-video\blockout\blockout-master-v002\preview\frames\frame-0566.png'
00:25.328  render           | Time: 00:00.03 (Saving: 00:00.02)
00:25.328  render           | Rendering frame 567
00:25.328  render           | Start rendering: PNPLINE_MASTER_v002, ViewLayer
00:25.328  render           | Engine: Workbench
00:25.360  render           | Saved: 'F:\pnpline-landing\hero-section-video\blockout\blockout-master-v002\preview\frames\frame-0567.png'
00:25.360  render           | Time: 00:00.04 (Saving: 00:00.02)
00:25.360  render           | Rendering frame 568
00:25.360  render           | Start rendering: PNPLINE_MASTER_v002, ViewLayer
00:25.360  render           | Engine: Workbench
00:25.406  render           | Saved: 'F:\pnpline-landing\hero-section-video\blockout\blockout-master-v002\preview\frames\frame-0568.png'
00:25.406  render           | Time: 00:00.04 (Saving: 00:00.01)
00:25.406  render           | Rendering frame 569
00:25.406  render           | Start rendering: PNPLINE_MASTER_v002, ViewLayer
00:25.406  render           | Engine: Workbench
00:25.438  render           | Saved: 'F:\pnpline-landing\hero-section-video\blockout\blockout-master-v002\preview\frames\frame-0569.png'
00:25.438  render           | Time: 00:00.04 (Saving: 00:00.01)
00:25.438  render           | Rendering frame 570
00:25.438  render           | Start rendering: PNPLINE_MASTER_v002, ViewLayer
00:25.438  render           | Engine: Workbench
00:25.485  render           | Saved: 'F:\pnpline-landing\hero-section-video\blockout\blockout-master-v002\preview\frames\frame-0570.png'
00:25.485  render           | Time: 00:00.04 (Saving: 00:00.01)
00:25.485  render           | Rendering frame 571
00:25.485  render           | Start rendering: PNPLINE_MASTER_v002, ViewLayer
00:25.485  render           | Engine: Workbench
00:25.531  render           | Saved: 'F:\pnpline-landing\hero-section-video\blockout\blockout-master-v002\preview\frames\frame-0571.png'
00:25.531  render           | Time: 00:00.04 (Saving: 00:00.02)
00:25.531  render           | Rendering frame 572
00:25.531  render           | Start rendering: PNPLINE_MASTER_v002, ViewLayer
00:25.531  render           | Engine: Workbench
00:25.578  render           | Saved: 'F:\pnpline-landing\hero-section-video\blockout\blockout-master-v002\preview\frames\frame-0572.png'
00:25.578  render           | Time: 00:00.04 (Saving: 00:00.01)
00:25.578  render           | Rendering frame 573
00:25.578  render           | Start rendering: PNPLINE_MASTER_v002, ViewLayer
00:25.578  render           | Engine: Workbench
00:25.610  render           | Saved: 'F:\pnpline-landing\hero-section-video\blockout\blockout-master-v002\preview\frames\frame-0573.png'
00:25.610  render           | Time: 00:00.04 (Saving: 00:00.02)
00:25.610  render           | Rendering frame 574
00:25.610  render           | Start rendering: PNPLINE_MASTER_v002, ViewLayer
00:25.610  render           | Engine: Workbench
00:25.656  render           | Saved: 'F:\pnpline-landing\hero-section-video\blockout\blockout-master-v002\preview\frames\frame-0574.png'
00:25.656  render           | Time: 00:00.04 (Saving: 00:00.02)
00:25.656  render           | Rendering frame 575
00:25.656  render           | Start rendering: PNPLINE_MASTER_v002, ViewLayer
00:25.656  render           | Engine: Workbench
00:25.703  render           | Saved: 'F:\pnpline-landing\hero-section-video\blockout\blockout-master-v002\preview\frames\frame-0575.png'
00:25.703  render           | Time: 00:00.04 (Saving: 00:00.02)
00:25.703  render           | Rendering frame 576
00:25.703  render           | Start rendering: PNPLINE_MASTER_v002, ViewLayer
00:25.703  render           | Engine: Workbench
00:25.735  render           | Saved: 'F:\pnpline-landing\hero-section-video\blockout\blockout-master-v002\preview\frames\frame-0576.png'
00:25.735  render           | Time: 00:00.04 (Saving: 00:00.01)
00:25.735  render           | Rendering frame 577
00:25.735  render           | Start rendering: PNPLINE_MASTER_v002, ViewLayer
00:25.735  render           | Engine: Workbench
00:25.781  render           | Saved: 'F:\pnpline-landing\hero-section-video\blockout\blockout-master-v002\preview\frames\frame-0577.png'
00:25.781  render           | Time: 00:00.03 (Saving: 00:00.01)
00:25.781  render           | Rendering frame 578
00:25.781  render           | Start rendering: PNPLINE_MASTER_v002, ViewLayer
00:25.781  render           | Engine: Workbench
00:25.828  render           | Saved: 'F:\pnpline-landing\hero-section-video\blockout\blockout-master-v002\preview\frames\frame-0578.png'
00:25.828  render           | Time: 00:00.04 (Saving: 00:00.02)
00:25.828  render           | Rendering frame 579
00:25.828  render           | Start rendering: PNPLINE_MASTER_v002, ViewLayer
00:25.828  render           | Engine: Workbench
00:25.875  render           | Saved: 'F:\pnpline-landing\hero-section-video\blockout\blockout-master-v002\preview\frames\frame-0579.png'
00:25.875  render           | Time: 00:00.04 (Saving: 00:00.02)
00:25.875  render           | Rendering frame 580
00:25.875  render           | Start rendering: PNPLINE_MASTER_v002, ViewLayer
00:25.875  render           | Engine: Workbench
00:25.922  render           | Saved: 'F:\pnpline-landing\hero-section-video\blockout\blockout-master-v002\preview\frames\frame-0580.png'
00:25.922  render           | Time: 00:00.04 (Saving: 00:00.02)
00:25.922  render           | Rendering frame 581
00:25.922  render           | Start rendering: PNPLINE_MASTER_v002, ViewLayer
00:25.922  render           | Engine: Workbench
00:25.953  render           | Saved: 'F:\pnpline-landing\hero-section-video\blockout\blockout-master-v002\preview\frames\frame-0581.png'
00:25.953  render           | Time: 00:00.04 (Saving: 00:00.02)
00:25.953  render           | Rendering frame 582
00:25.953  render           | Start rendering: PNPLINE_MASTER_v002, ViewLayer
00:25.953  render           | Engine: Workbench
00:26.000  render           | Saved: 'F:\pnpline-landing\hero-section-video\blockout\blockout-master-v002\preview\frames\frame-0582.png'
00:26.000  render           | Time: 00:00.04 (Saving: 00:00.01)
00:26.000  render           | Rendering frame 583
00:26.000  render           | Start rendering: PNPLINE_MASTER_v002, ViewLayer
00:26.000  render           | Engine: Workbench
00:26.047  render           | Saved: 'F:\pnpline-landing\hero-section-video\blockout\blockout-master-v002\preview\frames\frame-0583.png'
00:26.047  render           | Time: 00:00.04 (Saving: 00:00.01)
00:26.047  render           | Rendering frame 584
00:26.047  render           | Start rendering: PNPLINE_MASTER_v002, ViewLayer
00:26.047  render           | Engine: Workbench
00:26.094  render           | Saved: 'F:\pnpline-landing\hero-section-video\blockout\blockout-master-v002\preview\frames\frame-0584.png'
00:26.094  render           | Time: 00:00.04 (Saving: 00:00.02)
00:26.094  render           | Rendering frame 585
00:26.094  render           | Start rendering: PNPLINE_MASTER_v002, ViewLayer
00:26.094  render           | Engine: Workbench
00:26.125  render           | Saved: 'F:\pnpline-landing\hero-section-video\blockout\blockout-master-v002\preview\frames\frame-0585.png'
00:26.125  render           | Time: 00:00.04 (Saving: 00:00.02)
00:26.125  render           | Rendering frame 586
00:26.125  render           | Start rendering: PNPLINE_MASTER_v002, ViewLayer
00:26.125  render           | Engine: Workbench
00:26.172  render           | Saved: 'F:\pnpline-landing\hero-section-video\blockout\blockout-master-v002\preview\frames\frame-0586.png'
00:26.172  render           | Time: 00:00.04 (Saving: 00:00.02)
00:26.172  render           | Rendering frame 587
00:26.172  render           | Start rendering: PNPLINE_MASTER_v002, ViewLayer
00:26.172  render           | Engine: Workbench
00:26.219  render           | Saved: 'F:\pnpline-landing\hero-section-video\blockout\blockout-master-v002\preview\frames\frame-0587.png'
00:26.219  render           | Time: 00:00.04 (Saving: 00:00.02)
00:26.219  render           | Rendering frame 588
00:26.219  render           | Start rendering: PNPLINE_MASTER_v002, ViewLayer
00:26.219  render           | Engine: Workbench
00:26.250  render           | Saved: 'F:\pnpline-landing\hero-section-video\blockout\blockout-master-v002\preview\frames\frame-0588.png'
00:26.250  render           | Time: 00:00.04 (Saving: 00:00.02)
00:26.250  render           | Rendering frame 589
00:26.250  render           | Start rendering: PNPLINE_MASTER_v002, ViewLayer
00:26.250  render           | Engine: Workbench
00:26.297  render           | Saved: 'F:\pnpline-landing\hero-section-video\blockout\blockout-master-v002\preview\frames\frame-0589.png'
00:26.297  render           | Time: 00:00.04 (Saving: 00:00.02)
00:26.297  render           | Rendering frame 590
00:26.297  render           | Start rendering: PNPLINE_MASTER_v002, ViewLayer
00:26.297  render           | Engine: Workbench
00:26.344  render           | Saved: 'F:\pnpline-landing\hero-section-video\blockout\blockout-master-v002\preview\frames\frame-0590.png'
00:26.344  render           | Time: 00:00.04 (Saving: 00:00.02)
00:26.344  render           | Rendering frame 591
00:26.344  render           | Start rendering: PNPLINE_MASTER_v002, ViewLayer
00:26.344  render           | Engine: Workbench
00:26.391  render           | Saved: 'F:\pnpline-landing\hero-section-video\blockout\blockout-master-v002\preview\frames\frame-0591.png'
00:26.391  render           | Time: 00:00.04 (Saving: 00:00.02)
00:26.391  render           | Rendering frame 592
00:26.391  render           | Start rendering: PNPLINE_MASTER_v002, ViewLayer
00:26.391  render           | Engine: Workbench
00:26.422  render           | Saved: 'F:\pnpline-landing\hero-section-video\blockout\blockout-master-v002\preview\frames\frame-0592.png'
00:26.422  render           | Time: 00:00.04 (Saving: 00:00.02)
00:26.422  render           | Rendering frame 593
00:26.422  render           | Start rendering: PNPLINE_MASTER_v002, ViewLayer
00:26.422  render           | Engine: Workbench
00:26.469  render           | Saved: 'F:\pnpline-landing\hero-section-video\blockout\blockout-master-v002\preview\frames\frame-0593.png'
00:26.469  render           | Time: 00:00.04 (Saving: 00:00.02)
00:26.469  render           | Rendering frame 594
00:26.469  render           | Start rendering: PNPLINE_MASTER_v002, ViewLayer
00:26.469  render           | Engine: Workbench
00:26.516  render           | Saved: 'F:\pnpline-landing\hero-section-video\blockout\blockout-master-v002\preview\frames\frame-0594.png'
00:26.516  render           | Time: 00:00.04 (Saving: 00:00.01)
00:26.516  render           | Rendering frame 595
00:26.516  render           | Start rendering: PNPLINE_MASTER_v002, ViewLayer
00:26.516  render           | Engine: Workbench
00:26.547  render           | Saved: 'F:\pnpline-landing\hero-section-video\blockout\blockout-master-v002\preview\frames\frame-0595.png'
00:26.547  render           | Time: 00:00.04 (Saving: 00:00.02)
00:26.547  render           | Rendering frame 596
00:26.547  render           | Start rendering: PNPLINE_MASTER_v002, ViewLayer
00:26.547  render           | Engine: Workbench
00:26.594  render           | Saved: 'F:\pnpline-landing\hero-section-video\blockout\blockout-master-v002\preview\frames\frame-0596.png'
00:26.594  render           | Time: 00:00.04 (Saving: 00:00.02)
00:26.594  render           | Rendering frame 597
00:26.594  render           | Start rendering: PNPLINE_MASTER_v002, ViewLayer
00:26.594  render           | Engine: Workbench
00:26.641  render           | Saved: 'F:\pnpline-landing\hero-section-video\blockout\blockout-master-v002\preview\frames\frame-0597.png'
00:26.641  render           | Time: 00:00.04 (Saving: 00:00.01)
00:26.641  render           | Rendering frame 598
00:26.641  render           | Start rendering: PNPLINE_MASTER_v002, ViewLayer
00:26.641  render           | Engine: Workbench
00:26.688  render           | Saved: 'F:\pnpline-landing\hero-section-video\blockout\blockout-master-v002\preview\frames\frame-0598.png'
00:26.688  render           | Time: 00:00.04 (Saving: 00:00.02)
00:26.688  render           | Rendering frame 599
00:26.688  render           | Start rendering: PNPLINE_MASTER_v002, ViewLayer
00:26.688  render           | Engine: Workbench
00:26.719  render           | Saved: 'F:\pnpline-landing\hero-section-video\blockout\blockout-master-v002\preview\frames\frame-0599.png'
00:26.719  render           | Time: 00:00.04 (Saving: 00:00.02)
00:26.719  render           | Rendering frame 600
00:26.719  render           | Start rendering: PNPLINE_MASTER_v002, ViewLayer
00:26.719  render           | Engine: Workbench
00:26.766  render           | Saved: 'F:\pnpline-landing\hero-section-video\blockout\blockout-master-v002\preview\frames\frame-0600.png'
00:26.766  render           | Time: 00:00.04 (Saving: 00:00.02)
00:26.766  render           | Rendering frame 601
00:26.766  render           | Start rendering: PNPLINE_MASTER_v002, ViewLayer
00:26.766  render           | Engine: Workbench
00:26.813  render           | Saved: 'F:\pnpline-landing\hero-section-video\blockout\blockout-master-v002\preview\frames\frame-0601.png'
00:26.813  render           | Time: 00:00.04 (Saving: 00:00.02)
00:26.813  render           | Rendering frame 602
00:26.813  render           | Start rendering: PNPLINE_MASTER_v002, ViewLayer
00:26.813  render           | Engine: Workbench
00:26.844  render           | Saved: 'F:\pnpline-landing\hero-section-video\blockout\blockout-master-v002\preview\frames\frame-0602.png'
00:26.844  render           | Time: 00:00.04 (Saving: 00:00.02)
00:26.844  render           | Rendering frame 603
00:26.844  render           | Start rendering: PNPLINE_MASTER_v002, ViewLayer
00:26.844  render           | Engine: Workbench
00:26.891  render           | Saved: 'F:\pnpline-landing\hero-section-video\blockout\blockout-master-v002\preview\frames\frame-0603.png'
00:26.891  render           | Time: 00:00.04 (Saving: 00:00.02)
00:26.891  render           | Rendering frame 604
00:26.891  render           | Start rendering: PNPLINE_MASTER_v002, ViewLayer
00:26.891  render           | Engine: Workbench
00:26.922  render           | Saved: 'F:\pnpline-landing\hero-section-video\blockout\blockout-master-v002\preview\frames\frame-0604.png'
00:26.922  render           | Time: 00:00.04 (Saving: 00:00.02)
00:26.922  render           | Rendering frame 605
00:26.922  render           | Start rendering: PNPLINE_MASTER_v002, ViewLayer
00:26.922  render           | Engine: Workbench
00:26.969  render           | Saved: 'F:\pnpline-landing\hero-section-video\blockout\blockout-master-v002\preview\frames\frame-0605.png'
00:26.969  render           | Time: 00:00.04 (Saving: 00:00.02)
00:26.969  render           | Rendering frame 606
00:26.969  render           | Start rendering: PNPLINE_MASTER_v002, ViewLayer
00:26.969  render           | Engine: Workbench
00:27.016  render           | Saved: 'F:\pnpline-landing\hero-section-video\blockout\blockout-master-v002\preview\frames\frame-0606.png'
00:27.016  render           | Time: 00:00.04 (Saving: 00:00.02)
00:27.016  render           | Rendering frame 607
00:27.016  render           | Start rendering: PNPLINE_MASTER_v002, ViewLayer
00:27.016  render           | Engine: Workbench
00:27.063  render           | Saved: 'F:\pnpline-landing\hero-section-video\blockout\blockout-master-v002\preview\frames\frame-0607.png'
00:27.063  render           | Time: 00:00.04 (Saving: 00:00.02)
00:27.063  render           | Rendering frame 608
00:27.063  render           | Start rendering: PNPLINE_MASTER_v002, ViewLayer
00:27.063  render           | Engine: Workbench
00:27.094  render           | Saved: 'F:\pnpline-landing\hero-section-video\blockout\blockout-master-v002\preview\frames\frame-0608.png'
00:27.094  render           | Time: 00:00.04 (Saving: 00:00.02)
00:27.094  render           | Rendering frame 609
00:27.110  render           | Start rendering: PNPLINE_MASTER_v002, ViewLayer
00:27.110  render           | Engine: Workbench
00:27.156  render           | Saved: 'F:\pnpline-landing\hero-section-video\blockout\blockout-master-v002\preview\frames\frame-0609.png'
00:27.156  render           | Time: 00:00.04 (Saving: 00:00.02)
00:27.156  render           | Rendering frame 610
00:27.156  render           | Start rendering: PNPLINE_MASTER_v002, ViewLayer
00:27.156  render           | Engine: Workbench
00:27.203  render           | Saved: 'F:\pnpline-landing\hero-section-video\blockout\blockout-master-v002\preview\frames\frame-0610.png'
00:27.203  render           | Time: 00:00.04 (Saving: 00:00.02)
00:27.203  render           | Rendering frame 611
00:27.203  render           | Start rendering: PNPLINE_MASTER_v002, ViewLayer
00:27.203  render           | Engine: Workbench
00:27.250  render           | Saved: 'F:\pnpline-landing\hero-section-video\blockout\blockout-master-v002\preview\frames\frame-0611.png'
00:27.250  render           | Time: 00:00.04 (Saving: 00:00.02)
00:27.250  render           | Rendering frame 612
00:27.250  render           | Start rendering: PNPLINE_MASTER_v002, ViewLayer
00:27.250  render           | Engine: Workbench
00:27.281  render           | Saved: 'F:\pnpline-landing\hero-section-video\blockout\blockout-master-v002\preview\frames\frame-0612.png'
00:27.281  render           | Time: 00:00.04 (Saving: 00:00.02)
00:27.281  render           | Rendering frame 613
00:27.281  render           | Start rendering: PNPLINE_MASTER_v002, ViewLayer
00:27.281  render           | Engine: Workbench
00:27.328  render           | Saved: 'F:\pnpline-landing\hero-section-video\blockout\blockout-master-v002\preview\frames\frame-0613.png'
00:27.328  render           | Time: 00:00.04 (Saving: 00:00.02)
00:27.328  render           | Rendering frame 614
00:27.328  render           | Start rendering: PNPLINE_MASTER_v002, ViewLayer
00:27.328  render           | Engine: Workbench
00:27.375  render           | Saved: 'F:\pnpline-landing\hero-section-video\blockout\blockout-master-v002\preview\frames\frame-0614.png'
00:27.375  render           | Time: 00:00.04 (Saving: 00:00.02)
00:27.375  render           | Rendering frame 615
00:27.375  render           | Start rendering: PNPLINE_MASTER_v002, ViewLayer
00:27.375  render           | Engine: Workbench
00:27.422  render           | Saved: 'F:\pnpline-landing\hero-section-video\blockout\blockout-master-v002\preview\frames\frame-0615.png'
00:27.422  render           | Time: 00:00.04 (Saving: 00:00.02)
00:27.422  render           | Rendering frame 616
00:27.422  render           | Start rendering: PNPLINE_MASTER_v002, ViewLayer
00:27.422  render           | Engine: Workbench
00:27.453  render           | Saved: 'F:\pnpline-landing\hero-section-video\blockout\blockout-master-v002\preview\frames\frame-0616.png'
00:27.453  render           | Time: 00:00.04 (Saving: 00:00.02)
00:27.453  render           | Rendering frame 617
00:27.453  render           | Start rendering: PNPLINE_MASTER_v002, ViewLayer
00:27.453  render           | Engine: Workbench
00:27.500  render           | Saved: 'F:\pnpline-landing\hero-section-video\blockout\blockout-master-v002\preview\frames\frame-0617.png'
00:27.500  render           | Time: 00:00.04 (Saving: 00:00.02)
00:27.500  render           | Rendering frame 618
00:27.500  render           | Start rendering: PNPLINE_MASTER_v002, ViewLayer
00:27.500  render           | Engine: Workbench
00:27.547  render           | Saved: 'F:\pnpline-landing\hero-section-video\blockout\blockout-master-v002\preview\frames\frame-0618.png'
00:27.547  render           | Time: 00:00.04 (Saving: 00:00.02)
00:27.547  render           | Rendering frame 619
00:27.547  render           | Start rendering: PNPLINE_MASTER_v002, ViewLayer
00:27.547  render           | Engine: Workbench
00:27.578  render           | Saved: 'F:\pnpline-landing\hero-section-video\blockout\blockout-master-v002\preview\frames\frame-0619.png'
00:27.578  render           | Time: 00:00.04 (Saving: 00:00.02)
00:27.578  render           | Rendering frame 620
00:27.578  render           | Start rendering: PNPLINE_MASTER_v002, ViewLayer
00:27.578  render           | Engine: Workbench
00:27.625  render           | Saved: 'F:\pnpline-landing\hero-section-video\blockout\blockout-master-v002\preview\frames\frame-0620.png'
00:27.625  render           | Time: 00:00.04 (Saving: 00:00.02)
00:27.625  render           | Rendering frame 621
00:27.625  render           | Start rendering: PNPLINE_MASTER_v002, ViewLayer
00:27.625  render           | Engine: Workbench
00:27.672  render           | Saved: 'F:\pnpline-landing\hero-section-video\blockout\blockout-master-v002\preview\frames\frame-0621.png'
00:27.672  render           | Time: 00:00.04 (Saving: 00:00.02)
00:27.672  render           | Rendering frame 622
00:27.672  render           | Start rendering: PNPLINE_MASTER_v002, ViewLayer
00:27.672  render           | Engine: Workbench
00:27.703  render           | Saved: 'F:\pnpline-landing\hero-section-video\blockout\blockout-master-v002\preview\frames\frame-0622.png'
00:27.703  render           | Time: 00:00.04 (Saving: 00:00.02)
00:27.703  render           | Rendering frame 623
00:27.703  render           | Start rendering: PNPLINE_MASTER_v002, ViewLayer
00:27.703  render           | Engine: Workbench
00:27.750  render           | Saved: 'F:\pnpline-landing\hero-section-video\blockout\blockout-master-v002\preview\frames\frame-0623.png'
00:27.750  render           | Time: 00:00.04 (Saving: 00:00.02)
00:27.750  render           | Rendering frame 624
00:27.750  render           | Start rendering: PNPLINE_MASTER_v002, ViewLayer
00:27.750  render           | Engine: Workbench
00:27.797  render           | Saved: 'F:\pnpline-landing\hero-section-video\blockout\blockout-master-v002\preview\frames\frame-0624.png'
00:27.797  render           | Time: 00:00.04 (Saving: 00:00.02)
00:27.797  render           | Rendering frame 625
00:27.797  render           | Start rendering: PNPLINE_MASTER_v002, ViewLayer
00:27.797  render           | Engine: Workbench
00:27.828  render           | Saved: 'F:\pnpline-landing\hero-section-video\blockout\blockout-master-v002\preview\frames\frame-0625.png'
00:27.828  render           | Time: 00:00.04 (Saving: 00:00.02)
00:27.828  render           | Rendering frame 626
00:27.828  render           | Start rendering: PNPLINE_MASTER_v002, ViewLayer
00:27.828  render           | Engine: Workbench
00:27.875  render           | Saved: 'F:\pnpline-landing\hero-section-video\blockout\blockout-master-v002\preview\frames\frame-0626.png'
00:27.875  render           | Time: 00:00.04 (Saving: 00:00.02)
00:27.875  render           | Rendering frame 627
00:27.875  render           | Start rendering: PNPLINE_MASTER_v002, ViewLayer
00:27.875  render           | Engine: Workbench
00:27.922  render           | Saved: 'F:\pnpline-landing\hero-section-video\blockout\blockout-master-v002\preview\frames\frame-0627.png'
00:27.922  render           | Time: 00:00.04 (Saving: 00:00.02)
00:27.922  render           | Rendering frame 628
00:27.922  render           | Start rendering: PNPLINE_MASTER_v002, ViewLayer
00:27.922  render           | Engine: Workbench
00:27.953  render           | Saved: 'F:\pnpline-landing\hero-section-video\blockout\blockout-master-v002\preview\frames\frame-0628.png'
00:27.953  render           | Time: 00:00.04 (Saving: 00:00.02)
00:27.953  render           | Rendering frame 629
00:27.953  render           | Start rendering: PNPLINE_MASTER_v002, ViewLayer
00:27.953  render           | Engine: Workbench
00:28.000  render           | Saved: 'F:\pnpline-landing\hero-section-video\blockout\blockout-master-v002\preview\frames\frame-0629.png'
00:28.000  render           | Time: 00:00.04 (Saving: 00:00.02)
00:28.000  render           | Rendering frame 630
00:28.000  render           | Start rendering: PNPLINE_MASTER_v002, ViewLayer
00:28.000  render           | Engine: Workbench
00:28.047  render           | Saved: 'F:\pnpline-landing\hero-section-video\blockout\blockout-master-v002\preview\frames\frame-0630.png'
00:28.047  render           | Time: 00:00.04 (Saving: 00:00.02)
00:28.047  render           | Rendering frame 631
00:28.047  render           | Start rendering: PNPLINE_MASTER_v002, ViewLayer
00:28.047  render           | Engine: Workbench
00:28.078  render           | Saved: 'F:\pnpline-landing\hero-section-video\blockout\blockout-master-v002\preview\frames\frame-0631.png'
00:28.078  render           | Time: 00:00.04 (Saving: 00:00.02)
00:28.078  render           | Rendering frame 632
00:28.078  render           | Start rendering: PNPLINE_MASTER_v002, ViewLayer
00:28.078  render           | Engine: Workbench
00:28.125  render           | Saved: 'F:\pnpline-landing\hero-section-video\blockout\blockout-master-v002\preview\frames\frame-0632.png'
00:28.125  render           | Time: 00:00.04 (Saving: 00:00.02)
00:28.125  render           | Rendering frame 633
00:28.125  render           | Start rendering: PNPLINE_MASTER_v002, ViewLayer
00:28.125  render           | Engine: Workbench
00:28.172  render           | Saved: 'F:\pnpline-landing\hero-section-video\blockout\blockout-master-v002\preview\frames\frame-0633.png'
00:28.172  render           | Time: 00:00.04 (Saving: 00:00.02)
00:28.172  render           | Rendering frame 634
00:28.172  render           | Start rendering: PNPLINE_MASTER_v002, ViewLayer
00:28.172  render           | Engine: Workbench
00:28.203  render           | Saved: 'F:\pnpline-landing\hero-section-video\blockout\blockout-master-v002\preview\frames\frame-0634.png'
00:28.203  render           | Time: 00:00.03 (Saving: 00:00.01)
00:28.203  render           | Rendering frame 635
00:28.203  render           | Start rendering: PNPLINE_MASTER_v002, ViewLayer
00:28.203  render           | Engine: Workbench
00:28.250  render           | Saved: 'F:\pnpline-landing\hero-section-video\blockout\blockout-master-v002\preview\frames\frame-0635.png'
00:28.250  render           | Time: 00:00.04 (Saving: 00:00.02)
00:28.250  render           | Rendering frame 636
00:28.250  render           | Start rendering: PNPLINE_MASTER_v002, ViewLayer
00:28.250  render           | Engine: Workbench
00:28.281  render           | Saved: 'F:\pnpline-landing\hero-section-video\blockout\blockout-master-v002\preview\frames\frame-0636.png'
00:28.281  render           | Time: 00:00.04 (Saving: 00:00.02)
00:28.281  render           | Rendering frame 637
00:28.281  render           | Start rendering: PNPLINE_MASTER_v002, ViewLayer
00:28.281  render           | Engine: Workbench
00:28.328  render           | Saved: 'F:\pnpline-landing\hero-section-video\blockout\blockout-master-v002\preview\frames\frame-0637.png'
00:28.328  render           | Time: 00:00.04 (Saving: 00:00.02)
00:28.328  render           | Rendering frame 638
00:28.328  render           | Start rendering: PNPLINE_MASTER_v002, ViewLayer
00:28.328  render           | Engine: Workbench
00:28.375  render           | Saved: 'F:\pnpline-landing\hero-section-video\blockout\blockout-master-v002\preview\frames\frame-0638.png'
00:28.375  render           | Time: 00:00.04 (Saving: 00:00.02)
00:28.375  render           | Rendering frame 639
00:28.375  render           | Start rendering: PNPLINE_MASTER_v002, ViewLayer
00:28.375  render           | Engine: Workbench
00:28.406  render           | Saved: 'F:\pnpline-landing\hero-section-video\blockout\blockout-master-v002\preview\frames\frame-0639.png'
00:28.406  render           | Time: 00:00.04 (Saving: 00:00.02)
00:28.406  render           | Rendering frame 640
00:28.406  render           | Start rendering: PNPLINE_MASTER_v002, ViewLayer
00:28.406  render           | Engine: Workbench
00:28.453  render           | Saved: 'F:\pnpline-landing\hero-section-video\blockout\blockout-master-v002\preview\frames\frame-0640.png'
00:28.453  render           | Time: 00:00.04 (Saving: 00:00.02)
00:28.453  render           | Rendering frame 641
00:28.453  render           | Start rendering: PNPLINE_MASTER_v002, ViewLayer
00:28.453  render           | Engine: Workbench
00:28.500  render           | Saved: 'F:\pnpline-landing\hero-section-video\blockout\blockout-master-v002\preview\frames\frame-0641.png'
00:28.500  render           | Time: 00:00.04 (Saving: 00:00.02)
00:28.500  render           | Rendering frame 642
00:28.500  render           | Start rendering: PNPLINE_MASTER_v002, ViewLayer
00:28.500  render           | Engine: Workbench
00:28.531  render           | Saved: 'F:\pnpline-landing\hero-section-video\blockout\blockout-master-v002\preview\frames\frame-0642.png'
00:28.531  render           | Time: 00:00.04 (Saving: 00:00.02)
00:28.531  render           | Rendering frame 643
00:28.531  render           | Start rendering: PNPLINE_MASTER_v002, ViewLayer
00:28.531  render           | Engine: Workbench
00:28.578  render           | Saved: 'F:\pnpline-landing\hero-section-video\blockout\blockout-master-v002\preview\frames\frame-0643.png'
00:28.578  render           | Time: 00:00.04 (Saving: 00:00.02)
00:28.578  render           | Rendering frame 644
00:28.578  render           | Start rendering: PNPLINE_MASTER_v002, ViewLayer
00:28.578  render           | Engine: Workbench
00:28.625  render           | Saved: 'F:\pnpline-landing\hero-section-video\blockout\blockout-master-v002\preview\frames\frame-0644.png'
00:28.625  render           | Time: 00:00.04 (Saving: 00:00.02)
00:28.625  render           | Rendering frame 645
00:28.625  render           | Start rendering: PNPLINE_MASTER_v002, ViewLayer
00:28.625  render           | Engine: Workbench
00:28.672  render           | Saved: 'F:\pnpline-landing\hero-section-video\blockout\blockout-master-v002\preview\frames\frame-0645.png'
00:28.672  render           | Time: 00:00.04 (Saving: 00:00.02)
00:28.672  render           | Rendering frame 646
00:28.672  render           | Start rendering: PNPLINE_MASTER_v002, ViewLayer
00:28.672  render           | Engine: Workbench
00:28.703  render           | Saved: 'F:\pnpline-landing\hero-section-video\blockout\blockout-master-v002\preview\frames\frame-0646.png'
00:28.703  render           | Time: 00:00.04 (Saving: 00:00.02)
00:28.703  render           | Rendering frame 647
00:28.703  render           | Start rendering: PNPLINE_MASTER_v002, ViewLayer
00:28.703  render           | Engine: Workbench
00:28.750  render           | Saved: 'F:\pnpline-landing\hero-section-video\blockout\blockout-master-v002\preview\frames\frame-0647.png'
00:28.750  render           | Time: 00:00.04 (Saving: 00:00.02)
00:28.750  render           | Rendering frame 648
00:28.750  render           | Start rendering: PNPLINE_MASTER_v002, ViewLayer
00:28.750  render           | Engine: Workbench
00:28.797  render           | Saved: 'F:\pnpline-landing\hero-section-video\blockout\blockout-master-v002\preview\frames\frame-0648.png'
00:28.797  render           | Time: 00:00.04 (Saving: 00:00.02)
00:28.797  render           | Rendering frame 649
00:28.797  render           | Start rendering: PNPLINE_MASTER_v002, ViewLayer
00:28.797  render           | Engine: Workbench
00:28.844  render           | Saved: 'F:\pnpline-landing\hero-section-video\blockout\blockout-master-v002\preview\frames\frame-0649.png'
00:28.844  render           | Time: 00:00.04 (Saving: 00:00.02)
00:28.844  render           | Rendering frame 650
00:28.844  render           | Start rendering: PNPLINE_MASTER_v002, ViewLayer
00:28.844  render           | Engine: Workbench
00:28.891  render           | Saved: 'F:\pnpline-landing\hero-section-video\blockout\blockout-master-v002\preview\frames\frame-0650.png'
00:28.891  render           | Time: 00:00.04 (Saving: 00:00.02)
00:28.891  render           | Rendering frame 651
00:28.891  render           | Start rendering: PNPLINE_MASTER_v002, ViewLayer
00:28.891  render           | Engine: Workbench
00:28.938  render           | Saved: 'F:\pnpline-landing\hero-section-video\blockout\blockout-master-v002\preview\frames\frame-0651.png'
00:28.938  render           | Time: 00:00.03 (Saving: 00:00.01)
00:28.938  render           | Rendering frame 652
00:28.938  render           | Start rendering: PNPLINE_MASTER_v002, ViewLayer
00:28.938  render           | Engine: Workbench
00:28.969  render           | Saved: 'F:\pnpline-landing\hero-section-video\blockout\blockout-master-v002\preview\frames\frame-0652.png'
00:28.969  render           | Time: 00:00.04 (Saving: 00:00.02)
00:28.969  render           | Rendering frame 653
00:28.969  render           | Start rendering: PNPLINE_MASTER_v002, ViewLayer
00:28.969  render           | Engine: Workbench
00:29.016  render           | Saved: 'F:\pnpline-landing\hero-section-video\blockout\blockout-master-v002\preview\frames\frame-0653.png'
00:29.016  render           | Time: 00:00.04 (Saving: 00:00.02)
00:29.016  render           | Rendering frame 654
00:29.016  render           | Start rendering: PNPLINE_MASTER_v002, ViewLayer
00:29.016  render           | Engine: Workbench
00:29.063  render           | Saved: 'F:\pnpline-landing\hero-section-video\blockout\blockout-master-v002\preview\frames\frame-0654.png'
00:29.063  render           | Time: 00:00.04 (Saving: 00:00.02)
00:29.063  render           | Rendering frame 655
00:29.063  render           | Start rendering: PNPLINE_MASTER_v002, ViewLayer
00:29.063  render           | Engine: Workbench
00:29.110  render           | Saved: 'F:\pnpline-landing\hero-section-video\blockout\blockout-master-v002\preview\frames\frame-0655.png'
00:29.110  render           | Time: 00:00.04 (Saving: 00:00.02)
00:29.110  render           | Rendering frame 656
00:29.110  render           | Start rendering: PNPLINE_MASTER_v002, ViewLayer
00:29.110  render           | Engine: Workbench
00:29.141  render           | Saved: 'F:\pnpline-landing\hero-section-video\blockout\blockout-master-v002\preview\frames\frame-0656.png'
00:29.141  render           | Time: 00:00.04 (Saving: 00:00.02)
00:29.141  render           | Rendering frame 657
00:29.141  render           | Start rendering: PNPLINE_MASTER_v002, ViewLayer
00:29.141  render           | Engine: Workbench
00:29.188  render           | Saved: 'F:\pnpline-landing\hero-section-video\blockout\blockout-master-v002\preview\frames\frame-0657.png'
00:29.188  render           | Time: 00:00.04 (Saving: 00:00.02)
00:29.188  render           | Rendering frame 658
00:29.188  render           | Start rendering: PNPLINE_MASTER_v002, ViewLayer
00:29.188  render           | Engine: Workbench
00:29.235  render           | Saved: 'F:\pnpline-landing\hero-section-video\blockout\blockout-master-v002\preview\frames\frame-0658.png'
00:29.235  render           | Time: 00:00.04 (Saving: 00:00.01)
00:29.235  render           | Rendering frame 659
00:29.235  render           | Start rendering: PNPLINE_MASTER_v002, ViewLayer
00:29.235  render           | Engine: Workbench
00:29.281  render           | Saved: 'F:\pnpline-landing\hero-section-video\blockout\blockout-master-v002\preview\frames\frame-0659.png'
00:29.281  render           | Time: 00:00.04 (Saving: 00:00.02)
00:29.281  render           | Rendering frame 660
00:29.281  render           | Start rendering: PNPLINE_MASTER_v002, ViewLayer
00:29.281  render           | Engine: Workbench
00:29.328  render           | Saved: 'F:\pnpline-landing\hero-section-video\blockout\blockout-master-v002\preview\frames\frame-0660.png'
00:29.328  render           | Time: 00:00.04 (Saving: 00:00.02)
00:29.328  render           | Rendering frame 661
00:29.328  render           | Start rendering: PNPLINE_MASTER_v002, ViewLayer
00:29.328  render           | Engine: Workbench
00:29.360  render           | Saved: 'F:\pnpline-landing\hero-section-video\blockout\blockout-master-v002\preview\frames\frame-0661.png'
00:29.360  render           | Time: 00:00.04 (Saving: 00:00.02)
00:29.360  render           | Rendering frame 662
00:29.360  render           | Start rendering: PNPLINE_MASTER_v002, ViewLayer
00:29.360  render           | Engine: Workbench
00:29.406  render           | Saved: 'F:\pnpline-landing\hero-section-video\blockout\blockout-master-v002\preview\frames\frame-0662.png'
00:29.406  render           | Time: 00:00.04 (Saving: 00:00.02)
00:29.406  render           | Rendering frame 663
00:29.406  render           | Start rendering: PNPLINE_MASTER_v002, ViewLayer
00:29.406  render           | Engine: Workbench
00:29.453  render           | Saved: 'F:\pnpline-landing\hero-section-video\blockout\blockout-master-v002\preview\frames\frame-0663.png'
00:29.453  render           | Time: 00:00.04 (Saving: 00:00.02)
00:29.453  render           | Rendering frame 664
00:29.453  render           | Start rendering: PNPLINE_MASTER_v002, ViewLayer
00:29.453  render           | Engine: Workbench
00:29.500  render           | Saved: 'F:\pnpline-landing\hero-section-video\blockout\blockout-master-v002\preview\frames\frame-0664.png'
00:29.500  render           | Time: 00:00.04 (Saving: 00:00.02)
00:29.500  render           | Rendering frame 665
00:29.500  render           | Start rendering: PNPLINE_MASTER_v002, ViewLayer
00:29.500  render           | Engine: Workbench
00:29.547  render           | Saved: 'F:\pnpline-landing\hero-section-video\blockout\blockout-master-v002\preview\frames\frame-0665.png'
00:29.547  render           | Time: 00:00.04 (Saving: 00:00.02)
00:29.547  render           | Rendering frame 666
00:29.547  render           | Start rendering: PNPLINE_MASTER_v002, ViewLayer
00:29.547  render           | Engine: Workbench
00:29.578  render           | Saved: 'F:\pnpline-landing\hero-section-video\blockout\blockout-master-v002\preview\frames\frame-0666.png'
00:29.578  render           | Time: 00:00.04 (Saving: 00:00.02)
00:29.578  render           | Rendering frame 667
00:29.578  render           | Start rendering: PNPLINE_MASTER_v002, ViewLayer
00:29.578  render           | Engine: Workbench
00:29.625  render           | Saved: 'F:\pnpline-landing\hero-section-video\blockout\blockout-master-v002\preview\frames\frame-0667.png'
00:29.625  render           | Time: 00:00.04 (Saving: 00:00.02)
00:29.625  render           | Rendering frame 668
00:29.625  render           | Start rendering: PNPLINE_MASTER_v002, ViewLayer
00:29.625  render           | Engine: Workbench
00:29.672  render           | Saved: 'F:\pnpline-landing\hero-section-video\blockout\blockout-master-v002\preview\frames\frame-0668.png'
00:29.672  render           | Time: 00:00.04 (Saving: 00:00.01)
00:29.672  render           | Rendering frame 669
00:29.672  render           | Start rendering: PNPLINE_MASTER_v002, ViewLayer
00:29.672  render           | Engine: Workbench
00:29.703  render           | Saved: 'F:\pnpline-landing\hero-section-video\blockout\blockout-master-v002\preview\frames\frame-0669.png'
00:29.703  render           | Time: 00:00.04 (Saving: 00:00.01)
00:29.703  render           | Rendering frame 670
00:29.703  render           | Start rendering: PNPLINE_MASTER_v002, ViewLayer
00:29.703  render           | Engine: Workbench
00:29.750  render           | Saved: 'F:\pnpline-landing\hero-section-video\blockout\blockout-master-v002\preview\frames\frame-0670.png'
00:29.750  render           | Time: 00:00.04 (Saving: 00:00.02)
00:29.750  render           | Rendering frame 671
00:29.750  render           | Start rendering: PNPLINE_MASTER_v002, ViewLayer
00:29.750  render           | Engine: Workbench
00:29.797  render           | Saved: 'F:\pnpline-landing\hero-section-video\blockout\blockout-master-v002\preview\frames\frame-0671.png'
00:29.797  render           | Time: 00:00.04 (Saving: 00:00.02)
00:29.797  render           | Rendering frame 672
00:29.797  render           | Start rendering: PNPLINE_MASTER_v002, ViewLayer
00:29.797  render           | Engine: Workbench
00:29.828  render           | Saved: 'F:\pnpline-landing\hero-section-video\blockout\blockout-master-v002\preview\frames\frame-0672.png'
00:29.828  render           | Time: 00:00.04 (Saving: 00:00.02)
00:29.828  render           | Rendering frame 673
00:29.828  render           | Start rendering: PNPLINE_MASTER_v002, ViewLayer
00:29.828  render           | Engine: Workbench
00:29.875  render           | Saved: 'F:\pnpline-landing\hero-section-video\blockout\blockout-master-v002\preview\frames\frame-0673.png'
00:29.875  render           | Time: 00:00.04 (Saving: 00:00.01)
00:29.875  render           | Rendering frame 674
00:29.875  render           | Start rendering: PNPLINE_MASTER_v002, ViewLayer
00:29.875  render           | Engine: Workbench
00:29.922  render           | Saved: 'F:\pnpline-landing\hero-section-video\blockout\blockout-master-v002\preview\frames\frame-0674.png'
00:29.922  render           | Time: 00:00.04 (Saving: 00:00.02)
00:29.922  render           | Rendering frame 675
00:29.922  render           | Start rendering: PNPLINE_MASTER_v002, ViewLayer
00:29.922  render           | Engine: Workbench
00:29.953  render           | Saved: 'F:\pnpline-landing\hero-section-video\blockout\blockout-master-v002\preview\frames\frame-0675.png'
00:29.953  render           | Time: 00:00.04 (Saving: 00:00.02)
00:29.953  render           | Rendering frame 676
00:29.953  render           | Start rendering: PNPLINE_MASTER_v002, ViewLayer
00:29.953  render           | Engine: Workbench
00:30.000  render           | Saved: 'F:\pnpline-landing\hero-section-video\blockout\blockout-master-v002\preview\frames\frame-0676.png'
00:30.000  render           | Time: 00:00.04 (Saving: 00:00.01)
00:30.000  render           | Rendering frame 677
00:30.000  render           | Start rendering: PNPLINE_MASTER_v002, ViewLayer
00:30.000  render           | Engine: Workbench
00:30.031  render           | Saved: 'F:\pnpline-landing\hero-section-video\blockout\blockout-master-v002\preview\frames\frame-0677.png'
00:30.031  render           | Time: 00:00.03 (Saving: 00:00.01)
00:30.031  render           | Rendering frame 678
00:30.031  render           | Start rendering: PNPLINE_MASTER_v002, ViewLayer
00:30.031  render           | Engine: Workbench
00:30.078  render           | Saved: 'F:\pnpline-landing\hero-section-video\blockout\blockout-master-v002\preview\frames\frame-0678.png'
00:30.078  render           | Time: 00:00.04 (Saving: 00:00.02)
00:30.078  render           | Rendering frame 679
00:30.078  render           | Start rendering: PNPLINE_MASTER_v002, ViewLayer
00:30.078  render           | Engine: Workbench
00:30.125  render           | Saved: 'F:\pnpline-landing\hero-section-video\blockout\blockout-master-v002\preview\frames\frame-0679.png'
00:30.125  render           | Time: 00:00.04 (Saving: 00:00.02)
00:30.125  render           | Rendering frame 680
00:30.125  render           | Start rendering: PNPLINE_MASTER_v002, ViewLayer
00:30.125  render           | Engine: Workbench
00:30.156  render           | Saved: 'F:\pnpline-landing\hero-section-video\blockout\blockout-master-v002\preview\frames\frame-0680.png'
00:30.156  render           | Time: 00:00.03 (Saving: 00:00.01)
00:30.156  render           | Rendering frame 681
00:30.156  render           | Start rendering: PNPLINE_MASTER_v002, ViewLayer
00:30.156  render           | Engine: Workbench
00:30.203  render           | Saved: 'F:\pnpline-landing\hero-section-video\blockout\blockout-master-v002\preview\frames\frame-0681.png'
00:30.203  render           | Time: 00:00.04 (Saving: 00:00.02)
00:30.203  render           | Rendering frame 682
00:30.203  render           | Start rendering: PNPLINE_MASTER_v002, ViewLayer
00:30.203  render           | Engine: Workbench
00:30.250  render           | Saved: 'F:\pnpline-landing\hero-section-video\blockout\blockout-master-v002\preview\frames\frame-0682.png'
00:30.250  render           | Time: 00:00.04 (Saving: 00:00.02)
00:30.250  render           | Rendering frame 683
00:30.250  render           | Start rendering: PNPLINE_MASTER_v002, ViewLayer
00:30.250  render           | Engine: Workbench
00:30.281  render           | Saved: 'F:\pnpline-landing\hero-section-video\blockout\blockout-master-v002\preview\frames\frame-0683.png'
00:30.281  render           | Time: 00:00.04 (Saving: 00:00.02)
00:30.281  render           | Rendering frame 684
00:30.281  render           | Start rendering: PNPLINE_MASTER_v002, ViewLayer
00:30.281  render           | Engine: Workbench
00:30.328  render           | Saved: 'F:\pnpline-landing\hero-section-video\blockout\blockout-master-v002\preview\frames\frame-0684.png'
00:30.328  render           | Time: 00:00.04 (Saving: 00:00.02)
00:30.328  render           | Rendering frame 685
00:30.328  render           | Start rendering: PNPLINE_MASTER_v002, ViewLayer
00:30.328  render           | Engine: Workbench
00:30.375  render           | Saved: 'F:\pnpline-landing\hero-section-video\blockout\blockout-master-v002\preview\frames\frame-0685.png'
00:30.375  render           | Time: 00:00.04 (Saving: 00:00.02)
00:30.375  render           | Rendering frame 686
00:30.375  render           | Start rendering: PNPLINE_MASTER_v002, ViewLayer
00:30.375  render           | Engine: Workbench
00:30.422  render           | Saved: 'F:\pnpline-landing\hero-section-video\blockout\blockout-master-v002\preview\frames\frame-0686.png'
00:30.422  render           | Time: 00:00.04 (Saving: 00:00.02)
00:30.422  render           | Rendering frame 687
00:30.422  render           | Start rendering: PNPLINE_MASTER_v002, ViewLayer
00:30.422  render           | Engine: Workbench
00:30.469  render           | Saved: 'F:\pnpline-landing\hero-section-video\blockout\blockout-master-v002\preview\frames\frame-0687.png'
00:30.469  render           | Time: 00:00.04 (Saving: 00:00.02)
00:30.469  render           | Rendering frame 688
00:30.469  render           | Start rendering: PNPLINE_MASTER_v002, ViewLayer
00:30.469  render           | Engine: Workbench
00:30.500  render           | Saved: 'F:\pnpline-landing\hero-section-video\blockout\blockout-master-v002\preview\frames\frame-0688.png'
00:30.500  render           | Time: 00:00.04 (Saving: 00:00.02)
00:30.500  render           | Rendering frame 689
00:30.500  render           | Start rendering: PNPLINE_MASTER_v002, ViewLayer
00:30.500  render           | Engine: Workbench
00:30.547  render           | Saved: 'F:\pnpline-landing\hero-section-video\blockout\blockout-master-v002\preview\frames\frame-0689.png'
00:30.547  render           | Time: 00:00.04 (Saving: 00:00.02)
00:30.547  render           | Rendering frame 690
00:30.547  render           | Start rendering: PNPLINE_MASTER_v002, ViewLayer
00:30.547  render           | Engine: Workbench
00:30.594  render           | Saved: 'F:\pnpline-landing\hero-section-video\blockout\blockout-master-v002\preview\frames\frame-0690.png'
00:30.594  render           | Time: 00:00.04 (Saving: 00:00.02)
00:30.594  render           | Rendering frame 691
00:30.594  render           | Start rendering: PNPLINE_MASTER_v002, ViewLayer
00:30.594  render           | Engine: Workbench
00:30.641  render           | Saved: 'F:\pnpline-landing\hero-section-video\blockout\blockout-master-v002\preview\frames\frame-0691.png'
00:30.641  render           | Time: 00:00.04 (Saving: 00:00.02)
00:30.641  render           | Rendering frame 692
00:30.641  render           | Start rendering: PNPLINE_MASTER_v002, ViewLayer
00:30.641  render           | Engine: Workbench
00:30.688  render           | Saved: 'F:\pnpline-landing\hero-section-video\blockout\blockout-master-v002\preview\frames\frame-0692.png'
00:30.688  render           | Time: 00:00.04 (Saving: 00:00.02)
00:30.688  render           | Rendering frame 693
00:30.688  render           | Start rendering: PNPLINE_MASTER_v002, ViewLayer
00:30.688  render           | Engine: Workbench
00:30.735  render           | Saved: 'F:\pnpline-landing\hero-section-video\blockout\blockout-master-v002\preview\frames\frame-0693.png'
00:30.735  render           | Time: 00:00.04 (Saving: 00:00.01)
00:30.735  render           | Rendering frame 694
00:30.735  render           | Start rendering: PNPLINE_MASTER_v002, ViewLayer
00:30.735  render           | Engine: Workbench
00:30.766  render           | Saved: 'F:\pnpline-landing\hero-section-video\blockout\blockout-master-v002\preview\frames\frame-0694.png'
00:30.766  render           | Time: 00:00.04 (Saving: 00:00.01)
00:30.766  render           | Rendering frame 695
00:30.766  render           | Start rendering: PNPLINE_MASTER_v002, ViewLayer
00:30.766  render           | Engine: Workbench
00:30.813  render           | Saved: 'F:\pnpline-landing\hero-section-video\blockout\blockout-master-v002\preview\frames\frame-0695.png'
00:30.813  render           | Time: 00:00.04 (Saving: 00:00.02)
00:30.813  render           | Rendering frame 696
00:30.813  render           | Start rendering: PNPLINE_MASTER_v002, ViewLayer
00:30.813  render           | Engine: Workbench
00:30.860  render           | Saved: 'F:\pnpline-landing\hero-section-video\blockout\blockout-master-v002\preview\frames\frame-0696.png'
00:30.860  render           | Time: 00:00.04 (Saving: 00:00.02)
00:30.860  render           | Rendering frame 697
00:30.860  render           | Start rendering: PNPLINE_MASTER_v002, ViewLayer
00:30.860  render           | Engine: Workbench
00:30.906  render           | Saved: 'F:\pnpline-landing\hero-section-video\blockout\blockout-master-v002\preview\frames\frame-0697.png'
00:30.906  render           | Time: 00:00.04 (Saving: 00:00.02)
00:30.906  render           | Rendering frame 698
00:30.906  render           | Start rendering: PNPLINE_MASTER_v002, ViewLayer
00:30.906  render           | Engine: Workbench
00:30.938  render           | Saved: 'F:\pnpline-landing\hero-section-video\blockout\blockout-master-v002\preview\frames\frame-0698.png'
00:30.938  render           | Time: 00:00.04 (Saving: 00:00.01)
00:30.938  render           | Rendering frame 699
00:30.938  render           | Start rendering: PNPLINE_MASTER_v002, ViewLayer
00:30.938  render           | Engine: Workbench
00:30.985  render           | Saved: 'F:\pnpline-landing\hero-section-video\blockout\blockout-master-v002\preview\frames\frame-0699.png'
00:30.985  render           | Time: 00:00.04 (Saving: 00:00.01)
00:30.985  render           | Rendering frame 700
00:30.985  render           | Start rendering: PNPLINE_MASTER_v002, ViewLayer
00:30.985  render           | Engine: Workbench
00:31.031  render           | Saved: 'F:\pnpline-landing\hero-section-video\blockout\blockout-master-v002\preview\frames\frame-0700.png'
00:31.031  render           | Time: 00:00.04 (Saving: 00:00.01)
00:31.031  render           | Rendering frame 701
00:31.031  render           | Start rendering: PNPLINE_MASTER_v002, ViewLayer
00:31.031  render           | Engine: Workbench
00:31.063  render           | Saved: 'F:\pnpline-landing\hero-section-video\blockout\blockout-master-v002\preview\frames\frame-0701.png'
00:31.063  render           | Time: 00:00.04 (Saving: 00:00.02)
00:31.063  render           | Rendering frame 702
00:31.063  render           | Start rendering: PNPLINE_MASTER_v002, ViewLayer
00:31.063  render           | Engine: Workbench
00:31.110  render           | Saved: 'F:\pnpline-landing\hero-section-video\blockout\blockout-master-v002\preview\frames\frame-0702.png'
00:31.110  render           | Time: 00:00.04 (Saving: 00:00.01)
00:31.110  render           | Rendering frame 703
00:31.110  render           | Start rendering: PNPLINE_MASTER_v002, ViewLayer
00:31.110  render           | Engine: Workbench
00:31.156  render           | Saved: 'F:\pnpline-landing\hero-section-video\blockout\blockout-master-v002\preview\frames\frame-0703.png'
00:31.156  render           | Time: 00:00.04 (Saving: 00:00.01)
00:31.156  render           | Rendering frame 704
00:31.156  render           | Start rendering: PNPLINE_MASTER_v002, ViewLayer
00:31.156  render           | Engine: Workbench
00:31.188  render           | Saved: 'F:\pnpline-landing\hero-section-video\blockout\blockout-master-v002\preview\frames\frame-0704.png'
00:31.188  render           | Time: 00:00.04 (Saving: 00:00.01)
00:31.188  render           | Rendering frame 705
00:31.188  render           | Start rendering: PNPLINE_MASTER_v002, ViewLayer
00:31.188  render           | Engine: Workbench
00:31.235  render           | Saved: 'F:\pnpline-landing\hero-section-video\blockout\blockout-master-v002\preview\frames\frame-0705.png'
00:31.235  render           | Time: 00:00.04 (Saving: 00:00.01)
00:31.235  render           | Rendering frame 706
00:31.235  render           | Start rendering: PNPLINE_MASTER_v002, ViewLayer
00:31.235  render           | Engine: Workbench
00:31.281  render           | Saved: 'F:\pnpline-landing\hero-section-video\blockout\blockout-master-v002\preview\frames\frame-0706.png'
00:31.281  render           | Time: 00:00.04 (Saving: 00:00.01)
00:31.281  render           | Rendering frame 707
00:31.281  render           | Start rendering: PNPLINE_MASTER_v002, ViewLayer
00:31.281  render           | Engine: Workbench
00:31.313  render           | Saved: 'F:\pnpline-landing\hero-section-video\blockout\blockout-master-v002\preview\frames\frame-0707.png'
00:31.313  render           | Time: 00:00.04 (Saving: 00:00.01)
00:31.313  render           | Rendering frame 708
00:31.313  render           | Start rendering: PNPLINE_MASTER_v002, ViewLayer
00:31.313  render           | Engine: Workbench
00:31.360  render           | Saved: 'F:\pnpline-landing\hero-section-video\blockout\blockout-master-v002\preview\frames\frame-0708.png'
00:31.360  render           | Time: 00:00.04 (Saving: 00:00.02)
00:31.360  render           | Rendering frame 709
00:31.360  render           | Start rendering: PNPLINE_MASTER_v002, ViewLayer
00:31.360  render           | Engine: Workbench
00:31.406  render           | Saved: 'F:\pnpline-landing\hero-section-video\blockout\blockout-master-v002\preview\frames\frame-0709.png'
00:31.406  render           | Time: 00:00.04 (Saving: 00:00.01)
00:31.406  render           | Rendering frame 710
00:31.406  render           | Start rendering: PNPLINE_MASTER_v002, ViewLayer
00:31.406  render           | Engine: Workbench
00:31.453  render           | Saved: 'F:\pnpline-landing\hero-section-video\blockout\blockout-master-v002\preview\frames\frame-0710.png'
00:31.453  render           | Time: 00:00.04 (Saving: 00:00.02)
00:31.453  render           | Rendering frame 711
00:31.453  render           | Start rendering: PNPLINE_MASTER_v002, ViewLayer
00:31.453  render           | Engine: Workbench
00:31.500  render           | Saved: 'F:\pnpline-landing\hero-section-video\blockout\blockout-master-v002\preview\frames\frame-0711.png'
00:31.500  render           | Time: 00:00.04 (Saving: 00:00.02)
00:31.500  render           | Rendering frame 712
00:31.500  render           | Start rendering: PNPLINE_MASTER_v002, ViewLayer
00:31.500  render           | Engine: Workbench
00:31.531  render           | Saved: 'F:\pnpline-landing\hero-section-video\blockout\blockout-master-v002\preview\frames\frame-0712.png'
00:31.531  render           | Time: 00:00.04 (Saving: 00:00.01)
00:31.531  render           | Rendering frame 713
00:31.531  render           | Start rendering: PNPLINE_MASTER_v002, ViewLayer
00:31.531  render           | Engine: Workbench
00:31.578  render           | Saved: 'F:\pnpline-landing\hero-section-video\blockout\blockout-master-v002\preview\frames\frame-0713.png'
00:31.578  render           | Time: 00:00.04 (Saving: 00:00.01)
00:31.578  render           | Rendering frame 714
00:31.578  render           | Start rendering: PNPLINE_MASTER_v002, ViewLayer
00:31.578  render           | Engine: Workbench
00:31.625  render           | Saved: 'F:\pnpline-landing\hero-section-video\blockout\blockout-master-v002\preview\frames\frame-0714.png'
00:31.625  render           | Time: 00:00.04 (Saving: 00:00.02)
00:31.625  render           | Rendering frame 715
00:31.625  render           | Start rendering: PNPLINE_MASTER_v002, ViewLayer
00:31.625  render           | Engine: Workbench
00:31.672  render           | Saved: 'F:\pnpline-landing\hero-section-video\blockout\blockout-master-v002\preview\frames\frame-0715.png'
00:31.672  render           | Time: 00:00.04 (Saving: 00:00.01)
00:31.672  render           | Rendering frame 716
00:31.672  render           | Start rendering: PNPLINE_MASTER_v002, ViewLayer
00:31.672  render           | Engine: Workbench
00:31.703  render           | Saved: 'F:\pnpline-landing\hero-section-video\blockout\blockout-master-v002\preview\frames\frame-0716.png'
00:31.703  render           | Time: 00:00.04 (Saving: 00:00.01)
00:31.703  render           | Rendering frame 717
00:31.703  render           | Start rendering: PNPLINE_MASTER_v002, ViewLayer
00:31.703  render           | Engine: Workbench
00:31.750  render           | Saved: 'F:\pnpline-landing\hero-section-video\blockout\blockout-master-v002\preview\frames\frame-0717.png'
00:31.750  render           | Time: 00:00.04 (Saving: 00:00.01)
00:31.750  render           | Rendering frame 718
00:31.750  render           | Start rendering: PNPLINE_MASTER_v002, ViewLayer
00:31.750  render           | Engine: Workbench
00:31.797  render           | Saved: 'F:\pnpline-landing\hero-section-video\blockout\blockout-master-v002\preview\frames\frame-0718.png'
00:31.797  render           | Time: 00:00.04 (Saving: 00:00.02)
00:31.797  render           | Rendering frame 719
00:31.797  render           | Start rendering: PNPLINE_MASTER_v002, ViewLayer
00:31.797  render           | Engine: Workbench
00:31.844  render           | Saved: 'F:\pnpline-landing\hero-section-video\blockout\blockout-master-v002\preview\frames\frame-0719.png'
00:31.844  render           | Time: 00:00.04 (Saving: 00:00.02)
00:31.844  render           | Rendering frame 720
00:31.844  render           | Start rendering: PNPLINE_MASTER_v002, ViewLayer
00:31.844  render           | Engine: Workbench
00:31.891  render           | Saved: 'F:\pnpline-landing\hero-section-video\blockout\blockout-master-v002\preview\frames\frame-0720.png'
00:31.891  render           | Time: 00:00.04 (Saving: 00:00.02)
00:31.891  render           | Rendering frame 721
00:31.891  render           | Start rendering: PNPLINE_MASTER_v002, ViewLayer
00:31.891  render           | Engine: Workbench
00:31.938  render           | Saved: 'F:\pnpline-landing\hero-section-video\blockout\blockout-master-v002\preview\frames\frame-0721.png'
00:31.938  render           | Time: 00:00.04 (Saving: 00:00.02)
00:31.938  render           | Rendering frame 722
00:31.938  render           | Start rendering: PNPLINE_MASTER_v002, ViewLayer
00:31.938  render           | Engine: Workbench
00:31.985  render           | Saved: 'F:\pnpline-landing\hero-section-video\blockout\blockout-master-v002\preview\frames\frame-0722.png'
00:31.985  render           | Time: 00:00.04 (Saving: 00:00.02)
00:31.985  render           | Rendering frame 723
00:31.985  render           | Start rendering: PNPLINE_MASTER_v002, ViewLayer
00:31.985  render           | Engine: Workbench
00:32.031  render           | Saved: 'F:\pnpline-landing\hero-section-video\blockout\blockout-master-v002\preview\frames\frame-0723.png'
00:32.031  render           | Time: 00:00.04 (Saving: 00:00.02)
00:32.031  render           | Rendering frame 724
00:32.031  render           | Start rendering: PNPLINE_MASTER_v002, ViewLayer
00:32.031  render           | Engine: Workbench
00:32.078  render           | Saved: 'F:\pnpline-landing\hero-section-video\blockout\blockout-master-v002\preview\frames\frame-0724.png'
00:32.078  render           | Time: 00:00.04 (Saving: 00:00.02)
00:32.078  render           | Rendering frame 725
00:32.078  render           | Start rendering: PNPLINE_MASTER_v002, ViewLayer
00:32.078  render           | Engine: Workbench
00:32.125  render           | Saved: 'F:\pnpline-landing\hero-section-video\blockout\blockout-master-v002\preview\frames\frame-0725.png'
00:32.125  render           | Time: 00:00.04 (Saving: 00:00.02)
00:32.125  render           | Rendering frame 726
00:32.125  render           | Start rendering: PNPLINE_MASTER_v002, ViewLayer
00:32.125  render           | Engine: Workbench
00:32.172  render           | Saved: 'F:\pnpline-landing\hero-section-video\blockout\blockout-master-v002\preview\frames\frame-0726.png'
00:32.172  render           | Time: 00:00.04 (Saving: 00:00.02)
00:32.172  render           | Rendering frame 727
00:32.172  render           | Start rendering: PNPLINE_MASTER_v002, ViewLayer
00:32.172  render           | Engine: Workbench
00:32.219  render           | Saved: 'F:\pnpline-landing\hero-section-video\blockout\blockout-master-v002\preview\frames\frame-0727.png'
00:32.219  render           | Time: 00:00.04 (Saving: 00:00.02)
00:32.219  render           | Rendering frame 728
00:32.219  render           | Start rendering: PNPLINE_MASTER_v002, ViewLayer
00:32.219  render           | Engine: Workbench
00:32.266  render           | Saved: 'F:\pnpline-landing\hero-section-video\blockout\blockout-master-v002\preview\frames\frame-0728.png'
00:32.266  render           | Time: 00:00.04 (Saving: 00:00.02)
00:32.266  render           | Rendering frame 729
00:32.266  render           | Start rendering: PNPLINE_MASTER_v002, ViewLayer
00:32.266  render           | Engine: Workbench
00:32.328  render           | Saved: 'F:\pnpline-landing\hero-section-video\blockout\blockout-master-v002\preview\frames\frame-0729.png'
00:32.328  render           | Time: 00:00.05 (Saving: 00:00.02)
00:32.328  render           | Rendering frame 730
00:32.328  render           | Start rendering: PNPLINE_MASTER_v002, ViewLayer
00:32.328  render           | Engine: Workbench
00:32.375  render           | Saved: 'F:\pnpline-landing\hero-section-video\blockout\blockout-master-v002\preview\frames\frame-0730.png'
00:32.375  render           | Time: 00:00.05 (Saving: 00:00.02)
00:32.375  render           | Rendering frame 731
00:32.375  render           | Start rendering: PNPLINE_MASTER_v002, ViewLayer
00:32.375  render           | Engine: Workbench
00:32.422  render           | Saved: 'F:\pnpline-landing\hero-section-video\blockout\blockout-master-v002\preview\frames\frame-0731.png'
00:32.422  render           | Time: 00:00.04 (Saving: 00:00.02)
00:32.422  render           | Rendering frame 732
00:32.422  render           | Start rendering: PNPLINE_MASTER_v002, ViewLayer
00:32.422  render           | Engine: Workbench
00:32.469  render           | Saved: 'F:\pnpline-landing\hero-section-video\blockout\blockout-master-v002\preview\frames\frame-0732.png'
00:32.469  render           | Time: 00:00.04 (Saving: 00:00.02)
00:32.469  render           | Rendering frame 733
00:32.469  render           | Start rendering: PNPLINE_MASTER_v002, ViewLayer
00:32.469  render           | Engine: Workbench
00:32.516  render           | Saved: 'F:\pnpline-landing\hero-section-video\blockout\blockout-master-v002\preview\frames\frame-0733.png'
00:32.516  render           | Time: 00:00.04 (Saving: 00:00.02)
00:32.516  render           | Rendering frame 734
00:32.516  render           | Start rendering: PNPLINE_MASTER_v002, ViewLayer
00:32.516  render           | Engine: Workbench
00:32.563  render           | Saved: 'F:\pnpline-landing\hero-section-video\blockout\blockout-master-v002\preview\frames\frame-0734.png'
00:32.563  render           | Time: 00:00.04 (Saving: 00:00.02)
00:32.563  render           | Rendering frame 735
00:32.563  render           | Start rendering: PNPLINE_MASTER_v002, ViewLayer
00:32.563  render           | Engine: Workbench
00:32.610  render           | Saved: 'F:\pnpline-landing\hero-section-video\blockout\blockout-master-v002\preview\frames\frame-0735.png'
00:32.610  render           | Time: 00:00.04 (Saving: 00:00.02)
00:32.610  render           | Rendering frame 736
00:32.610  render           | Start rendering: PNPLINE_MASTER_v002, ViewLayer
00:32.610  render           | Engine: Workbench
00:32.656  render           | Saved: 'F:\pnpline-landing\hero-section-video\blockout\blockout-master-v002\preview\frames\frame-0736.png'
00:32.656  render           | Time: 00:00.04 (Saving: 00:00.02)
00:32.656  render           | Rendering frame 737
00:32.656  render           | Start rendering: PNPLINE_MASTER_v002, ViewLayer
00:32.656  render           | Engine: Workbench
00:32.703  render           | Saved: 'F:\pnpline-landing\hero-section-video\blockout\blockout-master-v002\preview\frames\frame-0737.png'
00:32.703  render           | Time: 00:00.05 (Saving: 00:00.02)
00:32.703  render           | Rendering frame 738
00:32.703  render           | Start rendering: PNPLINE_MASTER_v002, ViewLayer
00:32.703  render           | Engine: Workbench
00:32.766  render           | Saved: 'F:\pnpline-landing\hero-section-video\blockout\blockout-master-v002\preview\frames\frame-0738.png'
00:32.766  render           | Time: 00:00.04 (Saving: 00:00.02)
00:32.766  render           | Rendering frame 739
00:32.766  render           | Start rendering: PNPLINE_MASTER_v002, ViewLayer
00:32.766  render           | Engine: Workbench
00:32.797  render           | Saved: 'F:\pnpline-landing\hero-section-video\blockout\blockout-master-v002\preview\frames\frame-0739.png'
00:32.797  render           | Time: 00:00.04 (Saving: 00:00.02)
00:32.797  render           | Rendering frame 740
00:32.797  render           | Start rendering: PNPLINE_MASTER_v002, ViewLayer
00:32.797  render           | Engine: Workbench
00:32.860  render           | Saved: 'F:\pnpline-landing\hero-section-video\blockout\blockout-master-v002\preview\frames\frame-0740.png'
00:32.860  render           | Time: 00:00.04 (Saving: 00:00.02)
00:32.860  render           | Rendering frame 741
00:32.860  render           | Start rendering: PNPLINE_MASTER_v002, ViewLayer
00:32.860  render           | Engine: Workbench
00:32.906  render           | Saved: 'F:\pnpline-landing\hero-section-video\blockout\blockout-master-v002\preview\frames\frame-0741.png'
00:32.906  render           | Time: 00:00.04 (Saving: 00:00.02)
00:32.906  render           | Rendering frame 742
00:32.906  render           | Start rendering: PNPLINE_MASTER_v002, ViewLayer
00:32.906  render           | Engine: Workbench
00:32.953  render           | Saved: 'F:\pnpline-landing\hero-section-video\blockout\blockout-master-v002\preview\frames\frame-0742.png'
00:32.953  render           | Time: 00:00.04 (Saving: 00:00.02)
00:32.953  render           | Rendering frame 743
00:32.953  render           | Start rendering: PNPLINE_MASTER_v002, ViewLayer
00:32.953  render           | Engine: Workbench
00:33.000  render           | Saved: 'F:\pnpline-landing\hero-section-video\blockout\blockout-master-v002\preview\frames\frame-0743.png'
00:33.000  render           | Time: 00:00.04 (Saving: 00:00.02)
00:33.000  render           | Rendering frame 744
00:33.000  render           | Start rendering: PNPLINE_MASTER_v002, ViewLayer
00:33.000  render           | Engine: Workbench
00:33.047  render           | Saved: 'F:\pnpline-landing\hero-section-video\blockout\blockout-master-v002\preview\frames\frame-0744.png'
00:33.047  render           | Time: 00:00.04 (Saving: 00:00.02)
00:33.047  render           | Rendering frame 745
00:33.047  render           | Start rendering: PNPLINE_MASTER_v002, ViewLayer
00:33.047  render           | Engine: Workbench
00:33.094  render           | Saved: 'F:\pnpline-landing\hero-section-video\blockout\blockout-master-v002\preview\frames\frame-0745.png'
00:33.094  render           | Time: 00:00.04 (Saving: 00:00.02)
00:33.094  render           | Rendering frame 746
00:33.094  render           | Start rendering: PNPLINE_MASTER_v002, ViewLayer
00:33.094  render           | Engine: Workbench
00:33.141  render           | Saved: 'F:\pnpline-landing\hero-section-video\blockout\blockout-master-v002\preview\frames\frame-0746.png'
00:33.141  render           | Time: 00:00.04 (Saving: 00:00.02)
00:33.141  render           | Rendering frame 747
00:33.141  render           | Start rendering: PNPLINE_MASTER_v002, ViewLayer
00:33.141  render           | Engine: Workbench
00:33.188  render           | Saved: 'F:\pnpline-landing\hero-section-video\blockout\blockout-master-v002\preview\frames\frame-0747.png'
00:33.188  render           | Time: 00:00.04 (Saving: 00:00.02)
00:33.188  render           | Rendering frame 748
00:33.188  render           | Start rendering: PNPLINE_MASTER_v002, ViewLayer
00:33.188  render           | Engine: Workbench
00:33.235  render           | Saved: 'F:\pnpline-landing\hero-section-video\blockout\blockout-master-v002\preview\frames\frame-0748.png'
00:33.235  render           | Time: 00:00.04 (Saving: 00:00.02)
00:33.235  render           | Rendering frame 749
00:33.235  render           | Start rendering: PNPLINE_MASTER_v002, ViewLayer
00:33.235  render           | Engine: Workbench
00:33.281  render           | Saved: 'F:\pnpline-landing\hero-section-video\blockout\blockout-master-v002\preview\frames\frame-0749.png'
00:33.281  render           | Time: 00:00.04 (Saving: 00:00.02)
00:33.281  render           | Rendering frame 750
00:33.281  render           | Start rendering: PNPLINE_MASTER_v002, ViewLayer
00:33.281  render           | Engine: Workbench
00:33.328  render           | Saved: 'F:\pnpline-landing\hero-section-video\blockout\blockout-master-v002\preview\frames\frame-0750.png'
00:33.328  render           | Time: 00:00.04 (Saving: 00:00.02)
00:33.328  render           | Rendering frame 751
00:33.328  render           | Start rendering: PNPLINE_MASTER_v002, ViewLayer
00:33.328  render           | Engine: Workbench
00:33.375  render           | Saved: 'F:\pnpline-landing\hero-section-video\blockout\blockout-master-v002\preview\frames\frame-0751.png'
00:33.375  render           | Time: 00:00.05 (Saving: 00:00.02)
00:33.375  render           | Rendering frame 752
00:33.375  render           | Start rendering: PNPLINE_MASTER_v002, ViewLayer
00:33.375  render           | Engine: Workbench
00:33.422  render           | Saved: 'F:\pnpline-landing\hero-section-video\blockout\blockout-master-v002\preview\frames\frame-0752.png'
00:33.422  render           | Time: 00:00.04 (Saving: 00:00.02)
00:33.422  render           | Rendering frame 753
00:33.422  render           | Start rendering: PNPLINE_MASTER_v002, ViewLayer
00:33.422  render           | Engine: Workbench
00:33.469  render           | Saved: 'F:\pnpline-landing\hero-section-video\blockout\blockout-master-v002\preview\frames\frame-0753.png'
00:33.469  render           | Time: 00:00.04 (Saving: 00:00.02)
00:33.469  render           | Rendering frame 754
00:33.469  render           | Start rendering: PNPLINE_MASTER_v002, ViewLayer
00:33.469  render           | Engine: Workbench
00:33.516  render           | Saved: 'F:\pnpline-landing\hero-section-video\blockout\blockout-master-v002\preview\frames\frame-0754.png'
00:33.516  render           | Time: 00:00.04 (Saving: 00:00.01)
00:33.516  render           | Rendering frame 755
00:33.516  render           | Start rendering: PNPLINE_MASTER_v002, ViewLayer
00:33.516  render           | Engine: Workbench
00:33.610  render           | Saved: 'F:\pnpline-landing\hero-section-video\blockout\blockout-master-v002\preview\frames\frame-0755.png'
00:33.610  render           | Time: 00:00.09 (Saving: 00:00.02)
00:33.610  render           | Rendering frame 756
00:33.610  render           | Start rendering: PNPLINE_MASTER_v002, ViewLayer
00:33.610  render           | Engine: Workbench
00:33.688  render           | Saved: 'F:\pnpline-landing\hero-section-video\blockout\blockout-master-v002\preview\frames\frame-0756.png'
00:33.688  render           | Time: 00:00.08 (Saving: 00:00.02)
00:33.688  render           | Rendering frame 757
00:33.688  render           | Start rendering: PNPLINE_MASTER_v002, ViewLayer
00:33.688  render           | Engine: Workbench
00:33.750  render           | Saved: 'F:\pnpline-landing\hero-section-video\blockout\blockout-master-v002\preview\frames\frame-0757.png'
00:33.750  render           | Time: 00:00.05 (Saving: 00:00.02)
00:33.750  render           | Rendering frame 758
00:33.750  render           | Start rendering: PNPLINE_MASTER_v002, ViewLayer
00:33.750  render           | Engine: Workbench
00:33.813  render           | Saved: 'F:\pnpline-landing\hero-section-video\blockout\blockout-master-v002\preview\frames\frame-0758.png'
00:33.813  render           | Time: 00:00.06 (Saving: 00:00.02)
00:33.813  render           | Rendering frame 759
00:33.813  render           | Start rendering: PNPLINE_MASTER_v002, ViewLayer
00:33.813  render           | Engine: Workbench
00:33.875  render           | Saved: 'F:\pnpline-landing\hero-section-video\blockout\blockout-master-v002\preview\frames\frame-0759.png'
00:33.875  render           | Time: 00:00.06 (Saving: 00:00.02)
00:33.875  render           | Rendering frame 760
00:33.875  render           | Start rendering: PNPLINE_MASTER_v002, ViewLayer
00:33.875  render           | Engine: Workbench
00:33.938  render           | Saved: 'F:\pnpline-landing\hero-section-video\blockout\blockout-master-v002\preview\frames\frame-0760.png'
00:33.938  render           | Time: 00:00.06 (Saving: 00:00.02)
00:33.938  render           | Rendering frame 761
00:33.938  render           | Start rendering: PNPLINE_MASTER_v002, ViewLayer
00:33.938  render           | Engine: Workbench
00:34.000  render           | Saved: 'F:\pnpline-landing\hero-section-video\blockout\blockout-master-v002\preview\frames\frame-0761.png'
00:34.000  render           | Time: 00:00.06 (Saving: 00:00.02)
00:34.000  render           | Rendering frame 762
00:34.000  render           | Start rendering: PNPLINE_MASTER_v002, ViewLayer
00:34.000  render           | Engine: Workbench
00:34.047  render           | Saved: 'F:\pnpline-landing\hero-section-video\blockout\blockout-master-v002\preview\frames\frame-0762.png'
00:34.047  render           | Time: 00:00.04 (Saving: 00:00.02)
00:34.047  render           | Rendering frame 763
00:34.047  render           | Start rendering: PNPLINE_MASTER_v002, ViewLayer
00:34.047  render           | Engine: Workbench
00:34.078  render           | Saved: 'F:\pnpline-landing\hero-section-video\blockout\blockout-master-v002\preview\frames\frame-0763.png'
00:34.078  render           | Time: 00:00.04 (Saving: 00:00.01)
00:34.078  render           | Rendering frame 764
00:34.078  render           | Start rendering: PNPLINE_MASTER_v002, ViewLayer
00:34.078  render           | Engine: Workbench
00:34.125  render           | Saved: 'F:\pnpline-landing\hero-section-video\blockout\blockout-master-v002\preview\frames\frame-0764.png'
00:34.125  render           | Time: 00:00.04 (Saving: 00:00.02)
00:34.125  render           | Rendering frame 765
00:34.125  render           | Start rendering: PNPLINE_MASTER_v002, ViewLayer
00:34.125  render           | Engine: Workbench
00:34.156  render           | Saved: 'F:\pnpline-landing\hero-section-video\blockout\blockout-master-v002\preview\frames\frame-0765.png'
00:34.156  render           | Time: 00:00.04 (Saving: 00:00.02)
00:34.156  render           | Rendering frame 766
00:34.172  render           | Start rendering: PNPLINE_MASTER_v002, ViewLayer
00:34.172  render           | Engine: Workbench
00:34.203  render           | Saved: 'F:\pnpline-landing\hero-section-video\blockout\blockout-master-v002\preview\frames\frame-0766.png'
00:34.203  render           | Time: 00:00.04 (Saving: 00:00.02)
00:34.203  render           | Rendering frame 767
00:34.203  render           | Start rendering: PNPLINE_MASTER_v002, ViewLayer
00:34.203  render           | Engine: Workbench
00:34.250  render           | Saved: 'F:\pnpline-landing\hero-section-video\blockout\blockout-master-v002\preview\frames\frame-0767.png'
00:34.250  render           | Time: 00:00.04 (Saving: 00:00.02)
00:34.250  render           | Rendering frame 768
00:34.250  render           | Start rendering: PNPLINE_MASTER_v002, ViewLayer
00:34.250  render           | Engine: Workbench
00:34.281  render           | Saved: 'F:\pnpline-landing\hero-section-video\blockout\blockout-master-v002\preview\frames\frame-0768.png'
00:34.281  render           | Time: 00:00.04 (Saving: 00:00.02)
00:34.281  render           | Rendering frame 769
00:34.281  render           | Start rendering: PNPLINE_MASTER_v002, ViewLayer
00:34.281  render           | Engine: Workbench
00:34.328  render           | Saved: 'F:\pnpline-landing\hero-section-video\blockout\blockout-master-v002\preview\frames\frame-0769.png'
00:34.328  render           | Time: 00:00.04 (Saving: 00:00.01)
00:34.328  render           | Rendering frame 770
00:34.328  render           | Start rendering: PNPLINE_MASTER_v002, ViewLayer
00:34.328  render           | Engine: Workbench
00:34.375  render           | Saved: 'F:\pnpline-landing\hero-section-video\blockout\blockout-master-v002\preview\frames\frame-0770.png'
00:34.375  render           | Time: 00:00.04 (Saving: 00:00.02)
00:34.375  render           | Rendering frame 771
00:34.375  render           | Start rendering: PNPLINE_MASTER_v002, ViewLayer
00:34.375  render           | Engine: Workbench
00:34.406  render           | Saved: 'F:\pnpline-landing\hero-section-video\blockout\blockout-master-v002\preview\frames\frame-0771.png'
00:34.406  render           | Time: 00:00.04 (Saving: 00:00.02)
00:34.406  render           | Rendering frame 772
00:34.406  render           | Start rendering: PNPLINE_MASTER_v002, ViewLayer
00:34.406  render           | Engine: Workbench
00:34.453  render           | Saved: 'F:\pnpline-landing\hero-section-video\blockout\blockout-master-v002\preview\frames\frame-0772.png'
00:34.453  render           | Time: 00:00.04 (Saving: 00:00.02)
00:34.453  render           | Rendering frame 773
00:34.453  render           | Start rendering: PNPLINE_MASTER_v002, ViewLayer
00:34.453  render           | Engine: Workbench
00:34.500  render           | Saved: 'F:\pnpline-landing\hero-section-video\blockout\blockout-master-v002\preview\frames\frame-0773.png'
00:34.500  render           | Time: 00:00.04 (Saving: 00:00.02)
00:34.500  render           | Rendering frame 774
00:34.500  render           | Start rendering: PNPLINE_MASTER_v002, ViewLayer
00:34.500  render           | Engine: Workbench
00:34.547  render           | Saved: 'F:\pnpline-landing\hero-section-video\blockout\blockout-master-v002\preview\frames\frame-0774.png'
00:34.547  render           | Time: 00:00.04 (Saving: 00:00.02)
00:34.547  render           | Rendering frame 775
00:34.547  render           | Start rendering: PNPLINE_MASTER_v002, ViewLayer
00:34.547  render           | Engine: Workbench
00:34.594  render           | Saved: 'F:\pnpline-landing\hero-section-video\blockout\blockout-master-v002\preview\frames\frame-0775.png'
00:34.594  render           | Time: 00:00.05 (Saving: 00:00.02)
00:34.594  render           | Rendering frame 776
00:34.594  render           | Start rendering: PNPLINE_MASTER_v002, ViewLayer
00:34.594  render           | Engine: Workbench
00:34.641  render           | Saved: 'F:\pnpline-landing\hero-section-video\blockout\blockout-master-v002\preview\frames\frame-0776.png'
00:34.641  render           | Time: 00:00.04 (Saving: 00:00.02)
00:34.641  render           | Rendering frame 777
00:34.641  render           | Start rendering: PNPLINE_MASTER_v002, ViewLayer
00:34.641  render           | Engine: Workbench
00:34.688  render           | Saved: 'F:\pnpline-landing\hero-section-video\blockout\blockout-master-v002\preview\frames\frame-0777.png'
00:34.688  render           | Time: 00:00.04 (Saving: 00:00.02)
00:34.688  render           | Rendering frame 778
00:34.688  render           | Start rendering: PNPLINE_MASTER_v002, ViewLayer
00:34.688  render           | Engine: Workbench
00:34.735  render           | Saved: 'F:\pnpline-landing\hero-section-video\blockout\blockout-master-v002\preview\frames\frame-0778.png'
00:34.735  render           | Time: 00:00.04 (Saving: 00:00.02)
00:34.735  render           | Rendering frame 779
00:34.735  render           | Start rendering: PNPLINE_MASTER_v002, ViewLayer
00:34.735  render           | Engine: Workbench
00:34.781  render           | Saved: 'F:\pnpline-landing\hero-section-video\blockout\blockout-master-v002\preview\frames\frame-0779.png'
00:34.781  render           | Time: 00:00.04 (Saving: 00:00.02)
00:34.781  render           | Rendering frame 780
00:34.781  render           | Start rendering: PNPLINE_MASTER_v002, ViewLayer
00:34.781  render           | Engine: Workbench
00:34.828  render           | Saved: 'F:\pnpline-landing\hero-section-video\blockout\blockout-master-v002\preview\frames\frame-0780.png'
00:34.828  render           | Time: 00:00.04 (Saving: 00:00.02)
00:34.828  render           | Rendering frame 781
00:34.828  render           | Start rendering: PNPLINE_MASTER_v002, ViewLayer
00:34.828  render           | Engine: Workbench
00:34.875  render           | Saved: 'F:\pnpline-landing\hero-section-video\blockout\blockout-master-v002\preview\frames\frame-0781.png'
00:34.875  render           | Time: 00:00.04 (Saving: 00:00.02)
00:34.875  render           | Rendering frame 782
00:34.875  render           | Start rendering: PNPLINE_MASTER_v002, ViewLayer
00:34.875  render           | Engine: Workbench
00:34.922  render           | Saved: 'F:\pnpline-landing\hero-section-video\blockout\blockout-master-v002\preview\frames\frame-0782.png'
00:34.922  render           | Time: 00:00.04 (Saving: 00:00.02)
00:34.922  render           | Rendering frame 783
00:34.922  render           | Start rendering: PNPLINE_MASTER_v002, ViewLayer
00:34.922  render           | Engine: Workbench
00:34.969  render           | Saved: 'F:\pnpline-landing\hero-section-video\blockout\blockout-master-v002\preview\frames\frame-0783.png'
00:34.969  render           | Time: 00:00.04 (Saving: 00:00.02)
00:34.969  render           | Rendering frame 784
00:34.969  render           | Start rendering: PNPLINE_MASTER_v002, ViewLayer
00:34.969  render           | Engine: Workbench
00:35.000  render           | Saved: 'F:\pnpline-landing\hero-section-video\blockout\blockout-master-v002\preview\frames\frame-0784.png'
00:35.000  render           | Time: 00:00.04 (Saving: 00:00.02)
00:35.000  render           | Rendering frame 785
00:35.000  render           | Start rendering: PNPLINE_MASTER_v002, ViewLayer
00:35.000  render           | Engine: Workbench
00:35.047  render           | Saved: 'F:\pnpline-landing\hero-section-video\blockout\blockout-master-v002\preview\frames\frame-0785.png'
00:35.047  render           | Time: 00:00.04 (Saving: 00:00.02)
00:35.047  render           | Rendering frame 786
00:35.047  render           | Start rendering: PNPLINE_MASTER_v002, ViewLayer
00:35.047  render           | Engine: Workbench
00:35.094  render           | Saved: 'F:\pnpline-landing\hero-section-video\blockout\blockout-master-v002\preview\frames\frame-0786.png'
00:35.094  render           | Time: 00:00.04 (Saving: 00:00.02)
00:35.094  render           | Rendering frame 787
00:35.094  render           | Start rendering: PNPLINE_MASTER_v002, ViewLayer
00:35.094  render           | Engine: Workbench
00:35.125  render           | Saved: 'F:\pnpline-landing\hero-section-video\blockout\blockout-master-v002\preview\frames\frame-0787.png'
00:35.125  render           | Time: 00:00.04 (Saving: 00:00.02)
00:35.125  render           | Rendering frame 788
00:35.125  render           | Start rendering: PNPLINE_MASTER_v002, ViewLayer
00:35.125  render           | Engine: Workbench
00:35.172  render           | Saved: 'F:\pnpline-landing\hero-section-video\blockout\blockout-master-v002\preview\frames\frame-0788.png'
00:35.172  render           | Time: 00:00.04 (Saving: 00:00.02)
00:35.172  render           | Rendering frame 789
00:35.172  render           | Start rendering: PNPLINE_MASTER_v002, ViewLayer
00:35.172  render           | Engine: Workbench
00:35.219  render           | Saved: 'F:\pnpline-landing\hero-section-video\blockout\blockout-master-v002\preview\frames\frame-0789.png'
00:35.219  render           | Time: 00:00.04 (Saving: 00:00.02)
00:35.219  render           | Rendering frame 790
00:35.219  render           | Start rendering: PNPLINE_MASTER_v002, ViewLayer
00:35.219  render           | Engine: Workbench
00:35.250  render           | Saved: 'F:\pnpline-landing\hero-section-video\blockout\blockout-master-v002\preview\frames\frame-0790.png'
00:35.250  render           | Time: 00:00.04 (Saving: 00:00.02)
00:35.250  render           | Rendering frame 791
00:35.250  render           | Start rendering: PNPLINE_MASTER_v002, ViewLayer
00:35.250  render           | Engine: Workbench
00:35.297  render           | Saved: 'F:\pnpline-landing\hero-section-video\blockout\blockout-master-v002\preview\frames\frame-0791.png'
00:35.297  render           | Time: 00:00.03 (Saving: 00:00.01)
00:35.297  render           | Rendering frame 792
00:35.297  render           | Start rendering: PNPLINE_MASTER_v002, ViewLayer
00:35.297  render           | Engine: Workbench
00:35.328  render           | Saved: 'F:\pnpline-landing\hero-section-video\blockout\blockout-master-v002\preview\frames\frame-0792.png'
00:35.328  render           | Time: 00:00.04 (Saving: 00:00.02)
00:35.328  render           | Rendering frame 793
00:35.328  render           | Start rendering: PNPLINE_MASTER_v002, ViewLayer
00:35.328  render           | Engine: Workbench
00:35.375  render           | Saved: 'F:\pnpline-landing\hero-section-video\blockout\blockout-master-v002\preview\frames\frame-0793.png'
00:35.375  render           | Time: 00:00.04 (Saving: 00:00.02)
00:35.375  render           | Rendering frame 794
00:35.375  render           | Start rendering: PNPLINE_MASTER_v002, ViewLayer
00:35.375  render           | Engine: Workbench
00:35.422  render           | Saved: 'F:\pnpline-landing\hero-section-video\blockout\blockout-master-v002\preview\frames\frame-0794.png'
00:35.422  render           | Time: 00:00.04 (Saving: 00:00.02)
00:35.422  render           | Rendering frame 795
00:35.422  render           | Start rendering: PNPLINE_MASTER_v002, ViewLayer
00:35.422  render           | Engine: Workbench
00:35.453  render           | Saved: 'F:\pnpline-landing\hero-section-video\blockout\blockout-master-v002\preview\frames\frame-0795.png'
00:35.453  render           | Time: 00:00.04 (Saving: 00:00.02)
00:35.453  render           | Rendering frame 796
00:35.453  render           | Start rendering: PNPLINE_MASTER_v002, ViewLayer
00:35.453  render           | Engine: Workbench
00:35.500  render           | Saved: 'F:\pnpline-landing\hero-section-video\blockout\blockout-master-v002\preview\frames\frame-0796.png'
00:35.500  render           | Time: 00:00.04 (Saving: 00:00.02)
00:35.500  render           | Rendering frame 797
00:35.500  render           | Start rendering: PNPLINE_MASTER_v002, ViewLayer
00:35.500  render           | Engine: Workbench
00:35.547  render           | Saved: 'F:\pnpline-landing\hero-section-video\blockout\blockout-master-v002\preview\frames\frame-0797.png'
00:35.547  render           | Time: 00:00.04 (Saving: 00:00.01)
00:35.547  render           | Rendering frame 798
00:35.547  render           | Start rendering: PNPLINE_MASTER_v002, ViewLayer
00:35.547  render           | Engine: Workbench
00:35.594  render           | Saved: 'F:\pnpline-landing\hero-section-video\blockout\blockout-master-v002\preview\frames\frame-0798.png'
00:35.594  render           | Time: 00:00.04 (Saving: 00:00.02)
00:35.594  render           | Rendering frame 799
00:35.594  render           | Start rendering: PNPLINE_MASTER_v002, ViewLayer
00:35.594  render           | Engine: Workbench
00:35.625  render           | Saved: 'F:\pnpline-landing\hero-section-video\blockout\blockout-master-v002\preview\frames\frame-0799.png'
00:35.625  render           | Time: 00:00.04 (Saving: 00:00.02)
00:35.625  render           | Rendering frame 800
00:35.625  render           | Start rendering: PNPLINE_MASTER_v002, ViewLayer
00:35.625  render           | Engine: Workbench
00:35.672  render           | Saved: 'F:\pnpline-landing\hero-section-video\blockout\blockout-master-v002\preview\frames\frame-0800.png'
00:35.672  render           | Time: 00:00.04 (Saving: 00:00.02)
00:35.672  render           | Rendering frame 801
00:35.672  render           | Start rendering: PNPLINE_MASTER_v002, ViewLayer
00:35.672  render           | Engine: Workbench
00:35.719  render           | Saved: 'F:\pnpline-landing\hero-section-video\blockout\blockout-master-v002\preview\frames\frame-0801.png'
00:35.719  render           | Time: 00:00.04 (Saving: 00:00.02)
00:35.719  render           | Rendering frame 802
00:35.719  render           | Start rendering: PNPLINE_MASTER_v002, ViewLayer
00:35.719  render           | Engine: Workbench
00:35.766  render           | Saved: 'F:\pnpline-landing\hero-section-video\blockout\blockout-master-v002\preview\frames\frame-0802.png'
00:35.766  render           | Time: 00:00.04 (Saving: 00:00.02)
00:35.766  render           | Rendering frame 803
00:35.766  render           | Start rendering: PNPLINE_MASTER_v002, ViewLayer
00:35.766  render           | Engine: Workbench
00:35.813  render           | Saved: 'F:\pnpline-landing\hero-section-video\blockout\blockout-master-v002\preview\frames\frame-0803.png'
00:35.813  render           | Time: 00:00.04 (Saving: 00:00.02)
00:35.813  render           | Rendering frame 804
00:35.813  render           | Start rendering: PNPLINE_MASTER_v002, ViewLayer
00:35.813  render           | Engine: Workbench
00:35.844  render           | Saved: 'F:\pnpline-landing\hero-section-video\blockout\blockout-master-v002\preview\frames\frame-0804.png'
00:35.844  render           | Time: 00:00.04 (Saving: 00:00.02)
00:35.844  render           | Rendering frame 805
00:35.844  render           | Start rendering: PNPLINE_MASTER_v002, ViewLayer
00:35.844  render           | Engine: Workbench
00:35.891  render           | Saved: 'F:\pnpline-landing\hero-section-video\blockout\blockout-master-v002\preview\frames\frame-0805.png'
00:35.891  render           | Time: 00:00.04 (Saving: 00:00.02)
00:35.891  render           | Rendering frame 806
00:35.891  render           | Start rendering: PNPLINE_MASTER_v002, ViewLayer
00:35.891  render           | Engine: Workbench
00:35.938  render           | Saved: 'F:\pnpline-landing\hero-section-video\blockout\blockout-master-v002\preview\frames\frame-0806.png'
00:35.938  render           | Time: 00:00.04 (Saving: 00:00.02)
00:35.938  render           | Rendering frame 807
00:35.938  render           | Start rendering: PNPLINE_MASTER_v002, ViewLayer
00:35.938  render           | Engine: Workbench
00:35.985  render           | Saved: 'F:\pnpline-landing\hero-section-video\blockout\blockout-master-v002\preview\frames\frame-0807.png'
00:35.985  render           | Time: 00:00.04 (Saving: 00:00.02)
00:35.985  render           | Rendering frame 808
00:35.985  render           | Start rendering: PNPLINE_MASTER_v002, ViewLayer
00:35.985  render           | Engine: Workbench
00:36.016  render           | Saved: 'F:\pnpline-landing\hero-section-video\blockout\blockout-master-v002\preview\frames\frame-0808.png'
00:36.016  render           | Time: 00:00.04 (Saving: 00:00.02)
00:36.016  render           | Rendering frame 809
00:36.016  render           | Start rendering: PNPLINE_MASTER_v002, ViewLayer
00:36.016  render           | Engine: Workbench
00:36.063  render           | Saved: 'F:\pnpline-landing\hero-section-video\blockout\blockout-master-v002\preview\frames\frame-0809.png'
00:36.063  render           | Time: 00:00.04 (Saving: 00:00.02)
00:36.063  render           | Rendering frame 810
00:36.063  render           | Start rendering: PNPLINE_MASTER_v002, ViewLayer
00:36.063  render           | Engine: Workbench
00:36.110  render           | Saved: 'F:\pnpline-landing\hero-section-video\blockout\blockout-master-v002\preview\frames\frame-0810.png'
00:36.110  render           | Time: 00:00.04 (Saving: 00:00.02)
00:36.110  render           | Rendering frame 811
00:36.110  render           | Start rendering: PNPLINE_MASTER_v002, ViewLayer
00:36.110  render           | Engine: Workbench
00:36.156  render           | Saved: 'F:\pnpline-landing\hero-section-video\blockout\blockout-master-v002\preview\frames\frame-0811.png'
00:36.156  render           | Time: 00:00.04 (Saving: 00:00.02)
00:36.156  render           | Rendering frame 812
00:36.156  render           | Start rendering: PNPLINE_MASTER_v002, ViewLayer
00:36.156  render           | Engine: Workbench
00:36.203  render           | Saved: 'F:\pnpline-landing\hero-section-video\blockout\blockout-master-v002\preview\frames\frame-0812.png'
00:36.203  render           | Time: 00:00.04 (Saving: 00:00.02)
00:36.203  render           | Rendering frame 813
00:36.203  render           | Start rendering: PNPLINE_MASTER_v002, ViewLayer
00:36.203  render           | Engine: Workbench
00:36.235  render           | Saved: 'F:\pnpline-landing\hero-section-video\blockout\blockout-master-v002\preview\frames\frame-0813.png'
00:36.235  render           | Time: 00:00.04 (Saving: 00:00.02)
00:36.235  render           | Rendering frame 814
00:36.235  render           | Start rendering: PNPLINE_MASTER_v002, ViewLayer
00:36.235  render           | Engine: Workbench
00:36.281  render           | Saved: 'F:\pnpline-landing\hero-section-video\blockout\blockout-master-v002\preview\frames\frame-0814.png'
00:36.281  render           | Time: 00:00.04 (Saving: 00:00.02)
00:36.281  render           | Rendering frame 815
00:36.281  render           | Start rendering: PNPLINE_MASTER_v002, ViewLayer
00:36.281  render           | Engine: Workbench
00:36.328  render           | Saved: 'F:\pnpline-landing\hero-section-video\blockout\blockout-master-v002\preview\frames\frame-0815.png'
00:36.328  render           | Time: 00:00.04 (Saving: 00:00.02)
00:36.328  render           | Rendering frame 816
00:36.328  render           | Start rendering: PNPLINE_MASTER_v002, ViewLayer
00:36.328  render           | Engine: Workbench
00:36.360  render           | Saved: 'F:\pnpline-landing\hero-section-video\blockout\blockout-master-v002\preview\frames\frame-0816.png'
00:36.360  render           | Time: 00:00.04 (Saving: 00:00.02)
00:36.360  render           | Rendering frame 817
00:36.360  render           | Start rendering: PNPLINE_MASTER_v002, ViewLayer
00:36.360  render           | Engine: Workbench
00:36.406  render           | Saved: 'F:\pnpline-landing\hero-section-video\blockout\blockout-master-v002\preview\frames\frame-0817.png'
00:36.406  render           | Time: 00:00.04 (Saving: 00:00.02)
00:36.406  render           | Rendering frame 818
00:36.406  render           | Start rendering: PNPLINE_MASTER_v002, ViewLayer
00:36.406  render           | Engine: Workbench
00:36.453  render           | Saved: 'F:\pnpline-landing\hero-section-video\blockout\blockout-master-v002\preview\frames\frame-0818.png'
00:36.453  render           | Time: 00:00.04 (Saving: 00:00.01)
00:36.453  render           | Rendering frame 819
00:36.453  render           | Start rendering: PNPLINE_MASTER_v002, ViewLayer
00:36.453  render           | Engine: Workbench
00:36.485  render           | Saved: 'F:\pnpline-landing\hero-section-video\blockout\blockout-master-v002\preview\frames\frame-0819.png'
00:36.485  render           | Time: 00:00.03 (Saving: 00:00.01)
00:36.485  render           | Rendering frame 820
00:36.485  render           | Start rendering: PNPLINE_MASTER_v002, ViewLayer
00:36.485  render           | Engine: Workbench
00:36.531  render           | Saved: 'F:\pnpline-landing\hero-section-video\blockout\blockout-master-v002\preview\frames\frame-0820.png'
00:36.531  render           | Time: 00:00.04 (Saving: 00:00.01)
00:36.531  render           | Rendering frame 821
00:36.531  render           | Start rendering: PNPLINE_MASTER_v002, ViewLayer
00:36.531  render           | Engine: Workbench
00:36.578  render           | Saved: 'F:\pnpline-landing\hero-section-video\blockout\blockout-master-v002\preview\frames\frame-0821.png'
00:36.578  render           | Time: 00:00.04 (Saving: 00:00.02)
00:36.578  render           | Rendering frame 822
00:36.578  render           | Start rendering: PNPLINE_MASTER_v002, ViewLayer
00:36.578  render           | Engine: Workbench
00:36.610  render           | Saved: 'F:\pnpline-landing\hero-section-video\blockout\blockout-master-v002\preview\frames\frame-0822.png'
00:36.610  render           | Time: 00:00.04 (Saving: 00:00.02)
00:36.610  render           | Rendering frame 823
00:36.610  render           | Start rendering: PNPLINE_MASTER_v002, ViewLayer
00:36.610  render           | Engine: Workbench
00:36.656  render           | Saved: 'F:\pnpline-landing\hero-section-video\blockout\blockout-master-v002\preview\frames\frame-0823.png'
00:36.656  render           | Time: 00:00.04 (Saving: 00:00.01)
00:36.656  render           | Rendering frame 824
00:36.656  render           | Start rendering: PNPLINE_MASTER_v002, ViewLayer
00:36.656  render           | Engine: Workbench
00:36.703  render           | Saved: 'F:\pnpline-landing\hero-section-video\blockout\blockout-master-v002\preview\frames\frame-0824.png'
00:36.703  render           | Time: 00:00.04 (Saving: 00:00.02)
00:36.703  render           | Rendering frame 825
00:36.703  render           | Start rendering: PNPLINE_MASTER_v002, ViewLayer
00:36.703  render           | Engine: Workbench
00:36.735  render           | Saved: 'F:\pnpline-landing\hero-section-video\blockout\blockout-master-v002\preview\frames\frame-0825.png'
00:36.735  render           | Time: 00:00.04 (Saving: 00:00.02)
00:36.735  render           | Rendering frame 826
00:36.735  render           | Start rendering: PNPLINE_MASTER_v002, ViewLayer
00:36.735  render           | Engine: Workbench
00:36.781  render           | Saved: 'F:\pnpline-landing\hero-section-video\blockout\blockout-master-v002\preview\frames\frame-0826.png'
00:36.781  render           | Time: 00:00.04 (Saving: 00:00.01)
00:36.781  render           | Rendering frame 827
00:36.781  render           | Start rendering: PNPLINE_MASTER_v002, ViewLayer
00:36.781  render           | Engine: Workbench
00:36.813  render           | Saved: 'F:\pnpline-landing\hero-section-video\blockout\blockout-master-v002\preview\frames\frame-0827.png'
00:36.813  render           | Time: 00:00.04 (Saving: 00:00.01)
00:36.813  render           | Rendering frame 828
00:36.813  render           | Start rendering: PNPLINE_MASTER_v002, ViewLayer
00:36.813  render           | Engine: Workbench
00:36.860  render           | Saved: 'F:\pnpline-landing\hero-section-video\blockout\blockout-master-v002\preview\frames\frame-0828.png'
00:36.860  render           | Time: 00:00.04 (Saving: 00:00.02)
00:36.860  render           | Rendering frame 829
00:36.860  render           | Start rendering: PNPLINE_MASTER_v002, ViewLayer
00:36.860  render           | Engine: Workbench
00:36.906  render           | Saved: 'F:\pnpline-landing\hero-section-video\blockout\blockout-master-v002\preview\frames\frame-0829.png'
00:36.906  render           | Time: 00:00.04 (Saving: 00:00.02)
00:36.906  render           | Rendering frame 830
00:36.906  render           | Start rendering: PNPLINE_MASTER_v002, ViewLayer
00:36.906  render           | Engine: Workbench
00:36.938  render           | Saved: 'F:\pnpline-landing\hero-section-video\blockout\blockout-master-v002\preview\frames\frame-0830.png'
00:36.938  render           | Time: 00:00.04 (Saving: 00:00.02)
00:36.938  render           | Rendering frame 831
00:36.938  render           | Start rendering: PNPLINE_MASTER_v002, ViewLayer
00:36.938  render           | Engine: Workbench
00:37.000  render           | Saved: 'F:\pnpline-landing\hero-section-video\blockout\blockout-master-v002\preview\frames\frame-0831.png'
00:37.000  render           | Time: 00:00.04 (Saving: 00:00.02)
00:37.000  render           | Rendering frame 832
00:37.000  render           | Start rendering: PNPLINE_MASTER_v002, ViewLayer
00:37.000  render           | Engine: Workbench
00:37.031  render           | Saved: 'F:\pnpline-landing\hero-section-video\blockout\blockout-master-v002\preview\frames\frame-0832.png'
00:37.031  render           | Time: 00:00.04 (Saving: 00:00.02)
00:37.031  render           | Rendering frame 833
00:37.031  render           | Start rendering: PNPLINE_MASTER_v002, ViewLayer
00:37.031  render           | Engine: Workbench
00:37.078  render           | Saved: 'F:\pnpline-landing\hero-section-video\blockout\blockout-master-v002\preview\frames\frame-0833.png'
00:37.078  render           | Time: 00:00.04 (Saving: 00:00.02)
00:37.078  render           | Rendering frame 834
00:37.078  render           | Start rendering: PNPLINE_MASTER_v002, ViewLayer
00:37.078  render           | Engine: Workbench
00:37.125  render           | Saved: 'F:\pnpline-landing\hero-section-video\blockout\blockout-master-v002\preview\frames\frame-0834.png'
00:37.125  render           | Time: 00:00.04 (Saving: 00:00.02)
00:37.125  render           | Rendering frame 835
00:37.125  render           | Start rendering: PNPLINE_MASTER_v002, ViewLayer
00:37.125  render           | Engine: Workbench
00:37.172  render           | Saved: 'F:\pnpline-landing\hero-section-video\blockout\blockout-master-v002\preview\frames\frame-0835.png'
00:37.172  render           | Time: 00:00.04 (Saving: 00:00.02)
00:37.172  render           | Rendering frame 836
00:37.172  render           | Start rendering: PNPLINE_MASTER_v002, ViewLayer
00:37.172  render           | Engine: Workbench
00:37.235  render           | Saved: 'F:\pnpline-landing\hero-section-video\blockout\blockout-master-v002\preview\frames\frame-0836.png'
00:37.235  render           | Time: 00:00.05 (Saving: 00:00.02)
00:37.235  render           | Rendering frame 837
00:37.235  render           | Start rendering: PNPLINE_MASTER_v002, ViewLayer
00:37.235  render           | Engine: Workbench
00:37.281  render           | Saved: 'F:\pnpline-landing\hero-section-video\blockout\blockout-master-v002\preview\frames\frame-0837.png'
00:37.281  render           | Time: 00:00.04 (Saving: 00:00.02)
00:37.281  render           | Rendering frame 838
00:37.281  render           | Start rendering: PNPLINE_MASTER_v002, ViewLayer
00:37.281  render           | Engine: Workbench
00:37.328  render           | Saved: 'F:\pnpline-landing\hero-section-video\blockout\blockout-master-v002\preview\frames\frame-0838.png'
00:37.328  render           | Time: 00:00.05 (Saving: 00:00.02)
00:37.328  render           | Rendering frame 839
00:37.328  render           | Start rendering: PNPLINE_MASTER_v002, ViewLayer
00:37.328  render           | Engine: Workbench
00:37.375  render           | Saved: 'F:\pnpline-landing\hero-section-video\blockout\blockout-master-v002\preview\frames\frame-0839.png'
00:37.375  render           | Time: 00:00.04 (Saving: 00:00.02)
00:37.375  render           | Rendering frame 840
00:37.375  render           | Start rendering: PNPLINE_MASTER_v002, ViewLayer
00:37.375  render           | Engine: Workbench
00:37.422  render           | Saved: 'F:\pnpline-landing\hero-section-video\blockout\blockout-master-v002\preview\frames\frame-0840.png'
00:37.422  render           | Time: 00:00.04 (Saving: 00:00.02)
00:37.422  render           | Rendering frame 841
00:37.422  render           | Start rendering: PNPLINE_MASTER_v002, ViewLayer
00:37.422  render           | Engine: Workbench
00:37.469  render           | Saved: 'F:\pnpline-landing\hero-section-video\blockout\blockout-master-v002\preview\frames\frame-0841.png'
00:37.469  render           | Time: 00:00.04 (Saving: 00:00.02)
00:37.469  render           | Rendering frame 842
00:37.469  render           | Start rendering: PNPLINE_MASTER_v002, ViewLayer
00:37.469  render           | Engine: Workbench
00:37.516  render           | Saved: 'F:\pnpline-landing\hero-section-video\blockout\blockout-master-v002\preview\frames\frame-0842.png'
00:37.516  render           | Time: 00:00.04 (Saving: 00:00.02)
00:37.516  render           | Rendering frame 843
00:37.516  render           | Start rendering: PNPLINE_MASTER_v002, ViewLayer
00:37.516  render           | Engine: Workbench
00:37.547  render           | Saved: 'F:\pnpline-landing\hero-section-video\blockout\blockout-master-v002\preview\frames\frame-0843.png'
00:37.547  render           | Time: 00:00.04 (Saving: 00:00.02)
00:37.547  render           | Rendering frame 844
00:37.547  render           | Start rendering: PNPLINE_MASTER_v002, ViewLayer
00:37.547  render           | Engine: Workbench
00:37.594  render           | Saved: 'F:\pnpline-landing\hero-section-video\blockout\blockout-master-v002\preview\frames\frame-0844.png'
00:37.594  render           | Time: 00:00.04 (Saving: 00:00.02)
00:37.594  render           | Rendering frame 845
00:37.594  render           | Start rendering: PNPLINE_MASTER_v002, ViewLayer
00:37.594  render           | Engine: Workbench
00:37.641  render           | Saved: 'F:\pnpline-landing\hero-section-video\blockout\blockout-master-v002\preview\frames\frame-0845.png'
00:37.641  render           | Time: 00:00.04 (Saving: 00:00.02)
00:37.641  render           | Rendering frame 846
00:37.641  render           | Start rendering: PNPLINE_MASTER_v002, ViewLayer
00:37.641  render           | Engine: Workbench
00:37.672  render           | Saved: 'F:\pnpline-landing\hero-section-video\blockout\blockout-master-v002\preview\frames\frame-0846.png'
00:37.672  render           | Time: 00:00.04 (Saving: 00:00.02)
00:37.672  render           | Rendering frame 847
00:37.672  render           | Start rendering: PNPLINE_MASTER_v002, ViewLayer
00:37.672  render           | Engine: Workbench
00:37.719  render           | Saved: 'F:\pnpline-landing\hero-section-video\blockout\blockout-master-v002\preview\frames\frame-0847.png'
00:37.719  render           | Time: 00:00.04 (Saving: 00:00.02)
00:37.719  render           | Rendering frame 848
00:37.719  render           | Start rendering: PNPLINE_MASTER_v002, ViewLayer
00:37.719  render           | Engine: Workbench
00:37.766  render           | Saved: 'F:\pnpline-landing\hero-section-video\blockout\blockout-master-v002\preview\frames\frame-0848.png'
00:37.766  render           | Time: 00:00.04 (Saving: 00:00.02)
00:37.766  render           | Rendering frame 849
00:37.766  render           | Start rendering: PNPLINE_MASTER_v002, ViewLayer
00:37.766  render           | Engine: Workbench
00:37.797  render           | Saved: 'F:\pnpline-landing\hero-section-video\blockout\blockout-master-v002\preview\frames\frame-0849.png'
00:37.797  render           | Time: 00:00.04 (Saving: 00:00.02)
00:37.797  render           | Rendering frame 850
00:37.797  render           | Start rendering: PNPLINE_MASTER_v002, ViewLayer
00:37.797  render           | Engine: Workbench
00:37.844  render           | Saved: 'F:\pnpline-landing\hero-section-video\blockout\blockout-master-v002\preview\frames\frame-0850.png'
00:37.844  render           | Time: 00:00.04 (Saving: 00:00.02)
00:37.844  render           | Rendering frame 851
00:37.844  render           | Start rendering: PNPLINE_MASTER_v002, ViewLayer
00:37.844  render           | Engine: Workbench
00:37.891  render           | Saved: 'F:\pnpline-landing\hero-section-video\blockout\blockout-master-v002\preview\frames\frame-0851.png'
00:37.891  render           | Time: 00:00.04 (Saving: 00:00.02)
00:37.891  render           | Rendering frame 852
00:37.891  render           | Start rendering: PNPLINE_MASTER_v002, ViewLayer
00:37.891  render           | Engine: Workbench
00:37.922  render           | Saved: 'F:\pnpline-landing\hero-section-video\blockout\blockout-master-v002\preview\frames\frame-0852.png'
00:37.922  render           | Time: 00:00.04 (Saving: 00:00.02)
00:37.922  render           | Rendering frame 853
00:37.922  render           | Start rendering: PNPLINE_MASTER_v002, ViewLayer
00:37.922  render           | Engine: Workbench
00:37.969  render           | Saved: 'F:\pnpline-landing\hero-section-video\blockout\blockout-master-v002\preview\frames\frame-0853.png'
00:37.969  render           | Time: 00:00.04 (Saving: 00:00.01)
00:37.969  render           | Rendering frame 854
00:37.969  render           | Start rendering: PNPLINE_MASTER_v002, ViewLayer
00:37.969  render           | Engine: Workbench
00:38.016  render           | Saved: 'F:\pnpline-landing\hero-section-video\blockout\blockout-master-v002\preview\frames\frame-0854.png'
00:38.016  render           | Time: 00:00.04 (Saving: 00:00.02)
00:38.016  render           | Rendering frame 855
00:38.016  render           | Start rendering: PNPLINE_MASTER_v002, ViewLayer
00:38.016  render           | Engine: Workbench
00:38.063  render           | Saved: 'F:\pnpline-landing\hero-section-video\blockout\blockout-master-v002\preview\frames\frame-0855.png'
00:38.063  render           | Time: 00:00.04 (Saving: 00:00.02)
00:38.063  render           | Rendering frame 856
00:38.063  render           | Start rendering: PNPLINE_MASTER_v002, ViewLayer
00:38.063  render           | Engine: Workbench
00:38.094  render           | Saved: 'F:\pnpline-landing\hero-section-video\blockout\blockout-master-v002\preview\frames\frame-0856.png'
00:38.094  render           | Time: 00:00.04 (Saving: 00:00.02)
00:38.094  render           | Rendering frame 857
00:38.094  render           | Start rendering: PNPLINE_MASTER_v002, ViewLayer
00:38.094  render           | Engine: Workbench
00:38.141  render           | Saved: 'F:\pnpline-landing\hero-section-video\blockout\blockout-master-v002\preview\frames\frame-0857.png'
00:38.141  render           | Time: 00:00.04 (Saving: 00:00.02)
00:38.141  render           | Rendering frame 858
00:38.141  render           | Start rendering: PNPLINE_MASTER_v002, ViewLayer
00:38.141  render           | Engine: Workbench
00:38.188  render           | Saved: 'F:\pnpline-landing\hero-section-video\blockout\blockout-master-v002\preview\frames\frame-0858.png'
00:38.188  render           | Time: 00:00.04 (Saving: 00:00.02)
00:38.188  render           | Rendering frame 859
00:38.188  render           | Start rendering: PNPLINE_MASTER_v002, ViewLayer
00:38.188  render           | Engine: Workbench
00:38.219  render           | Saved: 'F:\pnpline-landing\hero-section-video\blockout\blockout-master-v002\preview\frames\frame-0859.png'
00:38.219  render           | Time: 00:00.04 (Saving: 00:00.02)
00:38.219  render           | Rendering frame 860
00:38.219  render           | Start rendering: PNPLINE_MASTER_v002, ViewLayer
00:38.219  render           | Engine: Workbench
00:38.266  render           | Saved: 'F:\pnpline-landing\hero-section-video\blockout\blockout-master-v002\preview\frames\frame-0860.png'
00:38.266  render           | Time: 00:00.04 (Saving: 00:00.02)
00:38.266  render           | Rendering frame 861
00:38.266  render           | Start rendering: PNPLINE_MASTER_v002, ViewLayer
00:38.266  render           | Engine: Workbench
00:38.313  render           | Saved: 'F:\pnpline-landing\hero-section-video\blockout\blockout-master-v002\preview\frames\frame-0861.png'
00:38.313  render           | Time: 00:00.04 (Saving: 00:00.02)
00:38.313  render           | Rendering frame 862
00:38.313  render           | Start rendering: PNPLINE_MASTER_v002, ViewLayer
00:38.313  render           | Engine: Workbench
00:38.360  render           | Saved: 'F:\pnpline-landing\hero-section-video\blockout\blockout-master-v002\preview\frames\frame-0862.png'
00:38.360  render           | Time: 00:00.04 (Saving: 00:00.02)
00:38.360  render           | Rendering frame 863
00:38.360  render           | Start rendering: PNPLINE_MASTER_v002, ViewLayer
00:38.360  render           | Engine: Workbench
00:38.406  render           | Saved: 'F:\pnpline-landing\hero-section-video\blockout\blockout-master-v002\preview\frames\frame-0863.png'
00:38.406  render           | Time: 00:00.04 (Saving: 00:00.02)
00:38.406  render           | Rendering frame 864
00:38.406  render           | Start rendering: PNPLINE_MASTER_v002, ViewLayer
00:38.406  render           | Engine: Workbench
00:38.438  render           | Saved: 'F:\pnpline-landing\hero-section-video\blockout\blockout-master-v002\preview\frames\frame-0864.png'
00:38.438  render           | Time: 00:00.04 (Saving: 00:00.02)
00:38.438  render           | Rendering frame 865
00:38.453  render           | Start rendering: PNPLINE_MASTER_v002, ViewLayer
00:38.453  render           | Engine: Workbench
00:38.485  render           | Saved: 'F:\pnpline-landing\hero-section-video\blockout\blockout-master-v002\preview\frames\frame-0865.png'
00:38.485  render           | Time: 00:00.04 (Saving: 00:00.02)
00:38.485  render           | Rendering frame 866
00:38.485  render           | Start rendering: PNPLINE_MASTER_v002, ViewLayer
00:38.485  render           | Engine: Workbench
00:38.531  render           | Saved: 'F:\pnpline-landing\hero-section-video\blockout\blockout-master-v002\preview\frames\frame-0866.png'
00:38.531  render           | Time: 00:00.04 (Saving: 00:00.02)
00:38.531  render           | Rendering frame 867
00:38.531  render           | Start rendering: PNPLINE_MASTER_v002, ViewLayer
00:38.531  render           | Engine: Workbench
00:38.578  render           | Saved: 'F:\pnpline-landing\hero-section-video\blockout\blockout-master-v002\preview\frames\frame-0867.png'
00:38.578  render           | Time: 00:00.04 (Saving: 00:00.02)
00:38.578  render           | Rendering frame 868
00:38.578  render           | Start rendering: PNPLINE_MASTER_v002, ViewLayer
00:38.578  render           | Engine: Workbench
00:38.610  render           | Saved: 'F:\pnpline-landing\hero-section-video\blockout\blockout-master-v002\preview\frames\frame-0868.png'
00:38.610  render           | Time: 00:00.04 (Saving: 00:00.02)
00:38.610  render           | Rendering frame 869
00:38.610  render           | Start rendering: PNPLINE_MASTER_v002, ViewLayer
00:38.610  render           | Engine: Workbench
00:38.656  render           | Saved: 'F:\pnpline-landing\hero-section-video\blockout\blockout-master-v002\preview\frames\frame-0869.png'
00:38.656  render           | Time: 00:00.04 (Saving: 00:00.01)
00:38.656  render           | Rendering frame 870
00:38.656  render           | Start rendering: PNPLINE_MASTER_v002, ViewLayer
00:38.656  render           | Engine: Workbench
00:38.703  render           | Saved: 'F:\pnpline-landing\hero-section-video\blockout\blockout-master-v002\preview\frames\frame-0870.png'
00:38.703  render           | Time: 00:00.04 (Saving: 00:00.02)
00:38.703  render           | Rendering frame 871
00:38.703  render           | Start rendering: PNPLINE_MASTER_v002, ViewLayer
00:38.703  render           | Engine: Workbench
00:38.735  render           | Saved: 'F:\pnpline-landing\hero-section-video\blockout\blockout-master-v002\preview\frames\frame-0871.png'
00:38.735  render           | Time: 00:00.04 (Saving: 00:00.02)
00:38.735  render           | Rendering frame 872
00:38.735  render           | Start rendering: PNPLINE_MASTER_v002, ViewLayer
00:38.735  render           | Engine: Workbench
00:38.781  render           | Saved: 'F:\pnpline-landing\hero-section-video\blockout\blockout-master-v002\preview\frames\frame-0872.png'
00:38.781  render           | Time: 00:00.04 (Saving: 00:00.02)
00:38.781  render           | Rendering frame 873
00:38.781  render           | Start rendering: PNPLINE_MASTER_v002, ViewLayer
00:38.781  render           | Engine: Workbench
00:38.828  render           | Saved: 'F:\pnpline-landing\hero-section-video\blockout\blockout-master-v002\preview\frames\frame-0873.png'
00:38.828  render           | Time: 00:00.04 (Saving: 00:00.02)
00:38.828  render           | Rendering frame 874
00:38.828  render           | Start rendering: PNPLINE_MASTER_v002, ViewLayer
00:38.828  render           | Engine: Workbench
00:38.875  render           | Saved: 'F:\pnpline-landing\hero-section-video\blockout\blockout-master-v002\preview\frames\frame-0874.png'
00:38.875  render           | Time: 00:00.04 (Saving: 00:00.02)
00:38.875  render           | Rendering frame 875
00:38.875  render           | Start rendering: PNPLINE_MASTER_v002, ViewLayer
00:38.875  render           | Engine: Workbench
00:38.906  render           | Saved: 'F:\pnpline-landing\hero-section-video\blockout\blockout-master-v002\preview\frames\frame-0875.png'
00:38.906  render           | Time: 00:00.04 (Saving: 00:00.02)
00:38.906  render           | Rendering frame 876
00:38.906  render           | Start rendering: PNPLINE_MASTER_v002, ViewLayer
00:38.906  render           | Engine: Workbench
00:38.953  render           | Saved: 'F:\pnpline-landing\hero-section-video\blockout\blockout-master-v002\preview\frames\frame-0876.png'
00:38.953  render           | Time: 00:00.04 (Saving: 00:00.02)
00:38.953  render           | Rendering frame 877
00:38.953  render           | Start rendering: PNPLINE_MASTER_v002, ViewLayer
00:38.953  render           | Engine: Workbench
00:39.000  render           | Saved: 'F:\pnpline-landing\hero-section-video\blockout\blockout-master-v002\preview\frames\frame-0877.png'
00:39.000  render           | Time: 00:00.04 (Saving: 00:00.02)
00:39.000  render           | Rendering frame 878
00:39.000  render           | Start rendering: PNPLINE_MASTER_v002, ViewLayer
00:39.000  render           | Engine: Workbench
00:39.047  render           | Saved: 'F:\pnpline-landing\hero-section-video\blockout\blockout-master-v002\preview\frames\frame-0878.png'
00:39.047  render           | Time: 00:00.04 (Saving: 00:00.02)
00:39.047  render           | Rendering frame 879
00:39.047  render           | Start rendering: PNPLINE_MASTER_v002, ViewLayer
00:39.047  render           | Engine: Workbench
00:39.078  render           | Saved: 'F:\pnpline-landing\hero-section-video\blockout\blockout-master-v002\preview\frames\frame-0879.png'
00:39.078  render           | Time: 00:00.04 (Saving: 00:00.02)
00:39.078  render           | Rendering frame 880
00:39.078  render           | Start rendering: PNPLINE_MASTER_v002, ViewLayer
00:39.078  render           | Engine: Workbench
00:39.125  render           | Saved: 'F:\pnpline-landing\hero-section-video\blockout\blockout-master-v002\preview\frames\frame-0880.png'
00:39.125  render           | Time: 00:00.04 (Saving: 00:00.02)
00:39.125  render           | Rendering frame 881
00:39.125  render           | Start rendering: PNPLINE_MASTER_v002, ViewLayer
00:39.125  render           | Engine: Workbench
00:39.172  render           | Saved: 'F:\pnpline-landing\hero-section-video\blockout\blockout-master-v002\preview\frames\frame-0881.png'
00:39.172  render           | Time: 00:00.04 (Saving: 00:00.02)
00:39.172  render           | Rendering frame 882
00:39.172  render           | Start rendering: PNPLINE_MASTER_v002, ViewLayer
00:39.172  render           | Engine: Workbench
00:39.203  render           | Saved: 'F:\pnpline-landing\hero-section-video\blockout\blockout-master-v002\preview\frames\frame-0882.png'
00:39.203  render           | Time: 00:00.04 (Saving: 00:00.01)
00:39.203  render           | Rendering frame 883
00:39.203  render           | Start rendering: PNPLINE_MASTER_v002, ViewLayer
00:39.203  render           | Engine: Workbench
00:39.250  render           | Saved: 'F:\pnpline-landing\hero-section-video\blockout\blockout-master-v002\preview\frames\frame-0883.png'
00:39.250  render           | Time: 00:00.04 (Saving: 00:00.02)
00:39.250  render           | Rendering frame 884
00:39.250  render           | Start rendering: PNPLINE_MASTER_v002, ViewLayer
00:39.250  render           | Engine: Workbench
00:39.281  render           | Saved: 'F:\pnpline-landing\hero-section-video\blockout\blockout-master-v002\preview\frames\frame-0884.png'
00:39.281  render           | Time: 00:00.04 (Saving: 00:00.02)
00:39.281  render           | Rendering frame 885
00:39.281  render           | Start rendering: PNPLINE_MASTER_v002, ViewLayer
00:39.281  render           | Engine: Workbench
00:39.328  render           | Saved: 'F:\pnpline-landing\hero-section-video\blockout\blockout-master-v002\preview\frames\frame-0885.png'
00:39.328  render           | Time: 00:00.04 (Saving: 00:00.01)
00:39.328  render           | Rendering frame 886
00:39.328  render           | Start rendering: PNPLINE_MASTER_v002, ViewLayer
00:39.328  render           | Engine: Workbench
00:39.375  render           | Saved: 'F:\pnpline-landing\hero-section-video\blockout\blockout-master-v002\preview\frames\frame-0886.png'
00:39.375  render           | Time: 00:00.04 (Saving: 00:00.02)
00:39.375  render           | Rendering frame 887
00:39.375  render           | Start rendering: PNPLINE_MASTER_v002, ViewLayer
00:39.375  render           | Engine: Workbench
00:39.422  render           | Saved: 'F:\pnpline-landing\hero-section-video\blockout\blockout-master-v002\preview\frames\frame-0887.png'
00:39.422  render           | Time: 00:00.04 (Saving: 00:00.02)
00:39.422  render           | Rendering frame 888
00:39.422  render           | Start rendering: PNPLINE_MASTER_v002, ViewLayer
00:39.422  render           | Engine: Workbench
00:39.453  render           | Saved: 'F:\pnpline-landing\hero-section-video\blockout\blockout-master-v002\preview\frames\frame-0888.png'
00:39.453  render           | Time: 00:00.04 (Saving: 00:00.02)
00:39.453  render           | Rendering frame 889
00:39.453  render           | Start rendering: PNPLINE_MASTER_v002, ViewLayer
00:39.453  render           | Engine: Workbench
00:39.500  render           | Saved: 'F:\pnpline-landing\hero-section-video\blockout\blockout-master-v002\preview\frames\frame-0889.png'
00:39.500  render           | Time: 00:00.04 (Saving: 00:00.01)
00:39.500  render           | Rendering frame 890
00:39.500  render           | Start rendering: PNPLINE_MASTER_v002, ViewLayer
00:39.500  render           | Engine: Workbench
00:39.547  render           | Saved: 'F:\pnpline-landing\hero-section-video\blockout\blockout-master-v002\preview\frames\frame-0890.png'
00:39.547  render           | Time: 00:00.04 (Saving: 00:00.02)
00:39.547  render           | Rendering frame 891
00:39.547  render           | Start rendering: PNPLINE_MASTER_v002, ViewLayer
00:39.547  render           | Engine: Workbench
00:39.594  render           | Saved: 'F:\pnpline-landing\hero-section-video\blockout\blockout-master-v002\preview\frames\frame-0891.png'
00:39.594  render           | Time: 00:00.04 (Saving: 00:00.02)
00:39.594  render           | Rendering frame 892
00:39.594  render           | Start rendering: PNPLINE_MASTER_v002, ViewLayer
00:39.594  render           | Engine: Workbench
00:39.625  render           | Saved: 'F:\pnpline-landing\hero-section-video\blockout\blockout-master-v002\preview\frames\frame-0892.png'
00:39.625  render           | Time: 00:00.04 (Saving: 00:00.02)
00:39.625  render           | Rendering frame 893
00:39.625  render           | Start rendering: PNPLINE_MASTER_v002, ViewLayer
00:39.625  render           | Engine: Workbench
00:39.672  render           | Saved: 'F:\pnpline-landing\hero-section-video\blockout\blockout-master-v002\preview\frames\frame-0893.png'
00:39.672  render           | Time: 00:00.04 (Saving: 00:00.02)
00:39.672  render           | Rendering frame 894
00:39.672  render           | Start rendering: PNPLINE_MASTER_v002, ViewLayer
00:39.672  render           | Engine: Workbench
00:39.719  render           | Saved: 'F:\pnpline-landing\hero-section-video\blockout\blockout-master-v002\preview\frames\frame-0894.png'
00:39.719  render           | Time: 00:00.04 (Saving: 00:00.01)
00:39.719  render           | Rendering frame 895
00:39.719  render           | Start rendering: PNPLINE_MASTER_v002, ViewLayer
00:39.719  render           | Engine: Workbench
00:39.750  render           | Saved: 'F:\pnpline-landing\hero-section-video\blockout\blockout-master-v002\preview\frames\frame-0895.png'
00:39.750  render           | Time: 00:00.04 (Saving: 00:00.02)
00:39.750  render           | Rendering frame 896
00:39.750  render           | Start rendering: PNPLINE_MASTER_v002, ViewLayer
00:39.750  render           | Engine: Workbench
00:39.797  render           | Saved: 'F:\pnpline-landing\hero-section-video\blockout\blockout-master-v002\preview\frames\frame-0896.png'
00:39.797  render           | Time: 00:00.04 (Saving: 00:00.02)
00:39.797  render           | Rendering frame 897
00:39.797  render           | Start rendering: PNPLINE_MASTER_v002, ViewLayer
00:39.797  render           | Engine: Workbench
00:39.844  render           | Saved: 'F:\pnpline-landing\hero-section-video\blockout\blockout-master-v002\preview\frames\frame-0897.png'
00:39.844  render           | Time: 00:00.04 (Saving: 00:00.02)
00:39.844  render           | Rendering frame 898
00:39.844  render           | Start rendering: PNPLINE_MASTER_v002, ViewLayer
00:39.844  render           | Engine: Workbench
00:39.891  render           | Saved: 'F:\pnpline-landing\hero-section-video\blockout\blockout-master-v002\preview\frames\frame-0898.png'
00:39.891  render           | Time: 00:00.04 (Saving: 00:00.02)
00:39.891  render           | Rendering frame 899
00:39.891  render           | Start rendering: PNPLINE_MASTER_v002, ViewLayer
00:39.891  render           | Engine: Workbench
00:39.938  render           | Saved: 'F:\pnpline-landing\hero-section-video\blockout\blockout-master-v002\preview\frames\frame-0899.png'
00:39.938  render           | Time: 00:00.04 (Saving: 00:00.02)
00:39.938  render           | Rendering frame 900
00:39.938  render           | Start rendering: PNPLINE_MASTER_v002, ViewLayer
00:39.938  render           | Engine: Workbench
00:39.985  render           | Saved: 'F:\pnpline-landing\hero-section-video\blockout\blockout-master-v002\preview\frames\frame-0900.png'
00:39.985  render           | Time: 00:00.04 (Saving: 00:00.02)
00:39.985  render           | Rendering frame 901
00:39.985  render           | Start rendering: PNPLINE_MASTER_v002, ViewLayer
00:39.985  render           | Engine: Workbench
00:40.016  render           | Saved: 'F:\pnpline-landing\hero-section-video\blockout\blockout-master-v002\preview\frames\frame-0901.png'
00:40.016  render           | Time: 00:00.04 (Saving: 00:00.01)
00:40.016  render           | Rendering frame 902
00:40.016  render           | Start rendering: PNPLINE_MASTER_v002, ViewLayer
00:40.016  render           | Engine: Workbench
00:40.063  render           | Saved: 'F:\pnpline-landing\hero-section-video\blockout\blockout-master-v002\preview\frames\frame-0902.png'
00:40.063  render           | Time: 00:00.04 (Saving: 00:00.02)
00:40.063  render           | Rendering frame 903
00:40.063  render           | Start rendering: PNPLINE_MASTER_v002, ViewLayer
00:40.063  render           | Engine: Workbench
00:40.110  render           | Saved: 'F:\pnpline-landing\hero-section-video\blockout\blockout-master-v002\preview\frames\frame-0903.png'
00:40.110  render           | Time: 00:00.04 (Saving: 00:00.02)
00:40.110  render           | Rendering frame 904
00:40.110  render           | Start rendering: PNPLINE_MASTER_v002, ViewLayer
00:40.110  render           | Engine: Workbench
00:40.156  render           | Saved: 'F:\pnpline-landing\hero-section-video\blockout\blockout-master-v002\preview\frames\frame-0904.png'
00:40.156  render           | Time: 00:00.04 (Saving: 00:00.02)
00:40.156  render           | Rendering frame 905
00:40.156  render           | Start rendering: PNPLINE_MASTER_v002, ViewLayer
00:40.156  render           | Engine: Workbench
00:40.188  render           | Saved: 'F:\pnpline-landing\hero-section-video\blockout\blockout-master-v002\preview\frames\frame-0905.png'
00:40.188  render           | Time: 00:00.04 (Saving: 00:00.02)
00:40.188  render           | Rendering frame 906
00:40.188  render           | Start rendering: PNPLINE_MASTER_v002, ViewLayer
00:40.188  render           | Engine: Workbench
00:40.235  render           | Saved: 'F:\pnpline-landing\hero-section-video\blockout\blockout-master-v002\preview\frames\frame-0906.png'
00:40.235  render           | Time: 00:00.04 (Saving: 00:00.01)
00:40.235  render           | Rendering frame 907
00:40.235  render           | Start rendering: PNPLINE_MASTER_v002, ViewLayer
00:40.235  render           | Engine: Workbench
00:40.281  render           | Saved: 'F:\pnpline-landing\hero-section-video\blockout\blockout-master-v002\preview\frames\frame-0907.png'
00:40.281  render           | Time: 00:00.04 (Saving: 00:00.02)
00:40.281  render           | Rendering frame 908
00:40.281  render           | Start rendering: PNPLINE_MASTER_v002, ViewLayer
00:40.281  render           | Engine: Workbench
00:40.328  render           | Saved: 'F:\pnpline-landing\hero-section-video\blockout\blockout-master-v002\preview\frames\frame-0908.png'
00:40.328  render           | Time: 00:00.04 (Saving: 00:00.02)
00:40.328  render           | Rendering frame 909
00:40.328  render           | Start rendering: PNPLINE_MASTER_v002, ViewLayer
00:40.328  render           | Engine: Workbench
00:40.360  render           | Saved: 'F:\pnpline-landing\hero-section-video\blockout\blockout-master-v002\preview\frames\frame-0909.png'
00:40.360  render           | Time: 00:00.04 (Saving: 00:00.01)
00:40.360  render           | Rendering frame 910
00:40.360  render           | Start rendering: PNPLINE_MASTER_v002, ViewLayer
00:40.360  render           | Engine: Workbench
00:40.406  render           | Saved: 'F:\pnpline-landing\hero-section-video\blockout\blockout-master-v002\preview\frames\frame-0910.png'
00:40.406  render           | Time: 00:00.04 (Saving: 00:00.02)
00:40.406  render           | Rendering frame 911
00:40.406  render           | Start rendering: PNPLINE_MASTER_v002, ViewLayer
00:40.406  render           | Engine: Workbench
00:40.453  render           | Saved: 'F:\pnpline-landing\hero-section-video\blockout\blockout-master-v002\preview\frames\frame-0911.png'
00:40.453  render           | Time: 00:00.04 (Saving: 00:00.02)
00:40.453  render           | Rendering frame 912
00:40.453  render           | Start rendering: PNPLINE_MASTER_v002, ViewLayer
00:40.453  render           | Engine: Workbench
00:40.500  render           | Saved: 'F:\pnpline-landing\hero-section-video\blockout\blockout-master-v002\preview\frames\frame-0912.png'
00:40.500  render           | Time: 00:00.04 (Saving: 00:00.02)
00:40.500  render           | Rendering frame 913
00:40.500  render           | Start rendering: PNPLINE_MASTER_v002, ViewLayer
00:40.500  render           | Engine: Workbench
00:40.547  render           | Saved: 'F:\pnpline-landing\hero-section-video\blockout\blockout-master-v002\preview\frames\frame-0913.png'
00:40.547  render           | Time: 00:00.04 (Saving: 00:00.02)
00:40.547  render           | Rendering frame 914
00:40.547  render           | Start rendering: PNPLINE_MASTER_v002, ViewLayer
00:40.547  render           | Engine: Workbench
00:40.594  render           | Saved: 'F:\pnpline-landing\hero-section-video\blockout\blockout-master-v002\preview\frames\frame-0914.png'
00:40.594  render           | Time: 00:00.04 (Saving: 00:00.02)
00:40.594  render           | Rendering frame 915
00:40.594  render           | Start rendering: PNPLINE_MASTER_v002, ViewLayer
00:40.594  render           | Engine: Workbench
00:40.641  render           | Saved: 'F:\pnpline-landing\hero-section-video\blockout\blockout-master-v002\preview\frames\frame-0915.png'
00:40.641  render           | Time: 00:00.04 (Saving: 00:00.02)
00:40.641  render           | Rendering frame 916
00:40.641  render           | Start rendering: PNPLINE_MASTER_v002, ViewLayer
00:40.641  render           | Engine: Workbench
00:40.688  render           | Saved: 'F:\pnpline-landing\hero-section-video\blockout\blockout-master-v002\preview\frames\frame-0916.png'
00:40.688  render           | Time: 00:00.04 (Saving: 00:00.02)
00:40.688  render           | Rendering frame 917
00:40.688  render           | Start rendering: PNPLINE_MASTER_v002, ViewLayer
00:40.688  render           | Engine: Workbench
00:40.735  render           | Saved: 'F:\pnpline-landing\hero-section-video\blockout\blockout-master-v002\preview\frames\frame-0917.png'
00:40.735  render           | Time: 00:00.04 (Saving: 00:00.02)
00:40.735  render           | Rendering frame 918
00:40.735  render           | Start rendering: PNPLINE_MASTER_v002, ViewLayer
00:40.735  render           | Engine: Workbench
00:40.781  render           | Saved: 'F:\pnpline-landing\hero-section-video\blockout\blockout-master-v002\preview\frames\frame-0918.png'
00:40.781  render           | Time: 00:00.04 (Saving: 00:00.02)
00:40.781  render           | Rendering frame 919
00:40.781  render           | Start rendering: PNPLINE_MASTER_v002, ViewLayer
00:40.781  render           | Engine: Workbench
00:40.828  render           | Saved: 'F:\pnpline-landing\hero-section-video\blockout\blockout-master-v002\preview\frames\frame-0919.png'
00:40.828  render           | Time: 00:00.04 (Saving: 00:00.02)
00:40.828  render           | Rendering frame 920
00:40.828  render           | Start rendering: PNPLINE_MASTER_v002, ViewLayer
00:40.828  render           | Engine: Workbench
00:40.875  render           | Saved: 'F:\pnpline-landing\hero-section-video\blockout\blockout-master-v002\preview\frames\frame-0920.png'
00:40.875  render           | Time: 00:00.04 (Saving: 00:00.01)
00:40.875  render           | Rendering frame 921
00:40.875  render           | Start rendering: PNPLINE_MASTER_v002, ViewLayer
00:40.875  render           | Engine: Workbench
00:40.922  render           | Saved: 'F:\pnpline-landing\hero-section-video\blockout\blockout-master-v002\preview\frames\frame-0921.png'
00:40.922  render           | Time: 00:00.04 (Saving: 00:00.02)
00:40.922  render           | Rendering frame 922
00:40.922  render           | Start rendering: PNPLINE_MASTER_v002, ViewLayer
00:40.922  render           | Engine: Workbench
00:40.953  render           | Saved: 'F:\pnpline-landing\hero-section-video\blockout\blockout-master-v002\preview\frames\frame-0922.png'
00:40.953  render           | Time: 00:00.04 (Saving: 00:00.02)
00:40.953  render           | Rendering frame 923
00:40.953  render           | Start rendering: PNPLINE_MASTER_v002, ViewLayer
00:40.953  render           | Engine: Workbench
00:41.000  render           | Saved: 'F:\pnpline-landing\hero-section-video\blockout\blockout-master-v002\preview\frames\frame-0923.png'
00:41.000  render           | Time: 00:00.04 (Saving: 00:00.01)
00:41.000  render           | Rendering frame 924
00:41.000  render           | Start rendering: PNPLINE_MASTER_v002, ViewLayer
00:41.000  render           | Engine: Workbench
00:41.047  render           | Saved: 'F:\pnpline-landing\hero-section-video\blockout\blockout-master-v002\preview\frames\frame-0924.png'
00:41.047  render           | Time: 00:00.04 (Saving: 00:00.02)
00:41.047  render           | Rendering frame 925
00:41.047  render           | Start rendering: PNPLINE_MASTER_v002, ViewLayer
00:41.047  render           | Engine: Workbench
00:41.094  render           | Saved: 'F:\pnpline-landing\hero-section-video\blockout\blockout-master-v002\preview\frames\frame-0925.png'
00:41.094  render           | Time: 00:00.04 (Saving: 00:00.02)
00:41.094  render           | Rendering frame 926
00:41.094  render           | Start rendering: PNPLINE_MASTER_v002, ViewLayer
00:41.094  render           | Engine: Workbench
00:41.141  render           | Saved: 'F:\pnpline-landing\hero-section-video\blockout\blockout-master-v002\preview\frames\frame-0926.png'
00:41.141  render           | Time: 00:00.04 (Saving: 00:00.02)
00:41.141  render           | Rendering frame 927
00:41.141  render           | Start rendering: PNPLINE_MASTER_v002, ViewLayer
00:41.141  render           | Engine: Workbench
00:41.172  render           | Saved: 'F:\pnpline-landing\hero-section-video\blockout\blockout-master-v002\preview\frames\frame-0927.png'
00:41.172  render           | Time: 00:00.04 (Saving: 00:00.01)
00:41.172  render           | Rendering frame 928
00:41.172  render           | Start rendering: PNPLINE_MASTER_v002, ViewLayer
00:41.172  render           | Engine: Workbench
00:41.219  render           | Saved: 'F:\pnpline-landing\hero-section-video\blockout\blockout-master-v002\preview\frames\frame-0928.png'
00:41.219  render           | Time: 00:00.04 (Saving: 00:00.02)
00:41.219  render           | Rendering frame 929
00:41.219  render           | Start rendering: PNPLINE_MASTER_v002, ViewLayer
00:41.219  render           | Engine: Workbench
00:41.266  render           | Saved: 'F:\pnpline-landing\hero-section-video\blockout\blockout-master-v002\preview\frames\frame-0929.png'
00:41.266  render           | Time: 00:00.04 (Saving: 00:00.02)
00:41.266  render           | Rendering frame 930
00:41.266  render           | Start rendering: PNPLINE_MASTER_v002, ViewLayer
00:41.266  render           | Engine: Workbench
00:41.313  render           | Saved: 'F:\pnpline-landing\hero-section-video\blockout\blockout-master-v002\preview\frames\frame-0930.png'
00:41.313  render           | Time: 00:00.04 (Saving: 00:00.01)
00:41.313  render           | Rendering frame 931
00:41.313  render           | Start rendering: PNPLINE_MASTER_v002, ViewLayer
00:41.313  render           | Engine: Workbench
00:41.360  render           | Saved: 'F:\pnpline-landing\hero-section-video\blockout\blockout-master-v002\preview\frames\frame-0931.png'
00:41.360  render           | Time: 00:00.04 (Saving: 00:00.01)
00:41.360  render           | Rendering frame 932
00:41.360  render           | Start rendering: PNPLINE_MASTER_v002, ViewLayer
00:41.360  render           | Engine: Workbench
00:41.406  render           | Saved: 'F:\pnpline-landing\hero-section-video\blockout\blockout-master-v002\preview\frames\frame-0932.png'
00:41.406  render           | Time: 00:00.04 (Saving: 00:00.01)
00:41.406  render           | Rendering frame 933
00:41.406  render           | Start rendering: PNPLINE_MASTER_v002, ViewLayer
00:41.406  render           | Engine: Workbench
00:41.453  render           | Saved: 'F:\pnpline-landing\hero-section-video\blockout\blockout-master-v002\preview\frames\frame-0933.png'
00:41.453  render           | Time: 00:00.04 (Saving: 00:00.01)
00:41.453  render           | Rendering frame 934
00:41.453  render           | Start rendering: PNPLINE_MASTER_v002, ViewLayer
00:41.453  render           | Engine: Workbench
00:41.485  render           | Saved: 'F:\pnpline-landing\hero-section-video\blockout\blockout-master-v002\preview\frames\frame-0934.png'
00:41.485  render           | Time: 00:00.04 (Saving: 00:00.02)
00:41.485  render           | Rendering frame 935
00:41.485  render           | Start rendering: PNPLINE_MASTER_v002, ViewLayer
00:41.485  render           | Engine: Workbench
00:41.531  render           | Saved: 'F:\pnpline-landing\hero-section-video\blockout\blockout-master-v002\preview\frames\frame-0935.png'
00:41.531  render           | Time: 00:00.04 (Saving: 00:00.02)
00:41.531  render           | Rendering frame 936
00:41.531  render           | Start rendering: PNPLINE_MASTER_v002, ViewLayer
00:41.531  render           | Engine: Workbench
00:41.578  render           | Saved: 'F:\pnpline-landing\hero-section-video\blockout\blockout-master-v002\preview\frames\frame-0936.png'
00:41.578  render           | Time: 00:00.04 (Saving: 00:00.02)
00:41.578  render           | Rendering frame 937
00:41.578  render           | Start rendering: PNPLINE_MASTER_v002, ViewLayer
00:41.578  render           | Engine: Workbench
00:41.625  render           | Saved: 'F:\pnpline-landing\hero-section-video\blockout\blockout-master-v002\preview\frames\frame-0937.png'
00:41.625  render           | Time: 00:00.04 (Saving: 00:00.02)
00:41.625  render           | Rendering frame 938
00:41.625  render           | Start rendering: PNPLINE_MASTER_v002, ViewLayer
00:41.625  render           | Engine: Workbench
00:41.672  render           | Saved: 'F:\pnpline-landing\hero-section-video\blockout\blockout-master-v002\preview\frames\frame-0938.png'
00:41.672  render           | Time: 00:00.04 (Saving: 00:00.02)
00:41.672  render           | Rendering frame 939
00:41.672  render           | Start rendering: PNPLINE_MASTER_v002, ViewLayer
00:41.672  render           | Engine: Workbench
00:41.719  render           | Saved: 'F:\pnpline-landing\hero-section-video\blockout\blockout-master-v002\preview\frames\frame-0939.png'
00:41.719  render           | Time: 00:00.04 (Saving: 00:00.02)
00:41.719  render           | Rendering frame 940
00:41.719  render           | Start rendering: PNPLINE_MASTER_v002, ViewLayer
00:41.719  render           | Engine: Workbench
00:41.766  render           | Saved: 'F:\pnpline-landing\hero-section-video\blockout\blockout-master-v002\preview\frames\frame-0940.png'
00:41.766  render           | Time: 00:00.04 (Saving: 00:00.02)
00:41.766  render           | Rendering frame 941
00:41.766  render           | Start rendering: PNPLINE_MASTER_v002, ViewLayer
00:41.766  render           | Engine: Workbench
00:41.797  render           | Saved: 'F:\pnpline-landing\hero-section-video\blockout\blockout-master-v002\preview\frames\frame-0941.png'
00:41.797  render           | Time: 00:00.04 (Saving: 00:00.01)
00:41.797  render           | Rendering frame 942
00:41.797  render           | Start rendering: PNPLINE_MASTER_v002, ViewLayer
00:41.797  render           | Engine: Workbench
00:41.844  render           | Saved: 'F:\pnpline-landing\hero-section-video\blockout\blockout-master-v002\preview\frames\frame-0942.png'
00:41.844  render           | Time: 00:00.04 (Saving: 00:00.02)
00:41.844  render           | Rendering frame 943
00:41.844  render           | Start rendering: PNPLINE_MASTER_v002, ViewLayer
00:41.844  render           | Engine: Workbench
00:41.891  render           | Saved: 'F:\pnpline-landing\hero-section-video\blockout\blockout-master-v002\preview\frames\frame-0943.png'
00:41.891  render           | Time: 00:00.04 (Saving: 00:00.02)
00:41.891  render           | Rendering frame 944
00:41.891  render           | Start rendering: PNPLINE_MASTER_v002, ViewLayer
00:41.891  render           | Engine: Workbench
00:41.938  render           | Saved: 'F:\pnpline-landing\hero-section-video\blockout\blockout-master-v002\preview\frames\frame-0944.png'
00:41.938  render           | Time: 00:00.04 (Saving: 00:00.02)
00:41.938  render           | Rendering frame 945
00:41.938  render           | Start rendering: PNPLINE_MASTER_v002, ViewLayer
00:41.938  render           | Engine: Workbench
00:41.985  render           | Saved: 'F:\pnpline-landing\hero-section-video\blockout\blockout-master-v002\preview\frames\frame-0945.png'
00:41.985  render           | Time: 00:00.04 (Saving: 00:00.02)
00:41.985  render           | Rendering frame 946
00:41.985  render           | Start rendering: PNPLINE_MASTER_v002, ViewLayer
00:41.985  render           | Engine: Workbench
00:42.016  render           | Saved: 'F:\pnpline-landing\hero-section-video\blockout\blockout-master-v002\preview\frames\frame-0946.png'
00:42.016  render           | Time: 00:00.04 (Saving: 00:00.02)
00:42.016  render           | Rendering frame 947
00:42.016  render           | Start rendering: PNPLINE_MASTER_v002, ViewLayer
00:42.016  render           | Engine: Workbench
00:42.063  render           | Saved: 'F:\pnpline-landing\hero-section-video\blockout\blockout-master-v002\preview\frames\frame-0947.png'
00:42.063  render           | Time: 00:00.04 (Saving: 00:00.02)
00:42.063  render           | Rendering frame 948
00:42.063  render           | Start rendering: PNPLINE_MASTER_v002, ViewLayer
00:42.063  render           | Engine: Workbench
00:42.110  render           | Saved: 'F:\pnpline-landing\hero-section-video\blockout\blockout-master-v002\preview\frames\frame-0948.png'
00:42.110  render           | Time: 00:00.04 (Saving: 00:00.02)
00:42.110  render           | Rendering frame 949
00:42.110  render           | Start rendering: PNPLINE_MASTER_v002, ViewLayer
00:42.110  render           | Engine: Workbench
00:42.156  render           | Saved: 'F:\pnpline-landing\hero-section-video\blockout\blockout-master-v002\preview\frames\frame-0949.png'
00:42.156  render           | Time: 00:00.04 (Saving: 00:00.02)
00:42.156  render           | Rendering frame 950
00:42.156  render           | Start rendering: PNPLINE_MASTER_v002, ViewLayer
00:42.156  render           | Engine: Workbench
00:42.203  render           | Saved: 'F:\pnpline-landing\hero-section-video\blockout\blockout-master-v002\preview\frames\frame-0950.png'
00:42.203  render           | Time: 00:00.04 (Saving: 00:00.02)
00:42.203  render           | Rendering frame 951
00:42.203  render           | Start rendering: PNPLINE_MASTER_v002, ViewLayer
00:42.203  render           | Engine: Workbench
00:42.250  render           | Saved: 'F:\pnpline-landing\hero-section-video\blockout\blockout-master-v002\preview\frames\frame-0951.png'
00:42.250  render           | Time: 00:00.04 (Saving: 00:00.02)
00:42.250  render           | Rendering frame 952
00:42.250  render           | Start rendering: PNPLINE_MASTER_v002, ViewLayer
00:42.250  render           | Engine: Workbench
00:42.297  render           | Saved: 'F:\pnpline-landing\hero-section-video\blockout\blockout-master-v002\preview\frames\frame-0952.png'
00:42.297  render           | Time: 00:00.04 (Saving: 00:00.02)
00:42.297  render           | Rendering frame 953
00:42.297  render           | Start rendering: PNPLINE_MASTER_v002, ViewLayer
00:42.297  render           | Engine: Workbench
00:42.344  render           | Saved: 'F:\pnpline-landing\hero-section-video\blockout\blockout-master-v002\preview\frames\frame-0953.png'
00:42.344  render           | Time: 00:00.04 (Saving: 00:00.02)
00:42.344  render           | Rendering frame 954
00:42.344  render           | Start rendering: PNPLINE_MASTER_v002, ViewLayer
00:42.344  render           | Engine: Workbench
00:42.391  render           | Saved: 'F:\pnpline-landing\hero-section-video\blockout\blockout-master-v002\preview\frames\frame-0954.png'
00:42.391  render           | Time: 00:00.04 (Saving: 00:00.02)
00:42.391  render           | Rendering frame 955
00:42.391  render           | Start rendering: PNPLINE_MASTER_v002, ViewLayer
00:42.391  render           | Engine: Workbench
00:42.438  render           | Saved: 'F:\pnpline-landing\hero-section-video\blockout\blockout-master-v002\preview\frames\frame-0955.png'
00:42.438  render           | Time: 00:00.04 (Saving: 00:00.02)
00:42.438  render           | Rendering frame 956
00:42.438  render           | Start rendering: PNPLINE_MASTER_v002, ViewLayer
00:42.438  render           | Engine: Workbench
00:42.485  render           | Saved: 'F:\pnpline-landing\hero-section-video\blockout\blockout-master-v002\preview\frames\frame-0956.png'
00:42.485  render           | Time: 00:00.04 (Saving: 00:00.02)
00:42.485  render           | Rendering frame 957
00:42.485  render           | Start rendering: PNPLINE_MASTER_v002, ViewLayer
00:42.485  render           | Engine: Workbench
00:42.531  render           | Saved: 'F:\pnpline-landing\hero-section-video\blockout\blockout-master-v002\preview\frames\frame-0957.png'
00:42.531  render           | Time: 00:00.05 (Saving: 00:00.02)
00:42.531  render           | Rendering frame 958
00:42.531  render           | Start rendering: PNPLINE_MASTER_v002, ViewLayer
00:42.531  render           | Engine: Workbench
00:42.578  render           | Saved: 'F:\pnpline-landing\hero-section-video\blockout\blockout-master-v002\preview\frames\frame-0958.png'
00:42.578  render           | Time: 00:00.04 (Saving: 00:00.02)
00:42.578  render           | Rendering frame 959
00:42.578  render           | Start rendering: PNPLINE_MASTER_v002, ViewLayer
00:42.578  render           | Engine: Workbench
00:42.625  render           | Saved: 'F:\pnpline-landing\hero-section-video\blockout\blockout-master-v002\preview\frames\frame-0959.png'
00:42.625  render           | Time: 00:00.04 (Saving: 00:00.02)
00:42.625  render           | Rendering frame 960
00:42.625  render           | Start rendering: PNPLINE_MASTER_v002, ViewLayer
00:42.625  render           | Engine: Workbench
00:42.672  render           | Saved: 'F:\pnpline-landing\hero-section-video\blockout\blockout-master-v002\preview\frames\frame-0960.png'
00:42.672  render           | Time: 00:00.04 (Saving: 00:00.02)
00:42.672  render           | Rendering frame 961
00:42.672  render           | Start rendering: PNPLINE_MASTER_v002, ViewLayer
00:42.672  render           | Engine: Workbench
00:42.719  render           | Saved: 'F:\pnpline-landing\hero-section-video\blockout\blockout-master-v002\preview\frames\frame-0961.png'
00:42.719  render           | Time: 00:00.04 (Saving: 00:00.02)
00:42.719  render           | Rendering frame 962
00:42.719  render           | Start rendering: PNPLINE_MASTER_v002, ViewLayer
00:42.719  render           | Engine: Workbench
00:42.750  render           | Saved: 'F:\pnpline-landing\hero-section-video\blockout\blockout-master-v002\preview\frames\frame-0962.png'
00:42.750  render           | Time: 00:00.04 (Saving: 00:00.02)
00:42.750  render           | Rendering frame 963
00:42.750  render           | Start rendering: PNPLINE_MASTER_v002, ViewLayer
00:42.750  render           | Engine: Workbench
00:42.797  render           | Saved: 'F:\pnpline-landing\hero-section-video\blockout\blockout-master-v002\preview\frames\frame-0963.png'
00:42.797  render           | Time: 00:00.04 (Saving: 00:00.02)
00:42.797  render           | Rendering frame 964
00:42.797  render           | Start rendering: PNPLINE_MASTER_v002, ViewLayer
00:42.797  render           | Engine: Workbench
00:42.844  render           | Saved: 'F:\pnpline-landing\hero-section-video\blockout\blockout-master-v002\preview\frames\frame-0964.png'
00:42.844  render           | Time: 00:00.04 (Saving: 00:00.02)
00:42.844  render           | Rendering frame 965
00:42.844  render           | Start rendering: PNPLINE_MASTER_v002, ViewLayer
00:42.844  render           | Engine: Workbench
00:42.891  render           | Saved: 'F:\pnpline-landing\hero-section-video\blockout\blockout-master-v002\preview\frames\frame-0965.png'
00:42.891  render           | Time: 00:00.04 (Saving: 00:00.02)
00:42.891  render           | Rendering frame 966
00:42.891  render           | Start rendering: PNPLINE_MASTER_v002, ViewLayer
00:42.891  render           | Engine: Workbench
00:42.938  render           | Saved: 'F:\pnpline-landing\hero-section-video\blockout\blockout-master-v002\preview\frames\frame-0966.png'
00:42.938  render           | Time: 00:00.05 (Saving: 00:00.02)
00:42.938  render           | Rendering frame 967
00:42.938  render           | Start rendering: PNPLINE_MASTER_v002, ViewLayer
00:42.938  render           | Engine: Workbench
00:42.985  render           | Saved: 'F:\pnpline-landing\hero-section-video\blockout\blockout-master-v002\preview\frames\frame-0967.png'
00:42.985  render           | Time: 00:00.04 (Saving: 00:00.02)
00:42.985  render           | Rendering frame 968
00:42.985  render           | Start rendering: PNPLINE_MASTER_v002, ViewLayer
00:42.985  render           | Engine: Workbench
00:43.031  render           | Saved: 'F:\pnpline-landing\hero-section-video\blockout\blockout-master-v002\preview\frames\frame-0968.png'
00:43.031  render           | Time: 00:00.04 (Saving: 00:00.02)
00:43.031  render           | Rendering frame 969
00:43.031  render           | Start rendering: PNPLINE_MASTER_v002, ViewLayer
00:43.031  render           | Engine: Workbench
00:43.078  render           | Saved: 'F:\pnpline-landing\hero-section-video\blockout\blockout-master-v002\preview\frames\frame-0969.png'
00:43.078  render           | Time: 00:00.04 (Saving: 00:00.02)
00:43.078  render           | Rendering frame 970
00:43.078  render           | Start rendering: PNPLINE_MASTER_v002, ViewLayer
00:43.078  render           | Engine: Workbench
00:43.125  render           | Saved: 'F:\pnpline-landing\hero-section-video\blockout\blockout-master-v002\preview\frames\frame-0970.png'
00:43.125  render           | Time: 00:00.04 (Saving: 00:00.02)
00:43.125  render           | Rendering frame 971
00:43.125  render           | Start rendering: PNPLINE_MASTER_v002, ViewLayer
00:43.125  render           | Engine: Workbench
00:43.156  render           | Saved: 'F:\pnpline-landing\hero-section-video\blockout\blockout-master-v002\preview\frames\frame-0971.png'
00:43.156  render           | Time: 00:00.04 (Saving: 00:00.02)
00:43.156  render           | Rendering frame 972
00:43.156  render           | Start rendering: PNPLINE_MASTER_v002, ViewLayer
00:43.156  render           | Engine: Workbench
00:43.203  render           | Saved: 'F:\pnpline-landing\hero-section-video\blockout\blockout-master-v002\preview\frames\frame-0972.png'
00:43.203  render           | Time: 00:00.04 (Saving: 00:00.02)
00:43.203  render           | Rendering frame 973
00:43.203  render           | Start rendering: PNPLINE_MASTER_v002, ViewLayer
00:43.203  render           | Engine: Workbench
00:43.250  render           | Saved: 'F:\pnpline-landing\hero-section-video\blockout\blockout-master-v002\preview\frames\frame-0973.png'
00:43.250  render           | Time: 00:00.05 (Saving: 00:00.02)
00:43.250  render           | Rendering frame 974
00:43.250  render           | Start rendering: PNPLINE_MASTER_v002, ViewLayer
00:43.250  render           | Engine: Workbench
00:43.297  render           | Saved: 'F:\pnpline-landing\hero-section-video\blockout\blockout-master-v002\preview\frames\frame-0974.png'
00:43.297  render           | Time: 00:00.04 (Saving: 00:00.02)
00:43.297  render           | Rendering frame 975
00:43.297  render           | Start rendering: PNPLINE_MASTER_v002, ViewLayer
00:43.297  render           | Engine: Workbench
00:43.360  render           | Saved: 'F:\pnpline-landing\hero-section-video\blockout\blockout-master-v002\preview\frames\frame-0975.png'
00:43.360  render           | Time: 00:00.04 (Saving: 00:00.02)
00:43.360  render           | Rendering frame 976
00:43.360  render           | Start rendering: PNPLINE_MASTER_v002, ViewLayer
00:43.360  render           | Engine: Workbench
00:43.453  render           | Saved: 'F:\pnpline-landing\hero-section-video\blockout\blockout-master-v002\preview\frames\frame-0976.png'
00:43.453  render           | Time: 00:00.10 (Saving: 00:00.02)
00:43.453  render           | Rendering frame 977
00:43.453  render           | Start rendering: PNPLINE_MASTER_v002, ViewLayer
00:43.453  render           | Engine: Workbench
00:43.516  render           | Saved: 'F:\pnpline-landing\hero-section-video\blockout\blockout-master-v002\preview\frames\frame-0977.png'
00:43.516  render           | Time: 00:00.05 (Saving: 00:00.02)
00:43.516  render           | Rendering frame 978
00:43.516  render           | Start rendering: PNPLINE_MASTER_v002, ViewLayer
00:43.516  render           | Engine: Workbench
00:43.578  render           | Saved: 'F:\pnpline-landing\hero-section-video\blockout\blockout-master-v002\preview\frames\frame-0978.png'
00:43.578  render           | Time: 00:00.05 (Saving: 00:00.01)
00:43.578  render           | Rendering frame 979
00:43.578  render           | Start rendering: PNPLINE_MASTER_v002, ViewLayer
00:43.578  render           | Engine: Workbench
00:43.641  render           | Saved: 'F:\pnpline-landing\hero-section-video\blockout\blockout-master-v002\preview\frames\frame-0979.png'
00:43.641  render           | Time: 00:00.05 (Saving: 00:00.02)
00:43.641  render           | Rendering frame 980
00:43.641  render           | Start rendering: PNPLINE_MASTER_v002, ViewLayer
00:43.641  render           | Engine: Workbench
00:43.672  render           | Saved: 'F:\pnpline-landing\hero-section-video\blockout\blockout-master-v002\preview\frames\frame-0980.png'
00:43.672  render           | Time: 00:00.04 (Saving: 00:00.02)
00:43.672  render           | Rendering frame 981
00:43.672  render           | Start rendering: PNPLINE_MASTER_v002, ViewLayer
00:43.672  render           | Engine: Workbench
00:43.719  render           | Saved: 'F:\pnpline-landing\hero-section-video\blockout\blockout-master-v002\preview\frames\frame-0981.png'
00:43.719  render           | Time: 00:00.04 (Saving: 00:00.02)
00:43.719  render           | Rendering frame 982
00:43.719  render           | Start rendering: PNPLINE_MASTER_v002, ViewLayer
00:43.719  render           | Engine: Workbench
00:43.766  render           | Saved: 'F:\pnpline-landing\hero-section-video\blockout\blockout-master-v002\preview\frames\frame-0982.png'
00:43.766  render           | Time: 00:00.04 (Saving: 00:00.02)
00:43.766  render           | Rendering frame 983
00:43.766  render           | Start rendering: PNPLINE_MASTER_v002, ViewLayer
00:43.766  render           | Engine: Workbench
00:43.813  render           | Saved: 'F:\pnpline-landing\hero-section-video\blockout\blockout-master-v002\preview\frames\frame-0983.png'
00:43.813  render           | Time: 00:00.04 (Saving: 00:00.02)
00:43.813  render           | Rendering frame 984
00:43.813  render           | Start rendering: PNPLINE_MASTER_v002, ViewLayer
00:43.813  render           | Engine: Workbench
00:43.860  render           | Saved: 'F:\pnpline-landing\hero-section-video\blockout\blockout-master-v002\preview\frames\frame-0984.png'
00:43.860  render           | Time: 00:00.04 (Saving: 00:00.02)
00:43.860  render           | Rendering frame 985
00:43.860  render           | Start rendering: PNPLINE_MASTER_v002, ViewLayer
00:43.860  render           | Engine: Workbench
00:43.906  render           | Saved: 'F:\pnpline-landing\hero-section-video\blockout\blockout-master-v002\preview\frames\frame-0985.png'
00:43.906  render           | Time: 00:00.04 (Saving: 00:00.02)
00:43.906  render           | Rendering frame 986
00:43.906  render           | Start rendering: PNPLINE_MASTER_v002, ViewLayer
00:43.906  render           | Engine: Workbench
00:43.953  render           | Saved: 'F:\pnpline-landing\hero-section-video\blockout\blockout-master-v002\preview\frames\frame-0986.png'
00:43.953  render           | Time: 00:00.04 (Saving: 00:00.02)
00:43.953  render           | Rendering frame 987
00:43.953  render           | Start rendering: PNPLINE_MASTER_v002, ViewLayer
00:43.953  render           | Engine: Workbench
00:44.000  render           | Saved: 'F:\pnpline-landing\hero-section-video\blockout\blockout-master-v002\preview\frames\frame-0987.png'
00:44.000  render           | Time: 00:00.04 (Saving: 00:00.02)
00:44.000  render           | Rendering frame 988
00:44.000  render           | Start rendering: PNPLINE_MASTER_v002, ViewLayer
00:44.000  render           | Engine: Workbench
00:44.047  render           | Saved: 'F:\pnpline-landing\hero-section-video\blockout\blockout-master-v002\preview\frames\frame-0988.png'
00:44.047  render           | Time: 00:00.04 (Saving: 00:00.02)
00:44.047  render           | Rendering frame 989
00:44.047  render           | Start rendering: PNPLINE_MASTER_v002, ViewLayer
00:44.047  render           | Engine: Workbench
00:44.094  render           | Saved: 'F:\pnpline-landing\hero-section-video\blockout\blockout-master-v002\preview\frames\frame-0989.png'
00:44.094  render           | Time: 00:00.04 (Saving: 00:00.02)
00:44.094  render           | Rendering frame 990
00:44.094  render           | Start rendering: PNPLINE_MASTER_v002, ViewLayer
00:44.094  render           | Engine: Workbench
00:44.141  render           | Saved: 'F:\pnpline-landing\hero-section-video\blockout\blockout-master-v002\preview\frames\frame-0990.png'
00:44.141  render           | Time: 00:00.04 (Saving: 00:00.02)
00:44.141  render           | Rendering frame 991
00:44.141  render           | Start rendering: PNPLINE_MASTER_v002, ViewLayer
00:44.141  render           | Engine: Workbench
00:44.188  render           | Saved: 'F:\pnpline-landing\hero-section-video\blockout\blockout-master-v002\preview\frames\frame-0991.png'
00:44.188  render           | Time: 00:00.04 (Saving: 00:00.02)
00:44.188  render           | Rendering frame 992
00:44.188  render           | Start rendering: PNPLINE_MASTER_v002, ViewLayer
00:44.188  render           | Engine: Workbench
00:44.235  render           | Saved: 'F:\pnpline-landing\hero-section-video\blockout\blockout-master-v002\preview\frames\frame-0992.png'
00:44.235  render           | Time: 00:00.04 (Saving: 00:00.02)
00:44.235  render           | Rendering frame 993
00:44.235  render           | Start rendering: PNPLINE_MASTER_v002, ViewLayer
00:44.235  render           | Engine: Workbench
00:44.266  render           | Saved: 'F:\pnpline-landing\hero-section-video\blockout\blockout-master-v002\preview\frames\frame-0993.png'
00:44.266  render           | Time: 00:00.04 (Saving: 00:00.02)
00:44.266  render           | Rendering frame 994
00:44.281  render           | Start rendering: PNPLINE_MASTER_v002, ViewLayer
00:44.281  render           | Engine: Workbench
00:44.313  render           | Saved: 'F:\pnpline-landing\hero-section-video\blockout\blockout-master-v002\preview\frames\frame-0994.png'
00:44.313  render           | Time: 00:00.04 (Saving: 00:00.02)
00:44.313  render           | Rendering frame 995
00:44.313  render           | Start rendering: PNPLINE_MASTER_v002, ViewLayer
00:44.313  render           | Engine: Workbench
00:44.360  render           | Saved: 'F:\pnpline-landing\hero-section-video\blockout\blockout-master-v002\preview\frames\frame-0995.png'
00:44.360  render           | Time: 00:00.04 (Saving: 00:00.02)
00:44.360  render           | Rendering frame 996
00:44.360  render           | Start rendering: PNPLINE_MASTER_v002, ViewLayer
00:44.360  render           | Engine: Workbench
00:44.406  render           | Saved: 'F:\pnpline-landing\hero-section-video\blockout\blockout-master-v002\preview\frames\frame-0996.png'
00:44.406  render           | Time: 00:00.04 (Saving: 00:00.02)
00:44.406  render           | Rendering frame 997
00:44.406  render           | Start rendering: PNPLINE_MASTER_v002, ViewLayer
00:44.406  render           | Engine: Workbench
00:44.453  render           | Saved: 'F:\pnpline-landing\hero-section-video\blockout\blockout-master-v002\preview\frames\frame-0997.png'
00:44.453  render           | Time: 00:00.04 (Saving: 00:00.02)
00:44.453  render           | Rendering frame 998
00:44.453  render           | Start rendering: PNPLINE_MASTER_v002, ViewLayer
00:44.453  render           | Engine: Workbench
00:44.485  render           | Saved: 'F:\pnpline-landing\hero-section-video\blockout\blockout-master-v002\preview\frames\frame-0998.png'
00:44.485  render           | Time: 00:00.04 (Saving: 00:00.02)
00:44.485  render           | Rendering frame 999
00:44.485  render           | Start rendering: PNPLINE_MASTER_v002, ViewLayer
00:44.485  render           | Engine: Workbench
00:44.531  render           | Saved: 'F:\pnpline-landing\hero-section-video\blockout\blockout-master-v002\preview\frames\frame-0999.png'
00:44.531  render           | Time: 00:00.04 (Saving: 00:00.02)
00:44.531  render           | Rendering frame 1000
00:44.531  render           | Start rendering: PNPLINE_MASTER_v002, ViewLayer
00:44.531  render           | Engine: Workbench
00:44.578  render           | Saved: 'F:\pnpline-landing\hero-section-video\blockout\blockout-master-v002\preview\frames\frame-1000.png'
00:44.578  render           | Time: 00:00.04 (Saving: 00:00.02)
00:44.578  render           | Rendering frame 1001
00:44.578  render           | Start rendering: PNPLINE_MASTER_v002, ViewLayer
00:44.578  render           | Engine: Workbench
00:44.625  render           | Saved: 'F:\pnpline-landing\hero-section-video\blockout\blockout-master-v002\preview\frames\frame-1001.png'
00:44.625  render           | Time: 00:00.04 (Saving: 00:00.02)
00:44.625  render           | Rendering frame 1002
00:44.625  render           | Start rendering: PNPLINE_MASTER_v002, ViewLayer
00:44.625  render           | Engine: Workbench
00:44.672  render           | Saved: 'F:\pnpline-landing\hero-section-video\blockout\blockout-master-v002\preview\frames\frame-1002.png'
00:44.672  render           | Time: 00:00.04 (Saving: 00:00.02)
00:44.672  render           | Rendering frame 1003
00:44.672  render           | Start rendering: PNPLINE_MASTER_v002, ViewLayer
00:44.672  render           | Engine: Workbench
00:44.719  render           | Saved: 'F:\pnpline-landing\hero-section-video\blockout\blockout-master-v002\preview\frames\frame-1003.png'
00:44.719  render           | Time: 00:00.04 (Saving: 00:00.02)
00:44.719  render           | Rendering frame 1004
00:44.719  render           | Start rendering: PNPLINE_MASTER_v002, ViewLayer
00:44.719  render           | Engine: Workbench
00:44.766  render           | Saved: 'F:\pnpline-landing\hero-section-video\blockout\blockout-master-v002\preview\frames\frame-1004.png'
00:44.766  render           | Time: 00:00.04 (Saving: 00:00.02)
00:44.766  render           | Rendering frame 1005
00:44.766  render           | Start rendering: PNPLINE_MASTER_v002, ViewLayer
00:44.766  render           | Engine: Workbench
00:44.813  render           | Saved: 'F:\pnpline-landing\hero-section-video\blockout\blockout-master-v002\preview\frames\frame-1005.png'
00:44.813  render           | Time: 00:00.04 (Saving: 00:00.02)
00:44.813  render           | Rendering frame 1006
00:44.813  render           | Start rendering: PNPLINE_MASTER_v002, ViewLayer
00:44.813  render           | Engine: Workbench
00:44.844  render           | Saved: 'F:\pnpline-landing\hero-section-video\blockout\blockout-master-v002\preview\frames\frame-1006.png'
00:44.844  render           | Time: 00:00.04 (Saving: 00:00.02)
00:44.844  render           | Rendering frame 1007
00:44.844  render           | Start rendering: PNPLINE_MASTER_v002, ViewLayer
00:44.844  render           | Engine: Workbench
00:44.891  render           | Saved: 'F:\pnpline-landing\hero-section-video\blockout\blockout-master-v002\preview\frames\frame-1007.png'
00:44.891  render           | Time: 00:00.04 (Saving: 00:00.02)
00:44.891  render           | Rendering frame 1008
00:44.891  render           | Start rendering: PNPLINE_MASTER_v002, ViewLayer
00:44.891  render           | Engine: Workbench
00:44.938  render           | Saved: 'F:\pnpline-landing\hero-section-video\blockout\blockout-master-v002\preview\frames\frame-1008.png'
00:44.938  render           | Time: 00:00.04 (Saving: 00:00.02)
00:44.938  render           | Rendering frame 1009
00:44.938  render           | Start rendering: PNPLINE_MASTER_v002, ViewLayer
00:44.938  render           | Engine: Workbench
00:44.985  render           | Saved: 'F:\pnpline-landing\hero-section-video\blockout\blockout-master-v002\preview\frames\frame-1009.png'
00:44.985  render           | Time: 00:00.04 (Saving: 00:00.02)
00:44.985  render           | Rendering frame 1010
00:44.985  render           | Start rendering: PNPLINE_MASTER_v002, ViewLayer
00:44.985  render           | Engine: Workbench
00:45.031  render           | Saved: 'F:\pnpline-landing\hero-section-video\blockout\blockout-master-v002\preview\frames\frame-1010.png'
00:45.031  render           | Time: 00:00.04 (Saving: 00:00.02)
00:45.031  render           | Rendering frame 1011
00:45.031  render           | Start rendering: PNPLINE_MASTER_v002, ViewLayer
00:45.031  render           | Engine: Workbench
00:45.063  render           | Saved: 'F:\pnpline-landing\hero-section-video\blockout\blockout-master-v002\preview\frames\frame-1011.png'
00:45.063  render           | Time: 00:00.04 (Saving: 00:00.02)
00:45.063  render           | Rendering frame 1012
00:45.063  render           | Start rendering: PNPLINE_MASTER_v002, ViewLayer
00:45.063  render           | Engine: Workbench
00:45.110  render           | Saved: 'F:\pnpline-landing\hero-section-video\blockout\blockout-master-v002\preview\frames\frame-1012.png'
00:45.110  render           | Time: 00:00.04 (Saving: 00:00.02)
00:45.110  render           | Rendering frame 1013
00:45.110  render           | Start rendering: PNPLINE_MASTER_v002, ViewLayer
00:45.110  render           | Engine: Workbench
00:45.156  render           | Saved: 'F:\pnpline-landing\hero-section-video\blockout\blockout-master-v002\preview\frames\frame-1013.png'
00:45.156  render           | Time: 00:00.04 (Saving: 00:00.02)
00:45.156  render           | Rendering frame 1014
00:45.156  render           | Start rendering: PNPLINE_MASTER_v002, ViewLayer
00:45.156  render           | Engine: Workbench
00:45.203  render           | Saved: 'F:\pnpline-landing\hero-section-video\blockout\blockout-master-v002\preview\frames\frame-1014.png'
00:45.203  render           | Time: 00:00.04 (Saving: 00:00.02)
00:45.203  render           | Rendering frame 1015
00:45.203  render           | Start rendering: PNPLINE_MASTER_v002, ViewLayer
00:45.203  render           | Engine: Workbench
00:45.235  render           | Saved: 'F:\pnpline-landing\hero-section-video\blockout\blockout-master-v002\preview\frames\frame-1015.png'
00:45.235  render           | Time: 00:00.04 (Saving: 00:00.02)
00:45.235  render           | Rendering frame 1016
00:45.235  render           | Start rendering: PNPLINE_MASTER_v002, ViewLayer
00:45.235  render           | Engine: Workbench
00:45.281  render           | Saved: 'F:\pnpline-landing\hero-section-video\blockout\blockout-master-v002\preview\frames\frame-1016.png'
00:45.281  render           | Time: 00:00.04 (Saving: 00:00.02)
00:45.281  render           | Rendering frame 1017
00:45.281  render           | Start rendering: PNPLINE_MASTER_v002, ViewLayer
00:45.281  render           | Engine: Workbench
00:45.328  render           | Saved: 'F:\pnpline-landing\hero-section-video\blockout\blockout-master-v002\preview\frames\frame-1017.png'
00:45.328  render           | Time: 00:00.04 (Saving: 00:00.02)
00:45.328  render           | Rendering frame 1018
00:45.328  render           | Start rendering: PNPLINE_MASTER_v002, ViewLayer
00:45.328  render           | Engine: Workbench
00:45.375  render           | Saved: 'F:\pnpline-landing\hero-section-video\blockout\blockout-master-v002\preview\frames\frame-1018.png'
00:45.375  render           | Time: 00:00.04 (Saving: 00:00.02)
00:45.375  render           | Rendering frame 1019
00:45.375  render           | Start rendering: PNPLINE_MASTER_v002, ViewLayer
00:45.375  render           | Engine: Workbench
00:45.422  render           | Saved: 'F:\pnpline-landing\hero-section-video\blockout\blockout-master-v002\preview\frames\frame-1019.png'
00:45.422  render           | Time: 00:00.04 (Saving: 00:00.02)
00:45.422  render           | Rendering frame 1020
00:45.422  render           | Start rendering: PNPLINE_MASTER_v002, ViewLayer
00:45.422  render           | Engine: Workbench
00:45.469  render           | Saved: 'F:\pnpline-landing\hero-section-video\blockout\blockout-master-v002\preview\frames\frame-1020.png'
00:45.469  render           | Time: 00:00.04 (Saving: 00:00.02)
00:45.469  render           | Rendering frame 1021
00:45.469  render           | Start rendering: PNPLINE_MASTER_v002, ViewLayer
00:45.469  render           | Engine: Workbench
00:45.516  render           | Saved: 'F:\pnpline-landing\hero-section-video\blockout\blockout-master-v002\preview\frames\frame-1021.png'
00:45.516  render           | Time: 00:00.04 (Saving: 00:00.02)
00:45.516  render           | Rendering frame 1022
00:45.516  render           | Start rendering: PNPLINE_MASTER_v002, ViewLayer
00:45.516  render           | Engine: Workbench
00:45.563  render           | Saved: 'F:\pnpline-landing\hero-section-video\blockout\blockout-master-v002\preview\frames\frame-1022.png'
00:45.563  render           | Time: 00:00.04 (Saving: 00:00.02)
00:45.563  render           | Rendering frame 1023
00:45.563  render           | Start rendering: PNPLINE_MASTER_v002, ViewLayer
00:45.563  render           | Engine: Workbench
00:45.610  render           | Saved: 'F:\pnpline-landing\hero-section-video\blockout\blockout-master-v002\preview\frames\frame-1023.png'
00:45.610  render           | Time: 00:00.05 (Saving: 00:00.02)
00:45.610  render           | Rendering frame 1024
00:45.610  render           | Start rendering: PNPLINE_MASTER_v002, ViewLayer
00:45.610  render           | Engine: Workbench
00:45.656  render           | Saved: 'F:\pnpline-landing\hero-section-video\blockout\blockout-master-v002\preview\frames\frame-1024.png'
00:45.656  render           | Time: 00:00.04 (Saving: 00:00.02)
00:45.656  render           | Rendering frame 1025
00:45.656  render           | Start rendering: PNPLINE_MASTER_v002, ViewLayer
00:45.656  render           | Engine: Workbench
00:45.703  render           | Saved: 'F:\pnpline-landing\hero-section-video\blockout\blockout-master-v002\preview\frames\frame-1025.png'
00:45.703  render           | Time: 00:00.04 (Saving: 00:00.02)
00:45.703  render           | Rendering frame 1026
00:45.703  render           | Start rendering: PNPLINE_MASTER_v002, ViewLayer
00:45.703  render           | Engine: Workbench
00:45.750  render           | Saved: 'F:\pnpline-landing\hero-section-video\blockout\blockout-master-v002\preview\frames\frame-1026.png'
00:45.750  render           | Time: 00:00.04 (Saving: 00:00.02)
00:45.750  render           | Rendering frame 1027
00:45.750  render           | Start rendering: PNPLINE_MASTER_v002, ViewLayer
00:45.750  render           | Engine: Workbench
00:45.797  render           | Saved: 'F:\pnpline-landing\hero-section-video\blockout\blockout-master-v002\preview\frames\frame-1027.png'
00:45.797  render           | Time: 00:00.04 (Saving: 00:00.02)
00:45.797  render           | Rendering frame 1028
00:45.797  render           | Start rendering: PNPLINE_MASTER_v002, ViewLayer
00:45.797  render           | Engine: Workbench
00:45.844  render           | Saved: 'F:\pnpline-landing\hero-section-video\blockout\blockout-master-v002\preview\frames\frame-1028.png'
00:45.844  render           | Time: 00:00.04 (Saving: 00:00.02)
00:45.844  render           | Rendering frame 1029
00:45.844  render           | Start rendering: PNPLINE_MASTER_v002, ViewLayer
00:45.844  render           | Engine: Workbench
00:45.906  render           | Saved: 'F:\pnpline-landing\hero-section-video\blockout\blockout-master-v002\preview\frames\frame-1029.png'
00:45.906  render           | Time: 00:00.05 (Saving: 00:00.02)
00:45.906  render           | Rendering frame 1030
00:45.906  render           | Start rendering: PNPLINE_MASTER_v002, ViewLayer
00:45.906  render           | Engine: Workbench
00:45.953  render           | Saved: 'F:\pnpline-landing\hero-section-video\blockout\blockout-master-v002\preview\frames\frame-1030.png'
00:45.953  render           | Time: 00:00.04 (Saving: 00:00.02)
00:45.953  render           | Rendering frame 1031
00:45.953  render           | Start rendering: PNPLINE_MASTER_v002, ViewLayer
00:45.953  render           | Engine: Workbench
00:46.000  render           | Saved: 'F:\pnpline-landing\hero-section-video\blockout\blockout-master-v002\preview\frames\frame-1031.png'
00:46.000  render           | Time: 00:00.04 (Saving: 00:00.02)
00:46.000  render           | Rendering frame 1032
00:46.000  render           | Start rendering: PNPLINE_MASTER_v002, ViewLayer
00:46.000  render           | Engine: Workbench
00:46.047  render           | Saved: 'F:\pnpline-landing\hero-section-video\blockout\blockout-master-v002\preview\frames\frame-1032.png'
00:46.047  render           | Time: 00:00.04 (Saving: 00:00.02)
00:46.047  render           | Rendering frame 1033
00:46.047  render           | Start rendering: PNPLINE_MASTER_v002, ViewLayer
00:46.047  render           | Engine: Workbench
00:46.078  render           | Saved: 'F:\pnpline-landing\hero-section-video\blockout\blockout-master-v002\preview\frames\frame-1033.png'
00:46.078  render           | Time: 00:00.04 (Saving: 00:00.02)
00:46.078  render           | Rendering frame 1034
00:46.078  render           | Start rendering: PNPLINE_MASTER_v002, ViewLayer
00:46.078  render           | Engine: Workbench
00:46.125  render           | Saved: 'F:\pnpline-landing\hero-section-video\blockout\blockout-master-v002\preview\frames\frame-1034.png'
00:46.125  render           | Time: 00:00.04 (Saving: 00:00.02)
00:46.125  render           | Rendering frame 1035
00:46.125  render           | Start rendering: PNPLINE_MASTER_v002, ViewLayer
00:46.125  render           | Engine: Workbench
00:46.172  render           | Saved: 'F:\pnpline-landing\hero-section-video\blockout\blockout-master-v002\preview\frames\frame-1035.png'
00:46.172  render           | Time: 00:00.04 (Saving: 00:00.02)
00:46.172  render           | Rendering frame 1036
00:46.172  render           | Start rendering: PNPLINE_MASTER_v002, ViewLayer
00:46.172  render           | Engine: Workbench
00:46.219  render           | Saved: 'F:\pnpline-landing\hero-section-video\blockout\blockout-master-v002\preview\frames\frame-1036.png'
00:46.219  render           | Time: 00:00.04 (Saving: 00:00.02)
00:46.219  render           | Rendering frame 1037
00:46.219  render           | Start rendering: PNPLINE_MASTER_v002, ViewLayer
00:46.219  render           | Engine: Workbench
00:46.266  render           | Saved: 'F:\pnpline-landing\hero-section-video\blockout\blockout-master-v002\preview\frames\frame-1037.png'
00:46.266  render           | Time: 00:00.04 (Saving: 00:00.02)
00:46.266  render           | Rendering frame 1038
00:46.266  render           | Start rendering: PNPLINE_MASTER_v002, ViewLayer
00:46.266  render           | Engine: Workbench
00:46.313  render           | Saved: 'F:\pnpline-landing\hero-section-video\blockout\blockout-master-v002\preview\frames\frame-1038.png'
00:46.313  render           | Time: 00:00.04 (Saving: 00:00.02)
00:46.313  render           | Rendering frame 1039
00:46.313  render           | Start rendering: PNPLINE_MASTER_v002, ViewLayer
00:46.313  render           | Engine: Workbench
00:46.344  render           | Saved: 'F:\pnpline-landing\hero-section-video\blockout\blockout-master-v002\preview\frames\frame-1039.png'
00:46.344  render           | Time: 00:00.04 (Saving: 00:00.02)
00:46.344  render           | Rendering frame 1040
00:46.344  render           | Start rendering: PNPLINE_MASTER_v002, ViewLayer
00:46.344  render           | Engine: Workbench
00:46.406  render           | Saved: 'F:\pnpline-landing\hero-section-video\blockout\blockout-master-v002\preview\frames\frame-1040.png'
00:46.406  render           | Time: 00:00.04 (Saving: 00:00.02)
00:46.406  render           | Rendering frame 1041
00:46.406  render           | Start rendering: PNPLINE_MASTER_v002, ViewLayer
00:46.406  render           | Engine: Workbench
00:46.438  render           | Saved: 'F:\pnpline-landing\hero-section-video\blockout\blockout-master-v002\preview\frames\frame-1041.png'
00:46.438  render           | Time: 00:00.04 (Saving: 00:00.02)
00:46.438  render           | Rendering frame 1042
00:46.438  render           | Start rendering: PNPLINE_MASTER_v002, ViewLayer
00:46.438  render           | Engine: Workbench
00:46.485  render           | Saved: 'F:\pnpline-landing\hero-section-video\blockout\blockout-master-v002\preview\frames\frame-1042.png'
00:46.485  render           | Time: 00:00.04 (Saving: 00:00.02)
00:46.485  render           | Rendering frame 1043
00:46.485  render           | Start rendering: PNPLINE_MASTER_v002, ViewLayer
00:46.485  render           | Engine: Workbench
00:46.531  render           | Saved: 'F:\pnpline-landing\hero-section-video\blockout\blockout-master-v002\preview\frames\frame-1043.png'
00:46.531  render           | Time: 00:00.04 (Saving: 00:00.02)
00:46.531  render           | Rendering frame 1044
00:46.531  render           | Start rendering: PNPLINE_MASTER_v002, ViewLayer
00:46.531  render           | Engine: Workbench
00:46.578  render           | Saved: 'F:\pnpline-landing\hero-section-video\blockout\blockout-master-v002\preview\frames\frame-1044.png'
00:46.578  render           | Time: 00:00.04 (Saving: 00:00.02)
00:46.578  render           | Rendering frame 1045
00:46.578  render           | Start rendering: PNPLINE_MASTER_v002, ViewLayer
00:46.578  render           | Engine: Workbench
00:46.625  render           | Saved: 'F:\pnpline-landing\hero-section-video\blockout\blockout-master-v002\preview\frames\frame-1045.png'
00:46.625  render           | Time: 00:00.04 (Saving: 00:00.02)
00:46.625  render           | Rendering frame 1046
00:46.625  render           | Start rendering: PNPLINE_MASTER_v002, ViewLayer
00:46.625  render           | Engine: Workbench
00:46.656  render           | Saved: 'F:\pnpline-landing\hero-section-video\blockout\blockout-master-v002\preview\frames\frame-1046.png'
00:46.656  render           | Time: 00:00.04 (Saving: 00:00.02)
00:46.656  render           | Rendering frame 1047
00:46.656  render           | Start rendering: PNPLINE_MASTER_v002, ViewLayer
00:46.656  render           | Engine: Workbench
00:46.719  render           | Saved: 'F:\pnpline-landing\hero-section-video\blockout\blockout-master-v002\preview\frames\frame-1047.png'
00:46.719  render           | Time: 00:00.05 (Saving: 00:00.02)
00:46.719  render           | Rendering frame 1048
00:46.719  render           | Start rendering: PNPLINE_MASTER_v002, ViewLayer
00:46.719  render           | Engine: Workbench
00:46.766  render           | Saved: 'F:\pnpline-landing\hero-section-video\blockout\blockout-master-v002\preview\frames\frame-1048.png'
00:46.766  render           | Time: 00:00.04 (Saving: 00:00.02)
00:46.766  render           | Rendering frame 1049
00:46.766  render           | Start rendering: PNPLINE_MASTER_v002, ViewLayer
00:46.766  render           | Engine: Workbench
00:46.813  render           | Saved: 'F:\pnpline-landing\hero-section-video\blockout\blockout-master-v002\preview\frames\frame-1049.png'
00:46.813  render           | Time: 00:00.04 (Saving: 00:00.02)
00:46.813  render           | Rendering frame 1050
00:46.813  render           | Start rendering: PNPLINE_MASTER_v002, ViewLayer
00:46.813  render           | Engine: Workbench
00:46.860  render           | Saved: 'F:\pnpline-landing\hero-section-video\blockout\blockout-master-v002\preview\frames\frame-1050.png'
00:46.860  render           | Time: 00:00.04 (Saving: 00:00.02)
00:46.860  render           | Rendering frame 1051
00:46.860  render           | Start rendering: PNPLINE_MASTER_v002, ViewLayer
00:46.860  render           | Engine: Workbench
00:46.906  render           | Saved: 'F:\pnpline-landing\hero-section-video\blockout\blockout-master-v002\preview\frames\frame-1051.png'
00:46.906  render           | Time: 00:00.04 (Saving: 00:00.02)
00:46.906  render           | Rendering frame 1052
00:46.906  render           | Start rendering: PNPLINE_MASTER_v002, ViewLayer
00:46.906  render           | Engine: Workbench
00:46.953  render           | Saved: 'F:\pnpline-landing\hero-section-video\blockout\blockout-master-v002\preview\frames\frame-1052.png'
00:46.953  render           | Time: 00:00.04 (Saving: 00:00.02)
00:46.953  render           | Rendering frame 1053
00:46.953  render           | Start rendering: PNPLINE_MASTER_v002, ViewLayer
00:46.953  render           | Engine: Workbench
00:47.016  render           | Saved: 'F:\pnpline-landing\hero-section-video\blockout\blockout-master-v002\preview\frames\frame-1053.png'
00:47.016  render           | Time: 00:00.05 (Saving: 00:00.02)
00:47.016  render           | Rendering frame 1054
00:47.016  render           | Start rendering: PNPLINE_MASTER_v002, ViewLayer
00:47.016  render           | Engine: Workbench
00:47.063  render           | Saved: 'F:\pnpline-landing\hero-section-video\blockout\blockout-master-v002\preview\frames\frame-1054.png'
00:47.063  render           | Time: 00:00.04 (Saving: 00:00.02)
00:47.063  render           | Rendering frame 1055
00:47.063  render           | Start rendering: PNPLINE_MASTER_v002, ViewLayer
00:47.063  render           | Engine: Workbench
00:47.110  render           | Saved: 'F:\pnpline-landing\hero-section-video\blockout\blockout-master-v002\preview\frames\frame-1055.png'
00:47.110  render           | Time: 00:00.04 (Saving: 00:00.02)
00:47.110  render           | Rendering frame 1056
00:47.110  render           | Start rendering: PNPLINE_MASTER_v002, ViewLayer
00:47.110  render           | Engine: Workbench
00:47.156  render           | Saved: 'F:\pnpline-landing\hero-section-video\blockout\blockout-master-v002\preview\frames\frame-1056.png'
00:47.156  render           | Time: 00:00.04 (Saving: 00:00.02)
00:47.156  render           | Rendering frame 1057
00:47.156  render           | Start rendering: PNPLINE_MASTER_v002, ViewLayer
00:47.156  render           | Engine: Workbench
00:47.203  render           | Saved: 'F:\pnpline-landing\hero-section-video\blockout\blockout-master-v002\preview\frames\frame-1057.png'
00:47.203  render           | Time: 00:00.05 (Saving: 00:00.02)
00:47.203  render           | Rendering frame 1058
00:47.203  render           | Start rendering: PNPLINE_MASTER_v002, ViewLayer
00:47.203  render           | Engine: Workbench
00:47.266  render           | Saved: 'F:\pnpline-landing\hero-section-video\blockout\blockout-master-v002\preview\frames\frame-1058.png'
00:47.266  render           | Time: 00:00.05 (Saving: 00:00.02)
00:47.266  render           | Rendering frame 1059
00:47.266  render           | Start rendering: PNPLINE_MASTER_v002, ViewLayer
00:47.266  render           | Engine: Workbench
00:47.313  render           | Saved: 'F:\pnpline-landing\hero-section-video\blockout\blockout-master-v002\preview\frames\frame-1059.png'
00:47.313  render           | Time: 00:00.05 (Saving: 00:00.02)
00:47.313  render           | Rendering frame 1060
00:47.313  render           | Start rendering: PNPLINE_MASTER_v002, ViewLayer
00:47.313  render           | Engine: Workbench
00:47.360  render           | Saved: 'F:\pnpline-landing\hero-section-video\blockout\blockout-master-v002\preview\frames\frame-1060.png'
00:47.360  render           | Time: 00:00.04 (Saving: 00:00.02)
00:47.360  render           | Rendering frame 1061
00:47.360  render           | Start rendering: PNPLINE_MASTER_v002, ViewLayer
00:47.360  render           | Engine: Workbench
00:47.406  render           | Saved: 'F:\pnpline-landing\hero-section-video\blockout\blockout-master-v002\preview\frames\frame-1061.png'
00:47.406  render           | Time: 00:00.04 (Saving: 00:00.02)
00:47.406  render           | Rendering frame 1062
00:47.406  render           | Start rendering: PNPLINE_MASTER_v002, ViewLayer
00:47.406  render           | Engine: Workbench
00:47.453  render           | Saved: 'F:\pnpline-landing\hero-section-video\blockout\blockout-master-v002\preview\frames\frame-1062.png'
00:47.453  render           | Time: 00:00.04 (Saving: 00:00.02)
00:47.453  render           | Rendering frame 1063
00:47.453  render           | Start rendering: PNPLINE_MASTER_v002, ViewLayer
00:47.453  render           | Engine: Workbench
00:47.500  render           | Saved: 'F:\pnpline-landing\hero-section-video\blockout\blockout-master-v002\preview\frames\frame-1063.png'
00:47.500  render           | Time: 00:00.04 (Saving: 00:00.02)
00:47.500  render           | Rendering frame 1064
00:47.500  render           | Start rendering: PNPLINE_MASTER_v002, ViewLayer
00:47.500  render           | Engine: Workbench
00:47.547  render           | Saved: 'F:\pnpline-landing\hero-section-video\blockout\blockout-master-v002\preview\frames\frame-1064.png'
00:47.547  render           | Time: 00:00.04 (Saving: 00:00.02)
00:47.547  render           | Rendering frame 1065
00:47.547  render           | Start rendering: PNPLINE_MASTER_v002, ViewLayer
00:47.547  render           | Engine: Workbench
00:47.594  render           | Saved: 'F:\pnpline-landing\hero-section-video\blockout\blockout-master-v002\preview\frames\frame-1065.png'
00:47.594  render           | Time: 00:00.05 (Saving: 00:00.02)
00:47.594  render           | Rendering frame 1066
00:47.594  render           | Start rendering: PNPLINE_MASTER_v002, ViewLayer
00:47.594  render           | Engine: Workbench
00:47.641  render           | Saved: 'F:\pnpline-landing\hero-section-video\blockout\blockout-master-v002\preview\frames\frame-1066.png'
00:47.641  render           | Time: 00:00.05 (Saving: 00:00.02)
00:47.641  render           | Rendering frame 1067
00:47.641  render           | Start rendering: PNPLINE_MASTER_v002, ViewLayer
00:47.641  render           | Engine: Workbench
00:47.688  render           | Saved: 'F:\pnpline-landing\hero-section-video\blockout\blockout-master-v002\preview\frames\frame-1067.png'
00:47.688  render           | Time: 00:00.04 (Saving: 00:00.02)
00:47.688  render           | Rendering frame 1068
00:47.688  render           | Start rendering: PNPLINE_MASTER_v002, ViewLayer
00:47.688  render           | Engine: Workbench
00:47.735  render           | Saved: 'F:\pnpline-landing\hero-section-video\blockout\blockout-master-v002\preview\frames\frame-1068.png'
00:47.735  render           | Time: 00:00.04 (Saving: 00:00.02)
00:47.735  render           | Rendering frame 1069
00:47.735  render           | Start rendering: PNPLINE_MASTER_v002, ViewLayer
00:47.735  render           | Engine: Workbench
00:47.781  render           | Saved: 'F:\pnpline-landing\hero-section-video\blockout\blockout-master-v002\preview\frames\frame-1069.png'
00:47.781  render           | Time: 00:00.04 (Saving: 00:00.02)
00:47.781  render           | Rendering frame 1070
00:47.781  render           | Start rendering: PNPLINE_MASTER_v002, ViewLayer
00:47.781  render           | Engine: Workbench
00:47.828  render           | Saved: 'F:\pnpline-landing\hero-section-video\blockout\blockout-master-v002\preview\frames\frame-1070.png'
00:47.828  render           | Time: 00:00.04 (Saving: 00:00.02)
00:47.828  render           | Rendering frame 1071
00:47.828  render           | Start rendering: PNPLINE_MASTER_v002, ViewLayer
00:47.828  render           | Engine: Workbench
00:47.875  render           | Saved: 'F:\pnpline-landing\hero-section-video\blockout\blockout-master-v002\preview\frames\frame-1071.png'
00:47.875  render           | Time: 00:00.04 (Saving: 00:00.02)
00:47.875  render           | Rendering frame 1072
00:47.875  render           | Start rendering: PNPLINE_MASTER_v002, ViewLayer
00:47.875  render           | Engine: Workbench
00:47.922  render           | Saved: 'F:\pnpline-landing\hero-section-video\blockout\blockout-master-v002\preview\frames\frame-1072.png'
00:47.922  render           | Time: 00:00.05 (Saving: 00:00.02)
00:47.922  render           | Rendering frame 1073
00:47.922  render           | Start rendering: PNPLINE_MASTER_v002, ViewLayer
00:47.922  render           | Engine: Workbench
00:47.969  render           | Saved: 'F:\pnpline-landing\hero-section-video\blockout\blockout-master-v002\preview\frames\frame-1073.png'
00:47.969  render           | Time: 00:00.04 (Saving: 00:00.02)
00:47.969  render           | Rendering frame 1074
00:47.969  render           | Start rendering: PNPLINE_MASTER_v002, ViewLayer
00:47.969  render           | Engine: Workbench
00:48.016  render           | Saved: 'F:\pnpline-landing\hero-section-video\blockout\blockout-master-v002\preview\frames\frame-1074.png'
00:48.016  render           | Time: 00:00.04 (Saving: 00:00.02)
00:48.016  render           | Rendering frame 1075
00:48.016  render           | Start rendering: PNPLINE_MASTER_v002, ViewLayer
00:48.016  render           | Engine: Workbench
00:48.063  render           | Saved: 'F:\pnpline-landing\hero-section-video\blockout\blockout-master-v002\preview\frames\frame-1075.png'
00:48.063  render           | Time: 00:00.04 (Saving: 00:00.02)
00:48.063  render           | Rendering frame 1076
00:48.063  render           | Start rendering: PNPLINE_MASTER_v002, ViewLayer
00:48.063  render           | Engine: Workbench
00:48.110  render           | Saved: 'F:\pnpline-landing\hero-section-video\blockout\blockout-master-v002\preview\frames\frame-1076.png'
00:48.110  render           | Time: 00:00.04 (Saving: 00:00.02)
00:48.110  render           | Rendering frame 1077
00:48.110  render           | Start rendering: PNPLINE_MASTER_v002, ViewLayer
00:48.110  render           | Engine: Workbench
00:48.141  render           | Saved: 'F:\pnpline-landing\hero-section-video\blockout\blockout-master-v002\preview\frames\frame-1077.png'
00:48.141  render           | Time: 00:00.04 (Saving: 00:00.02)
00:48.141  render           | Rendering frame 1078
00:48.141  render           | Start rendering: PNPLINE_MASTER_v002, ViewLayer
00:48.141  render           | Engine: Workbench
00:48.188  render           | Saved: 'F:\pnpline-landing\hero-section-video\blockout\blockout-master-v002\preview\frames\frame-1078.png'
00:48.188  render           | Time: 00:00.04 (Saving: 00:00.02)
00:48.188  render           | Rendering frame 1079
00:48.188  render           | Start rendering: PNPLINE_MASTER_v002, ViewLayer
00:48.188  render           | Engine: Workbench
00:48.235  render           | Saved: 'F:\pnpline-landing\hero-section-video\blockout\blockout-master-v002\preview\frames\frame-1079.png'
00:48.235  render           | Time: 00:00.04 (Saving: 00:00.02)
00:48.235  render           | Rendering frame 1080
00:48.235  render           | Start rendering: PNPLINE_MASTER_v002, ViewLayer
00:48.235  render           | Engine: Workbench
00:48.281  render           | Saved: 'F:\pnpline-landing\hero-section-video\blockout\blockout-master-v002\preview\frames\frame-1080.png'
00:48.281  render           | Time: 00:00.04 (Saving: 00:00.01)
00:48.281  render           | Rendering frame 1081
00:48.281  render           | Start rendering: PNPLINE_MASTER_v002, ViewLayer
00:48.281  render           | Engine: Workbench
00:48.328  render           | Saved: 'F:\pnpline-landing\hero-section-video\blockout\blockout-master-v002\preview\frames\frame-1081.png'
00:48.328  render           | Time: 00:00.04 (Saving: 00:00.02)
00:48.328  render           | Rendering frame 1082
00:48.328  render           | Start rendering: PNPLINE_MASTER_v002, ViewLayer
00:48.328  render           | Engine: Workbench
00:48.360  render           | Saved: 'F:\pnpline-landing\hero-section-video\blockout\blockout-master-v002\preview\frames\frame-1082.png'
00:48.360  render           | Time: 00:00.04 (Saving: 00:00.02)
00:48.360  render           | Rendering frame 1083
00:48.360  render           | Start rendering: PNPLINE_MASTER_v002, ViewLayer
00:48.360  render           | Engine: Workbench
00:48.406  render           | Saved: 'F:\pnpline-landing\hero-section-video\blockout\blockout-master-v002\preview\frames\frame-1083.png'
00:48.406  render           | Time: 00:00.04 (Saving: 00:00.01)
00:48.406  render           | Rendering frame 1084
00:48.406  render           | Start rendering: PNPLINE_MASTER_v002, ViewLayer
00:48.406  render           | Engine: Workbench
00:48.453  render           | Saved: 'F:\pnpline-landing\hero-section-video\blockout\blockout-master-v002\preview\frames\frame-1084.png'
00:48.453  render           | Time: 00:00.04 (Saving: 00:00.02)
00:48.453  render           | Rendering frame 1085
00:48.453  render           | Start rendering: PNPLINE_MASTER_v002, ViewLayer
00:48.453  render           | Engine: Workbench
00:48.500  render           | Saved: 'F:\pnpline-landing\hero-section-video\blockout\blockout-master-v002\preview\frames\frame-1085.png'
00:48.500  render           | Time: 00:00.04 (Saving: 00:00.02)
00:48.500  render           | Rendering frame 1086
00:48.500  render           | Start rendering: PNPLINE_MASTER_v002, ViewLayer
00:48.500  render           | Engine: Workbench
00:48.531  render           | Saved: 'F:\pnpline-landing\hero-section-video\blockout\blockout-master-v002\preview\frames\frame-1086.png'
00:48.531  render           | Time: 00:00.04 (Saving: 00:00.02)
00:48.531  render           | Rendering frame 1087
00:48.531  render           | Start rendering: PNPLINE_MASTER_v002, ViewLayer
00:48.531  render           | Engine: Workbench
00:48.578  render           | Saved: 'F:\pnpline-landing\hero-section-video\blockout\blockout-master-v002\preview\frames\frame-1087.png'
00:48.578  render           | Time: 00:00.04 (Saving: 00:00.02)
00:48.578  render           | Rendering frame 1088
00:48.578  render           | Start rendering: PNPLINE_MASTER_v002, ViewLayer
00:48.578  render           | Engine: Workbench
00:48.625  render           | Saved: 'F:\pnpline-landing\hero-section-video\blockout\blockout-master-v002\preview\frames\frame-1088.png'
00:48.625  render           | Time: 00:00.04 (Saving: 00:00.02)
00:48.625  render           | Rendering frame 1089
00:48.625  render           | Start rendering: PNPLINE_MASTER_v002, ViewLayer
00:48.625  render           | Engine: Workbench
00:48.672  render           | Saved: 'F:\pnpline-landing\hero-section-video\blockout\blockout-master-v002\preview\frames\frame-1089.png'
00:48.672  render           | Time: 00:00.05 (Saving: 00:00.02)
00:48.672  render           | Rendering frame 1090
00:48.672  render           | Start rendering: PNPLINE_MASTER_v002, ViewLayer
00:48.672  render           | Engine: Workbench
00:48.719  render           | Saved: 'F:\pnpline-landing\hero-section-video\blockout\blockout-master-v002\preview\frames\frame-1090.png'
00:48.719  render           | Time: 00:00.04 (Saving: 00:00.02)
00:48.719  render           | Rendering frame 1091
00:48.719  render           | Start rendering: PNPLINE_MASTER_v002, ViewLayer
00:48.719  render           | Engine: Workbench
00:48.766  render           | Saved: 'F:\pnpline-landing\hero-section-video\blockout\blockout-master-v002\preview\frames\frame-1091.png'
00:48.766  render           | Time: 00:00.04 (Saving: 00:00.02)
00:48.766  render           | Rendering frame 1092
00:48.766  render           | Start rendering: PNPLINE_MASTER_v002, ViewLayer
00:48.766  render           | Engine: Workbench
00:48.813  render           | Saved: 'F:\pnpline-landing\hero-section-video\blockout\blockout-master-v002\preview\frames\frame-1092.png'
00:48.813  render           | Time: 00:00.04 (Saving: 00:00.02)
00:48.813  render           | Rendering frame 1093
00:48.813  render           | Start rendering: PNPLINE_MASTER_v002, ViewLayer
00:48.813  render           | Engine: Workbench
00:48.844  render           | Saved: 'F:\pnpline-landing\hero-section-video\blockout\blockout-master-v002\preview\frames\frame-1093.png'
00:48.844  render           | Time: 00:00.04 (Saving: 00:00.01)
00:48.844  render           | Rendering frame 1094
00:48.844  render           | Start rendering: PNPLINE_MASTER_v002, ViewLayer
00:48.844  render           | Engine: Workbench
00:48.891  render           | Saved: 'F:\pnpline-landing\hero-section-video\blockout\blockout-master-v002\preview\frames\frame-1094.png'
00:48.891  render           | Time: 00:00.04 (Saving: 00:00.02)
00:48.891  render           | Rendering frame 1095
00:48.891  render           | Start rendering: PNPLINE_MASTER_v002, ViewLayer
00:48.891  render           | Engine: Workbench
00:48.938  render           | Saved: 'F:\pnpline-landing\hero-section-video\blockout\blockout-master-v002\preview\frames\frame-1095.png'
00:48.938  render           | Time: 00:00.04 (Saving: 00:00.02)
00:48.938  render           | Rendering frame 1096
00:48.938  render           | Start rendering: PNPLINE_MASTER_v002, ViewLayer
00:48.938  render           | Engine: Workbench
00:48.985  render           | Saved: 'F:\pnpline-landing\hero-section-video\blockout\blockout-master-v002\preview\frames\frame-1096.png'
00:48.985  render           | Time: 00:00.04 (Saving: 00:00.02)
00:48.985  render           | Rendering frame 1097
00:48.985  render           | Start rendering: PNPLINE_MASTER_v002, ViewLayer
00:48.985  render           | Engine: Workbench
00:49.016  render           | Saved: 'F:\pnpline-landing\hero-section-video\blockout\blockout-master-v002\preview\frames\frame-1097.png'
00:49.016  render           | Time: 00:00.04 (Saving: 00:00.01)
00:49.016  render           | Rendering frame 1098
00:49.016  render           | Start rendering: PNPLINE_MASTER_v002, ViewLayer
00:49.016  render           | Engine: Workbench
00:49.063  render           | Saved: 'F:\pnpline-landing\hero-section-video\blockout\blockout-master-v002\preview\frames\frame-1098.png'
00:49.063  render           | Time: 00:00.04 (Saving: 00:00.02)
00:49.063  render           | Rendering frame 1099
00:49.063  render           | Start rendering: PNPLINE_MASTER_v002, ViewLayer
00:49.063  render           | Engine: Workbench
00:49.110  render           | Saved: 'F:\pnpline-landing\hero-section-video\blockout\blockout-master-v002\preview\frames\frame-1099.png'
00:49.110  render           | Time: 00:00.04 (Saving: 00:00.01)
00:49.110  render           | Rendering frame 1100
00:49.110  render           | Start rendering: PNPLINE_MASTER_v002, ViewLayer
00:49.110  render           | Engine: Workbench
00:49.156  render           | Saved: 'F:\pnpline-landing\hero-section-video\blockout\blockout-master-v002\preview\frames\frame-1100.png'
00:49.156  render           | Time: 00:00.04 (Saving: 00:00.02)
00:49.156  render           | Rendering frame 1101
00:49.156  render           | Start rendering: PNPLINE_MASTER_v002, ViewLayer
00:49.156  render           | Engine: Workbench
00:49.203  render           | Saved: 'F:\pnpline-landing\hero-section-video\blockout\blockout-master-v002\preview\frames\frame-1101.png'
00:49.203  render           | Time: 00:00.04 (Saving: 00:00.02)
00:49.203  render           | Rendering frame 1102
00:49.203  render           | Start rendering: PNPLINE_MASTER_v002, ViewLayer
00:49.203  render           | Engine: Workbench
00:49.235  render           | Saved: 'F:\pnpline-landing\hero-section-video\blockout\blockout-master-v002\preview\frames\frame-1102.png'
00:49.235  render           | Time: 00:00.04 (Saving: 00:00.01)
00:49.235  render           | Rendering frame 1103
00:49.235  render           | Start rendering: PNPLINE_MASTER_v002, ViewLayer
00:49.235  render           | Engine: Workbench
00:49.281  render           | Saved: 'F:\pnpline-landing\hero-section-video\blockout\blockout-master-v002\preview\frames\frame-1103.png'
00:49.281  render           | Time: 00:00.04 (Saving: 00:00.01)
00:49.281  render           | Rendering frame 1104
00:49.281  render           | Start rendering: PNPLINE_MASTER_v002, ViewLayer
00:49.281  render           | Engine: Workbench
00:49.328  render           | Saved: 'F:\pnpline-landing\hero-section-video\blockout\blockout-master-v002\preview\frames\frame-1104.png'
00:49.328  render           | Time: 00:00.04 (Saving: 00:00.01)
00:49.328  render           | Rendering frame 1105
00:49.328  render           | Start rendering: PNPLINE_MASTER_v002, ViewLayer
00:49.328  render           | Engine: Workbench
00:49.375  render           | Saved: 'F:\pnpline-landing\hero-section-video\blockout\blockout-master-v002\preview\frames\frame-1105.png'
00:49.375  render           | Time: 00:00.04 (Saving: 00:00.02)
00:49.375  render           | Rendering frame 1106
00:49.375  render           | Start rendering: PNPLINE_MASTER_v002, ViewLayer
00:49.375  render           | Engine: Workbench
00:49.406  render           | Saved: 'F:\pnpline-landing\hero-section-video\blockout\blockout-master-v002\preview\frames\frame-1106.png'
00:49.406  render           | Time: 00:00.04 (Saving: 00:00.01)
00:49.406  render           | Rendering frame 1107
00:49.406  render           | Start rendering: PNPLINE_MASTER_v002, ViewLayer
00:49.406  render           | Engine: Workbench
00:49.453  render           | Saved: 'F:\pnpline-landing\hero-section-video\blockout\blockout-master-v002\preview\frames\frame-1107.png'
00:49.453  render           | Time: 00:00.04 (Saving: 00:00.02)
00:49.453  render           | Rendering frame 1108
00:49.453  render           | Start rendering: PNPLINE_MASTER_v002, ViewLayer
00:49.453  render           | Engine: Workbench
00:49.500  render           | Saved: 'F:\pnpline-landing\hero-section-video\blockout\blockout-master-v002\preview\frames\frame-1108.png'
00:49.500  render           | Time: 00:00.04 (Saving: 00:00.01)
00:49.500  render           | Rendering frame 1109
00:49.500  render           | Start rendering: PNPLINE_MASTER_v002, ViewLayer
00:49.500  render           | Engine: Workbench
00:49.547  render           | Saved: 'F:\pnpline-landing\hero-section-video\blockout\blockout-master-v002\preview\frames\frame-1109.png'
00:49.547  render           | Time: 00:00.04 (Saving: 00:00.02)
00:49.547  render           | Rendering frame 1110
00:49.547  render           | Start rendering: PNPLINE_MASTER_v002, ViewLayer
00:49.547  render           | Engine: Workbench
00:49.594  render           | Saved: 'F:\pnpline-landing\hero-section-video\blockout\blockout-master-v002\preview\frames\frame-1110.png'
00:49.594  render           | Time: 00:00.04 (Saving: 00:00.02)
00:49.594  render           | Rendering frame 1111
00:49.594  render           | Start rendering: PNPLINE_MASTER_v002, ViewLayer
00:49.594  render           | Engine: Workbench
00:49.641  render           | Saved: 'F:\pnpline-landing\hero-section-video\blockout\blockout-master-v002\preview\frames\frame-1111.png'
00:49.641  render           | Time: 00:00.04 (Saving: 00:00.02)
00:49.641  render           | Rendering frame 1112
00:49.641  render           | Start rendering: PNPLINE_MASTER_v002, ViewLayer
00:49.641  render           | Engine: Workbench
00:49.672  render           | Saved: 'F:\pnpline-landing\hero-section-video\blockout\blockout-master-v002\preview\frames\frame-1112.png'
00:49.672  render           | Time: 00:00.04 (Saving: 00:00.02)
00:49.672  render           | Rendering frame 1113
00:49.672  render           | Start rendering: PNPLINE_MASTER_v002, ViewLayer
00:49.672  render           | Engine: Workbench
00:49.719  render           | Saved: 'F:\pnpline-landing\hero-section-video\blockout\blockout-master-v002\preview\frames\frame-1113.png'
00:49.719  render           | Time: 00:00.04 (Saving: 00:00.02)
00:49.719  render           | Rendering frame 1114
00:49.719  render           | Start rendering: PNPLINE_MASTER_v002, ViewLayer
00:49.719  render           | Engine: Workbench
00:49.766  render           | Saved: 'F:\pnpline-landing\hero-section-video\blockout\blockout-master-v002\preview\frames\frame-1114.png'
00:49.766  render           | Time: 00:00.04 (Saving: 00:00.02)
00:49.766  render           | Rendering frame 1115
00:49.766  render           | Start rendering: PNPLINE_MASTER_v002, ViewLayer
00:49.766  render           | Engine: Workbench
00:49.813  render           | Saved: 'F:\pnpline-landing\hero-section-video\blockout\blockout-master-v002\preview\frames\frame-1115.png'
00:49.813  render           | Time: 00:00.04 (Saving: 00:00.02)
00:49.813  render           | Rendering frame 1116
00:49.813  render           | Start rendering: PNPLINE_MASTER_v002, ViewLayer
00:49.813  render           | Engine: Workbench
00:49.860  render           | Saved: 'F:\pnpline-landing\hero-section-video\blockout\blockout-master-v002\preview\frames\frame-1116.png'
00:49.860  render           | Time: 00:00.04 (Saving: 00:00.02)
00:49.860  render           | Rendering frame 1117
00:49.860  render           | Start rendering: PNPLINE_MASTER_v002, ViewLayer
00:49.860  render           | Engine: Workbench
00:49.906  render           | Saved: 'F:\pnpline-landing\hero-section-video\blockout\blockout-master-v002\preview\frames\frame-1117.png'
00:49.906  render           | Time: 00:00.04 (Saving: 00:00.02)
00:49.906  render           | Rendering frame 1118
00:49.906  render           | Start rendering: PNPLINE_MASTER_v002, ViewLayer
00:49.906  render           | Engine: Workbench
00:49.953  render           | Saved: 'F:\pnpline-landing\hero-section-video\blockout\blockout-master-v002\preview\frames\frame-1118.png'
00:49.953  render           | Time: 00:00.04 (Saving: 00:00.02)
00:49.953  render           | Rendering frame 1119
00:49.953  render           | Start rendering: PNPLINE_MASTER_v002, ViewLayer
00:49.953  render           | Engine: Workbench
00:50.000  render           | Saved: 'F:\pnpline-landing\hero-section-video\blockout\blockout-master-v002\preview\frames\frame-1119.png'
00:50.000  render           | Time: 00:00.04 (Saving: 00:00.02)
00:50.000  render           | Rendering frame 1120
00:50.000  render           | Start rendering: PNPLINE_MASTER_v002, ViewLayer
00:50.000  render           | Engine: Workbench
00:50.063  render           | Saved: 'F:\pnpline-landing\hero-section-video\blockout\blockout-master-v002\preview\frames\frame-1120.png'
00:50.063  render           | Time: 00:00.05 (Saving: 00:00.02)
00:50.063  render           | Rendering frame 1121
00:50.063  render           | Start rendering: PNPLINE_MASTER_v002, ViewLayer
00:50.063  render           | Engine: Workbench
00:50.094  render           | Saved: 'F:\pnpline-landing\hero-section-video\blockout\blockout-master-v002\preview\frames\frame-1121.png'
00:50.094  render           | Time: 00:00.04 (Saving: 00:00.02)
00:50.094  render           | Rendering frame 1122
00:50.094  render           | Start rendering: PNPLINE_MASTER_v002, ViewLayer
00:50.094  render           | Engine: Workbench
00:50.141  render           | Saved: 'F:\pnpline-landing\hero-section-video\blockout\blockout-master-v002\preview\frames\frame-1122.png'
00:50.141  render           | Time: 00:00.04 (Saving: 00:00.02)
00:50.141  render           | Rendering frame 1123
00:50.141  render           | Start rendering: PNPLINE_MASTER_v002, ViewLayer
00:50.141  render           | Engine: Workbench
00:50.203  render           | Saved: 'F:\pnpline-landing\hero-section-video\blockout\blockout-master-v002\preview\frames\frame-1123.png'
00:50.203  render           | Time: 00:00.04 (Saving: 00:00.02)
00:50.203  render           | Rendering frame 1124
00:50.203  render           | Start rendering: PNPLINE_MASTER_v002, ViewLayer
00:50.203  render           | Engine: Workbench
00:50.250  render           | Saved: 'F:\pnpline-landing\hero-section-video\blockout\blockout-master-v002\preview\frames\frame-1124.png'
00:50.250  render           | Time: 00:00.05 (Saving: 00:00.02)
00:50.250  render           | Rendering frame 1125
00:50.250  render           | Start rendering: PNPLINE_MASTER_v002, ViewLayer
00:50.250  render           | Engine: Workbench
00:50.297  render           | Saved: 'F:\pnpline-landing\hero-section-video\blockout\blockout-master-v002\preview\frames\frame-1125.png'
00:50.297  render           | Time: 00:00.05 (Saving: 00:00.02)
00:50.297  render           | Rendering frame 1126
00:50.297  render           | Start rendering: PNPLINE_MASTER_v002, ViewLayer
00:50.297  render           | Engine: Workbench
00:50.344  render           | Saved: 'F:\pnpline-landing\hero-section-video\blockout\blockout-master-v002\preview\frames\frame-1126.png'
00:50.344  render           | Time: 00:00.04 (Saving: 00:00.02)
00:50.344  render           | Rendering frame 1127
00:50.344  render           | Start rendering: PNPLINE_MASTER_v002, ViewLayer
00:50.344  render           | Engine: Workbench
00:50.391  render           | Saved: 'F:\pnpline-landing\hero-section-video\blockout\blockout-master-v002\preview\frames\frame-1127.png'
00:50.391  render           | Time: 00:00.04 (Saving: 00:00.02)
00:50.391  render           | Rendering frame 1128
00:50.391  render           | Start rendering: PNPLINE_MASTER_v002, ViewLayer
00:50.391  render           | Engine: Workbench
00:50.438  render           | Saved: 'F:\pnpline-landing\hero-section-video\blockout\blockout-master-v002\preview\frames\frame-1128.png'
00:50.438  render           | Time: 00:00.04 (Saving: 00:00.02)
00:50.438  render           | Rendering frame 1129
00:50.438  render           | Start rendering: PNPLINE_MASTER_v002, ViewLayer
00:50.438  render           | Engine: Workbench
00:50.485  render           | Saved: 'F:\pnpline-landing\hero-section-video\blockout\blockout-master-v002\preview\frames\frame-1129.png'
00:50.485  render           | Time: 00:00.04 (Saving: 00:00.02)
00:50.485  render           | Rendering frame 1130
00:50.485  render           | Start rendering: PNPLINE_MASTER_v002, ViewLayer
00:50.485  render           | Engine: Workbench
00:50.531  render           | Saved: 'F:\pnpline-landing\hero-section-video\blockout\blockout-master-v002\preview\frames\frame-1130.png'
00:50.531  render           | Time: 00:00.04 (Saving: 00:00.02)
00:50.531  render           | Rendering frame 1131
00:50.531  render           | Start rendering: PNPLINE_MASTER_v002, ViewLayer
00:50.531  render           | Engine: Workbench
00:50.578  render           | Saved: 'F:\pnpline-landing\hero-section-video\blockout\blockout-master-v002\preview\frames\frame-1131.png'
00:50.578  render           | Time: 00:00.04 (Saving: 00:00.02)
00:50.578  render           | Rendering frame 1132
00:50.578  render           | Start rendering: PNPLINE_MASTER_v002, ViewLayer
00:50.578  render           | Engine: Workbench
00:50.625  render           | Saved: 'F:\pnpline-landing\hero-section-video\blockout\blockout-master-v002\preview\frames\frame-1132.png'
00:50.625  render           | Time: 00:00.04 (Saving: 00:00.02)
00:50.625  render           | Rendering frame 1133
00:50.625  render           | Start rendering: PNPLINE_MASTER_v002, ViewLayer
00:50.625  render           | Engine: Workbench
00:50.672  render           | Saved: 'F:\pnpline-landing\hero-section-video\blockout\blockout-master-v002\preview\frames\frame-1133.png'
00:50.672  render           | Time: 00:00.04 (Saving: 00:00.02)
00:50.672  render           | Rendering frame 1134
00:50.672  render           | Start rendering: PNPLINE_MASTER_v002, ViewLayer
00:50.672  render           | Engine: Workbench
00:50.719  render           | Saved: 'F:\pnpline-landing\hero-section-video\blockout\blockout-master-v002\preview\frames\frame-1134.png'
00:50.719  render           | Time: 00:00.04 (Saving: 00:00.02)
00:50.719  render           | Rendering frame 1135
00:50.719  render           | Start rendering: PNPLINE_MASTER_v002, ViewLayer
00:50.719  render           | Engine: Workbench
00:50.781  render           | Saved: 'F:\pnpline-landing\hero-section-video\blockout\blockout-master-v002\preview\frames\frame-1135.png'
00:50.781  render           | Time: 00:00.05 (Saving: 00:00.02)
00:50.781  render           | Rendering frame 1136
00:50.781  render           | Start rendering: PNPLINE_MASTER_v002, ViewLayer
00:50.781  render           | Engine: Workbench
00:50.828  render           | Saved: 'F:\pnpline-landing\hero-section-video\blockout\blockout-master-v002\preview\frames\frame-1136.png'
00:50.828  render           | Time: 00:00.05 (Saving: 00:00.02)
00:50.828  render           | Rendering frame 1137
00:50.828  render           | Start rendering: PNPLINE_MASTER_v002, ViewLayer
00:50.828  render           | Engine: Workbench
00:50.875  render           | Saved: 'F:\pnpline-landing\hero-section-video\blockout\blockout-master-v002\preview\frames\frame-1137.png'
00:50.875  render           | Time: 00:00.04 (Saving: 00:00.02)
00:50.875  render           | Rendering frame 1138
00:50.875  render           | Start rendering: PNPLINE_MASTER_v002, ViewLayer
00:50.875  render           | Engine: Workbench
00:50.922  render           | Saved: 'F:\pnpline-landing\hero-section-video\blockout\blockout-master-v002\preview\frames\frame-1138.png'
00:50.922  render           | Time: 00:00.04 (Saving: 00:00.02)
00:50.922  render           | Rendering frame 1139
00:50.922  render           | Start rendering: PNPLINE_MASTER_v002, ViewLayer
00:50.922  render           | Engine: Workbench
00:50.969  render           | Saved: 'F:\pnpline-landing\hero-section-video\blockout\blockout-master-v002\preview\frames\frame-1139.png'
00:50.969  render           | Time: 00:00.04 (Saving: 00:00.02)
00:50.969  render           | Rendering frame 1140
00:50.969  render           | Start rendering: PNPLINE_MASTER_v002, ViewLayer
00:50.969  render           | Engine: Workbench
00:51.016  render           | Saved: 'F:\pnpline-landing\hero-section-video\blockout\blockout-master-v002\preview\frames\frame-1140.png'
00:51.016  render           | Time: 00:00.04 (Saving: 00:00.02)
00:51.016  render           | Rendering frame 1141
00:51.016  render           | Start rendering: PNPLINE_MASTER_v002, ViewLayer
00:51.016  render           | Engine: Workbench
00:51.063  render           | Saved: 'F:\pnpline-landing\hero-section-video\blockout\blockout-master-v002\preview\frames\frame-1141.png'
00:51.063  render           | Time: 00:00.04 (Saving: 00:00.02)
00:51.063  render           | Rendering frame 1142
00:51.063  render           | Start rendering: PNPLINE_MASTER_v002, ViewLayer
00:51.063  render           | Engine: Workbench
00:51.110  render           | Saved: 'F:\pnpline-landing\hero-section-video\blockout\blockout-master-v002\preview\frames\frame-1142.png'
00:51.110  render           | Time: 00:00.04 (Saving: 00:00.02)
00:51.110  render           | Rendering frame 1143
00:51.110  render           | Start rendering: PNPLINE_MASTER_v002, ViewLayer
00:51.110  render           | Engine: Workbench
00:51.156  render           | Saved: 'F:\pnpline-landing\hero-section-video\blockout\blockout-master-v002\preview\frames\frame-1143.png'
00:51.156  render           | Time: 00:00.04 (Saving: 00:00.02)
00:51.156  render           | Rendering frame 1144
00:51.156  render           | Start rendering: PNPLINE_MASTER_v002, ViewLayer
00:51.156  render           | Engine: Workbench
00:51.203  render           | Saved: 'F:\pnpline-landing\hero-section-video\blockout\blockout-master-v002\preview\frames\frame-1144.png'
00:51.203  render           | Time: 00:00.04 (Saving: 00:00.02)
00:51.203  render           | Rendering frame 1145
00:51.203  render           | Start rendering: PNPLINE_MASTER_v002, ViewLayer
00:51.203  render           | Engine: Workbench
00:51.250  render           | Saved: 'F:\pnpline-landing\hero-section-video\blockout\blockout-master-v002\preview\frames\frame-1145.png'
00:51.250  render           | Time: 00:00.05 (Saving: 00:00.02)
00:51.250  render           | Rendering frame 1146
00:51.250  render           | Start rendering: PNPLINE_MASTER_v002, ViewLayer
00:51.250  render           | Engine: Workbench
00:51.297  render           | Saved: 'F:\pnpline-landing\hero-section-video\blockout\blockout-master-v002\preview\frames\frame-1146.png'
00:51.297  render           | Time: 00:00.04 (Saving: 00:00.02)
00:51.297  render           | Rendering frame 1147
00:51.297  render           | Start rendering: PNPLINE_MASTER_v002, ViewLayer
00:51.297  render           | Engine: Workbench
00:51.344  render           | Saved: 'F:\pnpline-landing\hero-section-video\blockout\blockout-master-v002\preview\frames\frame-1147.png'
00:51.344  render           | Time: 00:00.04 (Saving: 00:00.02)
00:51.344  render           | Rendering frame 1148
00:51.344  render           | Start rendering: PNPLINE_MASTER_v002, ViewLayer
00:51.344  render           | Engine: Workbench
00:51.391  render           | Saved: 'F:\pnpline-landing\hero-section-video\blockout\blockout-master-v002\preview\frames\frame-1148.png'
00:51.391  render           | Time: 00:00.04 (Saving: 00:00.02)
00:51.391  render           | Rendering frame 1149
00:51.391  render           | Start rendering: PNPLINE_MASTER_v002, ViewLayer
00:51.391  render           | Engine: Workbench
00:51.438  render           | Saved: 'F:\pnpline-landing\hero-section-video\blockout\blockout-master-v002\preview\frames\frame-1149.png'
00:51.438  render           | Time: 00:00.04 (Saving: 00:00.02)
00:51.438  render           | Rendering frame 1150
00:51.438  render           | Start rendering: PNPLINE_MASTER_v002, ViewLayer
00:51.438  render           | Engine: Workbench
00:51.485  render           | Saved: 'F:\pnpline-landing\hero-section-video\blockout\blockout-master-v002\preview\frames\frame-1150.png'
00:51.485  render           | Time: 00:00.04 (Saving: 00:00.02)
00:51.485  render           | Rendering frame 1151
00:51.485  render           | Start rendering: PNPLINE_MASTER_v002, ViewLayer
00:51.485  render           | Engine: Workbench
00:51.516  render           | Saved: 'F:\pnpline-landing\hero-section-video\blockout\blockout-master-v002\preview\frames\frame-1151.png'
00:51.516  render           | Time: 00:00.04 (Saving: 00:00.02)
00:51.516  render           | Rendering frame 1152
00:51.516  render           | Start rendering: PNPLINE_MASTER_v002, ViewLayer
00:51.516  render           | Engine: Workbench
00:51.563  render           | Saved: 'F:\pnpline-landing\hero-section-video\blockout\blockout-master-v002\preview\frames\frame-1152.png'
00:51.563  render           | Time: 00:00.04 (Saving: 00:00.02)
00:51.563  render           | Rendering frame 1153
00:51.563  render           | Start rendering: PNPLINE_MASTER_v002, ViewLayer
00:51.563  render           | Engine: Workbench
00:51.610  render           | Saved: 'F:\pnpline-landing\hero-section-video\blockout\blockout-master-v002\preview\frames\frame-1153.png'
00:51.610  render           | Time: 00:00.04 (Saving: 00:00.02)
00:51.610  render           | Rendering frame 1154
00:51.610  render           | Start rendering: PNPLINE_MASTER_v002, ViewLayer
00:51.610  render           | Engine: Workbench
00:51.656  render           | Saved: 'F:\pnpline-landing\hero-section-video\blockout\blockout-master-v002\preview\frames\frame-1154.png'
00:51.656  render           | Time: 00:00.04 (Saving: 00:00.02)
00:51.656  render           | Rendering frame 1155
00:51.656  render           | Start rendering: PNPLINE_MASTER_v002, ViewLayer
00:51.656  render           | Engine: Workbench
00:51.703  render           | Saved: 'F:\pnpline-landing\hero-section-video\blockout\blockout-master-v002\preview\frames\frame-1155.png'
00:51.703  render           | Time: 00:00.05 (Saving: 00:00.02)
00:51.703  render           | Rendering frame 1156
00:51.703  render           | Start rendering: PNPLINE_MASTER_v002, ViewLayer
00:51.703  render           | Engine: Workbench
00:51.766  render           | Saved: 'F:\pnpline-landing\hero-section-video\blockout\blockout-master-v002\preview\frames\frame-1156.png'
00:51.766  render           | Time: 00:00.04 (Saving: 00:00.02)
00:51.766  render           | Rendering frame 1157
00:51.766  render           | Start rendering: PNPLINE_MASTER_v002, ViewLayer
00:51.766  render           | Engine: Workbench
00:51.813  render           | Saved: 'F:\pnpline-landing\hero-section-video\blockout\blockout-master-v002\preview\frames\frame-1157.png'
00:51.813  render           | Time: 00:00.05 (Saving: 00:00.02)
00:51.813  render           | Rendering frame 1158
00:51.813  render           | Start rendering: PNPLINE_MASTER_v002, ViewLayer
00:51.813  render           | Engine: Workbench
00:51.875  render           | Saved: 'F:\pnpline-landing\hero-section-video\blockout\blockout-master-v002\preview\frames\frame-1158.png'
00:51.875  render           | Time: 00:00.05 (Saving: 00:00.02)
00:51.875  render           | Rendering frame 1159
00:51.875  render           | Start rendering: PNPLINE_MASTER_v002, ViewLayer
00:51.875  render           | Engine: Workbench
00:51.922  render           | Saved: 'F:\pnpline-landing\hero-section-video\blockout\blockout-master-v002\preview\frames\frame-1159.png'
00:51.922  render           | Time: 00:00.04 (Saving: 00:00.02)
00:51.922  render           | Rendering frame 1160
00:51.922  render           | Start rendering: PNPLINE_MASTER_v002, ViewLayer
00:51.922  render           | Engine: Workbench
00:51.969  render           | Saved: 'F:\pnpline-landing\hero-section-video\blockout\blockout-master-v002\preview\frames\frame-1160.png'
00:51.969  render           | Time: 00:00.04 (Saving: 00:00.02)
00:51.969  render           | Rendering frame 1161
00:51.969  render           | Start rendering: PNPLINE_MASTER_v002, ViewLayer
00:51.969  render           | Engine: Workbench
00:52.016  render           | Saved: 'F:\pnpline-landing\hero-section-video\blockout\blockout-master-v002\preview\frames\frame-1161.png'
00:52.016  render           | Time: 00:00.04 (Saving: 00:00.02)
00:52.016  render           | Rendering frame 1162
00:52.016  render           | Start rendering: PNPLINE_MASTER_v002, ViewLayer
00:52.016  render           | Engine: Workbench
00:52.063  render           | Saved: 'F:\pnpline-landing\hero-section-video\blockout\blockout-master-v002\preview\frames\frame-1162.png'
00:52.063  render           | Time: 00:00.04 (Saving: 00:00.02)
00:52.063  render           | Rendering frame 1163
00:52.063  render           | Start rendering: PNPLINE_MASTER_v002, ViewLayer
00:52.063  render           | Engine: Workbench
00:52.110  render           | Saved: 'F:\pnpline-landing\hero-section-video\blockout\blockout-master-v002\preview\frames\frame-1163.png'
00:52.110  render           | Time: 00:00.04 (Saving: 00:00.02)
00:52.110  render           | Rendering frame 1164
00:52.110  render           | Start rendering: PNPLINE_MASTER_v002, ViewLayer
00:52.110  render           | Engine: Workbench
00:52.156  render           | Saved: 'F:\pnpline-landing\hero-section-video\blockout\blockout-master-v002\preview\frames\frame-1164.png'
00:52.156  render           | Time: 00:00.05 (Saving: 00:00.02)
00:52.156  render           | Rendering frame 1165
00:52.156  render           | Start rendering: PNPLINE_MASTER_v002, ViewLayer
00:52.156  render           | Engine: Workbench
00:52.219  render           | Saved: 'F:\pnpline-landing\hero-section-video\blockout\blockout-master-v002\preview\frames\frame-1165.png'
00:52.219  render           | Time: 00:00.05 (Saving: 00:00.02)
00:52.219  render           | Rendering frame 1166
00:52.219  render           | Start rendering: PNPLINE_MASTER_v002, ViewLayer
00:52.219  render           | Engine: Workbench
00:52.266  render           | Saved: 'F:\pnpline-landing\hero-section-video\blockout\blockout-master-v002\preview\frames\frame-1166.png'
00:52.266  render           | Time: 00:00.04 (Saving: 00:00.02)
00:52.266  render           | Rendering frame 1167
00:52.266  render           | Start rendering: PNPLINE_MASTER_v002, ViewLayer
00:52.266  render           | Engine: Workbench
00:52.313  render           | Saved: 'F:\pnpline-landing\hero-section-video\blockout\blockout-master-v002\preview\frames\frame-1167.png'
00:52.313  render           | Time: 00:00.04 (Saving: 00:00.02)
00:52.313  render           | Rendering frame 1168
00:52.313  render           | Start rendering: PNPLINE_MASTER_v002, ViewLayer
00:52.313  render           | Engine: Workbench
00:52.360  render           | Saved: 'F:\pnpline-landing\hero-section-video\blockout\blockout-master-v002\preview\frames\frame-1168.png'
00:52.360  render           | Time: 00:00.04 (Saving: 00:00.02)
00:52.360  render           | Rendering frame 1169
00:52.360  render           | Start rendering: PNPLINE_MASTER_v002, ViewLayer
00:52.360  render           | Engine: Workbench
00:52.406  render           | Saved: 'F:\pnpline-landing\hero-section-video\blockout\blockout-master-v002\preview\frames\frame-1169.png'
00:52.406  render           | Time: 00:00.04 (Saving: 00:00.01)
00:52.406  render           | Rendering frame 1170
00:52.406  render           | Start rendering: PNPLINE_MASTER_v002, ViewLayer
00:52.406  render           | Engine: Workbench
00:52.453  render           | Saved: 'F:\pnpline-landing\hero-section-video\blockout\blockout-master-v002\preview\frames\frame-1170.png'
00:52.453  render           | Time: 00:00.04 (Saving: 00:00.01)
00:52.453  render           | Rendering frame 1171
00:52.453  render           | Start rendering: PNPLINE_MASTER_v002, ViewLayer
00:52.453  render           | Engine: Workbench
00:52.500  render           | Saved: 'F:\pnpline-landing\hero-section-video\blockout\blockout-master-v002\preview\frames\frame-1171.png'
00:52.500  render           | Time: 00:00.04 (Saving: 00:00.01)
00:52.500  render           | Rendering frame 1172
00:52.500  render           | Start rendering: PNPLINE_MASTER_v002, ViewLayer
00:52.500  render           | Engine: Workbench
00:52.531  render           | Saved: 'F:\pnpline-landing\hero-section-video\blockout\blockout-master-v002\preview\frames\frame-1172.png'
00:52.531  render           | Time: 00:00.04 (Saving: 00:00.02)
00:52.531  render           | Rendering frame 1173
00:52.531  render           | Start rendering: PNPLINE_MASTER_v002, ViewLayer
00:52.531  render           | Engine: Workbench
00:52.578  render           | Saved: 'F:\pnpline-landing\hero-section-video\blockout\blockout-master-v002\preview\frames\frame-1173.png'
00:52.578  render           | Time: 00:00.04 (Saving: 00:00.02)
00:52.578  render           | Rendering frame 1174
00:52.578  render           | Start rendering: PNPLINE_MASTER_v002, ViewLayer
00:52.578  render           | Engine: Workbench
00:52.641  render           | Saved: 'F:\pnpline-landing\hero-section-video\blockout\blockout-master-v002\preview\frames\frame-1174.png'
00:52.641  render           | Time: 00:00.04 (Saving: 00:00.02)
00:52.641  render           | Rendering frame 1175
00:52.641  render           | Start rendering: PNPLINE_MASTER_v002, ViewLayer
00:52.641  render           | Engine: Workbench
00:52.688  render           | Saved: 'F:\pnpline-landing\hero-section-video\blockout\blockout-master-v002\preview\frames\frame-1175.png'
00:52.688  render           | Time: 00:00.04 (Saving: 00:00.02)
00:52.688  render           | Rendering frame 1176
00:52.688  render           | Start rendering: PNPLINE_MASTER_v002, ViewLayer
00:52.688  render           | Engine: Workbench
00:52.735  render           | Saved: 'F:\pnpline-landing\hero-section-video\blockout\blockout-master-v002\preview\frames\frame-1176.png'
00:52.735  render           | Time: 00:00.04 (Saving: 00:00.02)
00:52.735  render           | Rendering frame 1177
00:52.735  render           | Start rendering: PNPLINE_MASTER_v002, ViewLayer
00:52.735  render           | Engine: Workbench
00:52.781  render           | Saved: 'F:\pnpline-landing\hero-section-video\blockout\blockout-master-v002\preview\frames\frame-1177.png'
00:52.781  render           | Time: 00:00.04 (Saving: 00:00.02)
00:52.781  render           | Rendering frame 1178
00:52.781  render           | Start rendering: PNPLINE_MASTER_v002, ViewLayer
00:52.781  render           | Engine: Workbench
00:52.828  render           | Saved: 'F:\pnpline-landing\hero-section-video\blockout\blockout-master-v002\preview\frames\frame-1178.png'
00:52.828  render           | Time: 00:00.04 (Saving: 00:00.02)
00:52.828  render           | Rendering frame 1179
00:52.828  render           | Start rendering: PNPLINE_MASTER_v002, ViewLayer
00:52.828  render           | Engine: Workbench
00:52.875  render           | Saved: 'F:\pnpline-landing\hero-section-video\blockout\blockout-master-v002\preview\frames\frame-1179.png'
00:52.875  render           | Time: 00:00.04 (Saving: 00:00.02)
00:52.875  render           | Rendering frame 1180
00:52.875  render           | Start rendering: PNPLINE_MASTER_v002, ViewLayer
00:52.875  render           | Engine: Workbench
00:52.906  render           | Saved: 'F:\pnpline-landing\hero-section-video\blockout\blockout-master-v002\preview\frames\frame-1180.png'
00:52.906  render           | Time: 00:00.04 (Saving: 00:00.01)
00:52.906  render           | Rendering frame 1181
00:52.906  render           | Start rendering: PNPLINE_MASTER_v002, ViewLayer
00:52.906  render           | Engine: Workbench
00:52.953  render           | Saved: 'F:\pnpline-landing\hero-section-video\blockout\blockout-master-v002\preview\frames\frame-1181.png'
00:52.953  render           | Time: 00:00.04 (Saving: 00:00.02)
00:52.953  render           | Rendering frame 1182
00:52.953  render           | Start rendering: PNPLINE_MASTER_v002, ViewLayer
00:52.953  render           | Engine: Workbench
00:53.000  render           | Saved: 'F:\pnpline-landing\hero-section-video\blockout\blockout-master-v002\preview\frames\frame-1182.png'
00:53.000  render           | Time: 00:00.04 (Saving: 00:00.02)
00:53.000  render           | Rendering frame 1183
00:53.000  render           | Start rendering: PNPLINE_MASTER_v002, ViewLayer
00:53.000  render           | Engine: Workbench
00:53.031  render           | Saved: 'F:\pnpline-landing\hero-section-video\blockout\blockout-master-v002\preview\frames\frame-1183.png'
00:53.031  render           | Time: 00:00.04 (Saving: 00:00.01)
00:53.031  render           | Rendering frame 1184
00:53.031  render           | Start rendering: PNPLINE_MASTER_v002, ViewLayer
00:53.031  render           | Engine: Workbench
00:53.078  render           | Saved: 'F:\pnpline-landing\hero-section-video\blockout\blockout-master-v002\preview\frames\frame-1184.png'
00:53.078  render           | Time: 00:00.04 (Saving: 00:00.02)
00:53.078  render           | Rendering frame 1185
00:53.078  render           | Start rendering: PNPLINE_MASTER_v002, ViewLayer
00:53.078  render           | Engine: Workbench
00:53.125  render           | Saved: 'F:\pnpline-landing\hero-section-video\blockout\blockout-master-v002\preview\frames\frame-1185.png'
00:53.125  render           | Time: 00:00.04 (Saving: 00:00.02)
00:53.125  render           | Rendering frame 1186
00:53.125  render           | Start rendering: PNPLINE_MASTER_v002, ViewLayer
00:53.125  render           | Engine: Workbench
00:53.172  render           | Saved: 'F:\pnpline-landing\hero-section-video\blockout\blockout-master-v002\preview\frames\frame-1186.png'
00:53.172  render           | Time: 00:00.04 (Saving: 00:00.01)
00:53.172  render           | Rendering frame 1187
00:53.172  render           | Start rendering: PNPLINE_MASTER_v002, ViewLayer
00:53.172  render           | Engine: Workbench
00:53.203  render           | Saved: 'F:\pnpline-landing\hero-section-video\blockout\blockout-master-v002\preview\frames\frame-1187.png'
00:53.203  render           | Time: 00:00.04 (Saving: 00:00.02)
00:53.203  render           | Rendering frame 1188
00:53.203  render           | Start rendering: PNPLINE_MASTER_v002, ViewLayer
00:53.203  render           | Engine: Workbench
00:53.266  render           | Saved: 'F:\pnpline-landing\hero-section-video\blockout\blockout-master-v002\preview\frames\frame-1188.png'
00:53.266  render           | Time: 00:00.05 (Saving: 00:00.02)
00:53.266  render           | Rendering frame 1189
00:53.266  render           | Start rendering: PNPLINE_MASTER_v002, ViewLayer
00:53.266  render           | Engine: Workbench
00:53.313  render           | Saved: 'F:\pnpline-landing\hero-section-video\blockout\blockout-master-v002\preview\frames\frame-1189.png'
00:53.313  render           | Time: 00:00.04 (Saving: 00:00.02)
00:53.313  render           | Rendering frame 1190
00:53.313  render           | Start rendering: PNPLINE_MASTER_v002, ViewLayer
00:53.313  render           | Engine: Workbench
00:53.344  render           | Saved: 'F:\pnpline-landing\hero-section-video\blockout\blockout-master-v002\preview\frames\frame-1190.png'
00:53.344  render           | Time: 00:00.04 (Saving: 00:00.01)
00:53.344  render           | Rendering frame 1191
00:53.344  render           | Start rendering: PNPLINE_MASTER_v002, ViewLayer
00:53.344  render           | Engine: Workbench
00:53.391  render           | Saved: 'F:\pnpline-landing\hero-section-video\blockout\blockout-master-v002\preview\frames\frame-1191.png'
00:53.391  render           | Time: 00:00.04 (Saving: 00:00.02)
00:53.391  render           | Rendering frame 1192
00:53.391  render           | Start rendering: PNPLINE_MASTER_v002, ViewLayer
00:53.391  render           | Engine: Workbench
00:53.438  render           | Saved: 'F:\pnpline-landing\hero-section-video\blockout\blockout-master-v002\preview\frames\frame-1192.png'
00:53.438  render           | Time: 00:00.04 (Saving: 00:00.02)
00:53.438  render           | Rendering frame 1193
00:53.438  render           | Start rendering: PNPLINE_MASTER_v002, ViewLayer
00:53.438  render           | Engine: Workbench
00:53.485  render           | Saved: 'F:\pnpline-landing\hero-section-video\blockout\blockout-master-v002\preview\frames\frame-1193.png'
00:53.485  render           | Time: 00:00.04 (Saving: 00:00.02)
00:53.485  render           | Rendering frame 1194
00:53.485  render           | Start rendering: PNPLINE_MASTER_v002, ViewLayer
00:53.485  render           | Engine: Workbench
00:53.516  render           | Saved: 'F:\pnpline-landing\hero-section-video\blockout\blockout-master-v002\preview\frames\frame-1194.png'
00:53.516  render           | Time: 00:00.04 (Saving: 00:00.02)
00:53.516  render           | Rendering frame 1195
00:53.516  render           | Start rendering: PNPLINE_MASTER_v002, ViewLayer
00:53.516  render           | Engine: Workbench
00:53.563  render           | Saved: 'F:\pnpline-landing\hero-section-video\blockout\blockout-master-v002\preview\frames\frame-1195.png'
00:53.563  render           | Time: 00:00.04 (Saving: 00:00.02)
00:53.563  render           | Rendering frame 1196
00:53.563  render           | Start rendering: PNPLINE_MASTER_v002, ViewLayer
00:53.563  render           | Engine: Workbench
00:53.610  render           | Saved: 'F:\pnpline-landing\hero-section-video\blockout\blockout-master-v002\preview\frames\frame-1196.png'
00:53.610  render           | Time: 00:00.04 (Saving: 00:00.02)
00:53.610  render           | Rendering frame 1197
00:53.610  render           | Start rendering: PNPLINE_MASTER_v002, ViewLayer
00:53.610  render           | Engine: Workbench
00:53.656  render           | Saved: 'F:\pnpline-landing\hero-section-video\blockout\blockout-master-v002\preview\frames\frame-1197.png'
00:53.656  render           | Time: 00:00.04 (Saving: 00:00.02)
00:53.656  render           | Rendering frame 1198
00:53.656  render           | Start rendering: PNPLINE_MASTER_v002, ViewLayer
00:53.656  render           | Engine: Workbench
00:53.688  render           | Saved: 'F:\pnpline-landing\hero-section-video\blockout\blockout-master-v002\preview\frames\frame-1198.png'
00:53.688  render           | Time: 00:00.04 (Saving: 00:00.02)
00:53.688  render           | Rendering frame 1199
00:53.688  render           | Start rendering: PNPLINE_MASTER_v002, ViewLayer
00:53.688  render           | Engine: Workbench
00:53.750  render           | Saved: 'F:\pnpline-landing\hero-section-video\blockout\blockout-master-v002\preview\frames\frame-1199.png'
00:53.750  render           | Time: 00:00.04 (Saving: 00:00.02)
00:53.750  render           | Rendering frame 1200
00:53.750  render           | Start rendering: PNPLINE_MASTER_v002, ViewLayer
00:53.750  render           | Engine: Workbench
00:53.797  render           | Saved: 'F:\pnpline-landing\hero-section-video\blockout\blockout-master-v002\preview\frames\frame-1200.png'
00:53.797  render           | Time: 00:00.05 (Saving: 00:00.02)
00:53.797  render           | Rendering frame 1201
00:53.797  render           | Start rendering: PNPLINE_MASTER_v002, ViewLayer
00:53.797  render           | Engine: Workbench
00:53.844  render           | Saved: 'F:\pnpline-landing\hero-section-video\blockout\blockout-master-v002\preview\frames\frame-1201.png'
00:53.844  render           | Time: 00:00.05 (Saving: 00:00.02)
00:53.844  render           | Rendering frame 1202
00:53.844  render           | Start rendering: PNPLINE_MASTER_v002, ViewLayer
00:53.844  render           | Engine: Workbench
00:53.906  render           | Saved: 'F:\pnpline-landing\hero-section-video\blockout\blockout-master-v002\preview\frames\frame-1202.png'
00:53.906  render           | Time: 00:00.05 (Saving: 00:00.02)
00:53.906  render           | Rendering frame 1203
00:53.906  render           | Start rendering: PNPLINE_MASTER_v002, ViewLayer
00:53.906  render           | Engine: Workbench
00:53.969  render           | Saved: 'F:\pnpline-landing\hero-section-video\blockout\blockout-master-v002\preview\frames\frame-1203.png'
00:53.969  render           | Time: 00:00.06 (Saving: 00:00.02)
00:53.969  render           | Rendering frame 1204
00:53.969  render           | Start rendering: PNPLINE_MASTER_v002, ViewLayer
00:53.969  render           | Engine: Workbench
00:54.016  render           | Saved: 'F:\pnpline-landing\hero-section-video\blockout\blockout-master-v002\preview\frames\frame-1204.png'
00:54.016  render           | Time: 00:00.05 (Saving: 00:00.02)
00:54.016  render           | Rendering frame 1205
00:54.016  render           | Start rendering: PNPLINE_MASTER_v002, ViewLayer
00:54.016  render           | Engine: Workbench
00:54.078  render           | Saved: 'F:\pnpline-landing\hero-section-video\blockout\blockout-master-v002\preview\frames\frame-1205.png'
00:54.078  render           | Time: 00:00.05 (Saving: 00:00.02)
00:54.078  render           | Rendering frame 1206
00:54.078  render           | Start rendering: PNPLINE_MASTER_v002, ViewLayer
00:54.078  render           | Engine: Workbench
00:54.110  render           | Saved: 'F:\pnpline-landing\hero-section-video\blockout\blockout-master-v002\preview\frames\frame-1206.png'
00:54.110  render           | Time: 00:00.04 (Saving: 00:00.02)
00:54.110  render           | Rendering frame 1207
00:54.110  render           | Start rendering: PNPLINE_MASTER_v002, ViewLayer
00:54.110  render           | Engine: Workbench
00:54.156  render           | Saved: 'F:\pnpline-landing\hero-section-video\blockout\blockout-master-v002\preview\frames\frame-1207.png'
00:54.156  render           | Time: 00:00.04 (Saving: 00:00.02)
00:54.156  render           | Rendering frame 1208
00:54.156  render           | Start rendering: PNPLINE_MASTER_v002, ViewLayer
00:54.156  render           | Engine: Workbench
00:54.203  render           | Saved: 'F:\pnpline-landing\hero-section-video\blockout\blockout-master-v002\preview\frames\frame-1208.png'
00:54.203  render           | Time: 00:00.04 (Saving: 00:00.02)
00:54.203  render           | Rendering frame 1209
00:54.203  render           | Start rendering: PNPLINE_MASTER_v002, ViewLayer
00:54.203  render           | Engine: Workbench
00:54.250  render           | Saved: 'F:\pnpline-landing\hero-section-video\blockout\blockout-master-v002\preview\frames\frame-1209.png'
00:54.250  render           | Time: 00:00.04 (Saving: 00:00.01)
00:54.250  render           | Rendering frame 1210
00:54.250  render           | Start rendering: PNPLINE_MASTER_v002, ViewLayer
00:54.250  render           | Engine: Workbench
00:54.281  render           | Saved: 'F:\pnpline-landing\hero-section-video\blockout\blockout-master-v002\preview\frames\frame-1210.png'
00:54.281  render           | Time: 00:00.04 (Saving: 00:00.02)
00:54.281  render           | Rendering frame 1211
00:54.281  render           | Start rendering: PNPLINE_MASTER_v002, ViewLayer
00:54.281  render           | Engine: Workbench
00:54.328  render           | Saved: 'F:\pnpline-landing\hero-section-video\blockout\blockout-master-v002\preview\frames\frame-1211.png'
00:54.328  render           | Time: 00:00.03 (Saving: 00:00.02)
00:54.328  render           | Rendering frame 1212
00:54.328  render           | Start rendering: PNPLINE_MASTER_v002, ViewLayer
00:54.328  render           | Engine: Workbench
00:54.360  render           | Saved: 'F:\pnpline-landing\hero-section-video\blockout\blockout-master-v002\preview\frames\frame-1212.png'
00:54.360  render           | Time: 00:00.03 (Saving: 00:00.01)
00:54.360  render           | Rendering frame 1213
00:54.360  render           | Start rendering: PNPLINE_MASTER_v002, ViewLayer
00:54.360  render           | Engine: Workbench
00:54.406  render           | Saved: 'F:\pnpline-landing\hero-section-video\blockout\blockout-master-v002\preview\frames\frame-1213.png'
00:54.406  render           | Time: 00:00.04 (Saving: 00:00.01)
00:54.406  render           | Rendering frame 1214
00:54.406  render           | Start rendering: PNPLINE_MASTER_v002, ViewLayer
00:54.406  render           | Engine: Workbench
00:54.453  render           | Saved: 'F:\pnpline-landing\hero-section-video\blockout\blockout-master-v002\preview\frames\frame-1214.png'
00:54.453  render           | Time: 00:00.04 (Saving: 00:00.01)
00:54.453  render           | Rendering frame 1215
00:54.453  render           | Start rendering: PNPLINE_MASTER_v002, ViewLayer
00:54.453  render           | Engine: Workbench
00:54.485  render           | Saved: 'F:\pnpline-landing\hero-section-video\blockout\blockout-master-v002\preview\frames\frame-1215.png'
00:54.485  render           | Time: 00:00.03 (Saving: 00:00.01)
00:54.485  render           | Rendering frame 1216
00:54.485  render           | Start rendering: PNPLINE_MASTER_v002, ViewLayer
00:54.485  render           | Engine: Workbench
00:54.531  render           | Saved: 'F:\pnpline-landing\hero-section-video\blockout\blockout-master-v002\preview\frames\frame-1216.png'
00:54.531  render           | Time: 00:00.04 (Saving: 00:00.02)
00:54.531  render           | Rendering frame 1217
00:54.531  render           | Start rendering: PNPLINE_MASTER_v002, ViewLayer
00:54.531  render           | Engine: Workbench
00:54.578  render           | Saved: 'F:\pnpline-landing\hero-section-video\blockout\blockout-master-v002\preview\frames\frame-1217.png'
00:54.578  render           | Time: 00:00.04 (Saving: 00:00.01)
00:54.578  render           | Rendering frame 1218
00:54.578  render           | Start rendering: PNPLINE_MASTER_v002, ViewLayer
00:54.578  render           | Engine: Workbench
00:54.610  render           | Saved: 'F:\pnpline-landing\hero-section-video\blockout\blockout-master-v002\preview\frames\frame-1218.png'
00:54.610  render           | Time: 00:00.04 (Saving: 00:00.02)
00:54.610  render           | Rendering frame 1219
00:54.610  render           | Start rendering: PNPLINE_MASTER_v002, ViewLayer
00:54.610  render           | Engine: Workbench
00:54.656  render           | Saved: 'F:\pnpline-landing\hero-section-video\blockout\blockout-master-v002\preview\frames\frame-1219.png'
00:54.656  render           | Time: 00:00.04 (Saving: 00:00.01)
00:54.656  render           | Rendering frame 1220
00:54.656  render           | Start rendering: PNPLINE_MASTER_v002, ViewLayer
00:54.656  render           | Engine: Workbench
00:54.703  render           | Saved: 'F:\pnpline-landing\hero-section-video\blockout\blockout-master-v002\preview\frames\frame-1220.png'
00:54.703  render           | Time: 00:00.04 (Saving: 00:00.02)
00:54.703  render           | Rendering frame 1221
00:54.703  render           | Start rendering: PNPLINE_MASTER_v002, ViewLayer
00:54.703  render           | Engine: Workbench
00:54.750  render           | Saved: 'F:\pnpline-landing\hero-section-video\blockout\blockout-master-v002\preview\frames\frame-1221.png'
00:54.750  render           | Time: 00:00.04 (Saving: 00:00.02)
00:54.750  render           | Rendering frame 1222
00:54.750  render           | Start rendering: PNPLINE_MASTER_v002, ViewLayer
00:54.750  render           | Engine: Workbench
00:54.781  render           | Saved: 'F:\pnpline-landing\hero-section-video\blockout\blockout-master-v002\preview\frames\frame-1222.png'
00:54.781  render           | Time: 00:00.03 (Saving: 00:00.01)
00:54.781  render           | Rendering frame 1223
00:54.781  render           | Start rendering: PNPLINE_MASTER_v002, ViewLayer
00:54.781  render           | Engine: Workbench
00:54.828  render           | Saved: 'F:\pnpline-landing\hero-section-video\blockout\blockout-master-v002\preview\frames\frame-1223.png'
00:54.828  render           | Time: 00:00.04 (Saving: 00:00.02)
00:54.828  render           | Rendering frame 1224
00:54.828  render           | Start rendering: PNPLINE_MASTER_v002, ViewLayer
00:54.828  render           | Engine: Workbench
00:54.860  render           | Saved: 'F:\pnpline-landing\hero-section-video\blockout\blockout-master-v002\preview\frames\frame-1224.png'
00:54.860  render           | Time: 00:00.03 (Saving: 00:00.02)
00:54.860  render           | Rendering frame 1225
00:54.860  render           | Start rendering: PNPLINE_MASTER_v002, ViewLayer
00:54.860  render           | Engine: Workbench
00:54.906  render           | Saved: 'F:\pnpline-landing\hero-section-video\blockout\blockout-master-v002\preview\frames\frame-1225.png'
00:54.906  render           | Time: 00:00.04 (Saving: 00:00.02)
00:54.906  render           | Rendering frame 1226
00:54.906  render           | Start rendering: PNPLINE_MASTER_v002, ViewLayer
00:54.906  render           | Engine: Workbench
00:54.938  render           | Saved: 'F:\pnpline-landing\hero-section-video\blockout\blockout-master-v002\preview\frames\frame-1226.png'
00:54.938  render           | Time: 00:00.03 (Saving: 00:00.01)
00:54.938  render           | Rendering frame 1227
00:54.938  render           | Start rendering: PNPLINE_MASTER_v002, ViewLayer
00:54.938  render           | Engine: Workbench
00:54.985  render           | Saved: 'F:\pnpline-landing\hero-section-video\blockout\blockout-master-v002\preview\frames\frame-1227.png'
00:54.985  render           | Time: 00:00.04 (Saving: 00:00.02)
00:54.985  render           | Rendering frame 1228
00:54.985  render           | Start rendering: PNPLINE_MASTER_v002, ViewLayer
00:54.985  render           | Engine: Workbench
00:55.031  render           | Saved: 'F:\pnpline-landing\hero-section-video\blockout\blockout-master-v002\preview\frames\frame-1228.png'
00:55.031  render           | Time: 00:00.03 (Saving: 00:00.01)
00:55.031  render           | Rendering frame 1229
00:55.031  render           | Start rendering: PNPLINE_MASTER_v002, ViewLayer
00:55.031  render           | Engine: Workbench
00:55.063  render           | Saved: 'F:\pnpline-landing\hero-section-video\blockout\blockout-master-v002\preview\frames\frame-1229.png'
00:55.063  render           | Time: 00:00.04 (Saving: 00:00.02)
00:55.063  render           | Rendering frame 1230
00:55.063  render           | Start rendering: PNPLINE_MASTER_v002, ViewLayer
00:55.063  render           | Engine: Workbench
00:55.110  render           | Saved: 'F:\pnpline-landing\hero-section-video\blockout\blockout-master-v002\preview\frames\frame-1230.png'
00:55.110  render           | Time: 00:00.04 (Saving: 00:00.02)
00:55.110  render           | Rendering frame 1231
00:55.110  render           | Start rendering: PNPLINE_MASTER_v002, ViewLayer
00:55.110  render           | Engine: Workbench
00:55.156  render           | Saved: 'F:\pnpline-landing\hero-section-video\blockout\blockout-master-v002\preview\frames\frame-1231.png'
00:55.156  render           | Time: 00:00.04 (Saving: 00:00.02)
00:55.156  render           | Rendering frame 1232
00:55.156  render           | Start rendering: PNPLINE_MASTER_v002, ViewLayer
00:55.156  render           | Engine: Workbench
00:55.188  render           | Saved: 'F:\pnpline-landing\hero-section-video\blockout\blockout-master-v002\preview\frames\frame-1232.png'
00:55.188  render           | Time: 00:00.04 (Saving: 00:00.01)
00:55.188  render           | Rendering frame 1233
00:55.188  render           | Start rendering: PNPLINE_MASTER_v002, ViewLayer
00:55.188  render           | Engine: Workbench
00:55.235  render           | Saved: 'F:\pnpline-landing\hero-section-video\blockout\blockout-master-v002\preview\frames\frame-1233.png'
00:55.235  render           | Time: 00:00.03 (Saving: 00:00.01)
00:55.235  render           | Rendering frame 1234
00:55.235  render           | Start rendering: PNPLINE_MASTER_v002, ViewLayer
00:55.235  render           | Engine: Workbench
00:55.281  render           | Saved: 'F:\pnpline-landing\hero-section-video\blockout\blockout-master-v002\preview\frames\frame-1234.png'
00:55.281  render           | Time: 00:00.04 (Saving: 00:00.02)
00:55.281  render           | Rendering frame 1235
00:55.281  render           | Start rendering: PNPLINE_MASTER_v002, ViewLayer
00:55.281  render           | Engine: Workbench
00:55.313  render           | Saved: 'F:\pnpline-landing\hero-section-video\blockout\blockout-master-v002\preview\frames\frame-1235.png'
00:55.313  render           | Time: 00:00.04 (Saving: 00:00.02)
00:55.313  render           | Rendering frame 1236
00:55.313  render           | Start rendering: PNPLINE_MASTER_v002, ViewLayer
00:55.313  render           | Engine: Workbench
00:55.360  render           | Saved: 'F:\pnpline-landing\hero-section-video\blockout\blockout-master-v002\preview\frames\frame-1236.png'
00:55.360  render           | Time: 00:00.03 (Saving: 00:00.02)
00:55.360  render           | Rendering frame 1237
00:55.360  render           | Start rendering: PNPLINE_MASTER_v002, ViewLayer
00:55.360  render           | Engine: Workbench
00:55.391  render           | Saved: 'F:\pnpline-landing\hero-section-video\blockout\blockout-master-v002\preview\frames\frame-1237.png'
00:55.391  render           | Time: 00:00.04 (Saving: 00:00.02)
00:55.391  render           | Rendering frame 1238
00:55.406  render           | Start rendering: PNPLINE_MASTER_v002, ViewLayer
00:55.406  render           | Engine: Workbench
00:55.438  render           | Saved: 'F:\pnpline-landing\hero-section-video\blockout\blockout-master-v002\preview\frames\frame-1238.png'
00:55.438  render           | Time: 00:00.04 (Saving: 00:00.01)
00:55.438  render           | Rendering frame 1239
00:55.438  render           | Start rendering: PNPLINE_MASTER_v002, ViewLayer
00:55.438  render           | Engine: Workbench
00:55.485  render           | Saved: 'F:\pnpline-landing\hero-section-video\blockout\blockout-master-v002\preview\frames\frame-1239.png'
00:55.485  render           | Time: 00:00.04 (Saving: 00:00.02)
00:55.485  render           | Rendering frame 1240
00:55.485  render           | Start rendering: PNPLINE_MASTER_v002, ViewLayer
00:55.485  render           | Engine: Workbench
00:55.516  render           | Saved: 'F:\pnpline-landing\hero-section-video\blockout\blockout-master-v002\preview\frames\frame-1240.png'
00:55.516  render           | Time: 00:00.04 (Saving: 00:00.02)
00:55.516  render           | Rendering frame 1241
00:55.516  render           | Start rendering: PNPLINE_MASTER_v002, ViewLayer
00:55.516  render           | Engine: Workbench
00:55.563  render           | Saved: 'F:\pnpline-landing\hero-section-video\blockout\blockout-master-v002\preview\frames\frame-1241.png'
00:55.563  render           | Time: 00:00.04 (Saving: 00:00.01)
00:55.563  render           | Rendering frame 1242
00:55.563  render           | Start rendering: PNPLINE_MASTER_v002, ViewLayer
00:55.563  render           | Engine: Workbench
00:55.610  render           | Saved: 'F:\pnpline-landing\hero-section-video\blockout\blockout-master-v002\preview\frames\frame-1242.png'
00:55.610  render           | Time: 00:00.04 (Saving: 00:00.02)
00:55.610  render           | Rendering frame 1243
00:55.610  render           | Start rendering: PNPLINE_MASTER_v002, ViewLayer
00:55.610  render           | Engine: Workbench
00:55.641  render           | Saved: 'F:\pnpline-landing\hero-section-video\blockout\blockout-master-v002\preview\frames\frame-1243.png'
00:55.641  render           | Time: 00:00.04 (Saving: 00:00.01)
00:55.641  render           | Rendering frame 1244
00:55.641  render           | Start rendering: PNPLINE_MASTER_v002, ViewLayer
00:55.641  render           | Engine: Workbench
00:55.688  render           | Saved: 'F:\pnpline-landing\hero-section-video\blockout\blockout-master-v002\preview\frames\frame-1244.png'
00:55.688  render           | Time: 00:00.04 (Saving: 00:00.02)
00:55.688  render           | Rendering frame 1245
00:55.688  render           | Start rendering: PNPLINE_MASTER_v002, ViewLayer
00:55.688  render           | Engine: Workbench
00:55.735  render           | Saved: 'F:\pnpline-landing\hero-section-video\blockout\blockout-master-v002\preview\frames\frame-1245.png'
00:55.735  render           | Time: 00:00.04 (Saving: 00:00.02)
00:55.735  render           | Rendering frame 1246
00:55.735  render           | Start rendering: PNPLINE_MASTER_v002, ViewLayer
00:55.735  render           | Engine: Workbench
00:55.766  render           | Saved: 'F:\pnpline-landing\hero-section-video\blockout\blockout-master-v002\preview\frames\frame-1246.png'
00:55.766  render           | Time: 00:00.04 (Saving: 00:00.01)
00:55.766  render           | Rendering frame 1247
00:55.766  render           | Start rendering: PNPLINE_MASTER_v002, ViewLayer
00:55.766  render           | Engine: Workbench
00:55.813  render           | Saved: 'F:\pnpline-landing\hero-section-video\blockout\blockout-master-v002\preview\frames\frame-1247.png'
00:55.813  render           | Time: 00:00.04 (Saving: 00:00.01)
00:55.813  render           | Rendering frame 1248
00:55.813  render           | Start rendering: PNPLINE_MASTER_v002, ViewLayer
00:55.813  render           | Engine: Workbench
00:55.844  render           | Saved: 'F:\pnpline-landing\hero-section-video\blockout\blockout-master-v002\preview\frames\frame-1248.png'
00:55.844  render           | Time: 00:00.03 (Saving: 00:00.01)
00:55.844  render           | Rendering frame 1249
00:55.844  render           | Start rendering: PNPLINE_MASTER_v002, ViewLayer
00:55.844  render           | Engine: Workbench
00:55.891  render           | Saved: 'F:\pnpline-landing\hero-section-video\blockout\blockout-master-v002\preview\frames\frame-1249.png'
00:55.891  render           | Time: 00:00.03 (Saving: 00:00.01)
00:55.891  render           | Rendering frame 1250
00:55.891  render           | Start rendering: PNPLINE_MASTER_v002, ViewLayer
00:55.891  render           | Engine: Workbench
00:55.922  render           | Saved: 'F:\pnpline-landing\hero-section-video\blockout\blockout-master-v002\preview\frames\frame-1250.png'
00:55.922  render           | Time: 00:00.04 (Saving: 00:00.01)
00:55.922  render           | Rendering frame 1251
00:55.922  render           | Start rendering: PNPLINE_MASTER_v002, ViewLayer
00:55.922  render           | Engine: Workbench
00:55.969  render           | Saved: 'F:\pnpline-landing\hero-section-video\blockout\blockout-master-v002\preview\frames\frame-1251.png'
00:55.969  render           | Time: 00:00.04 (Saving: 00:00.01)
00:55.969  render           | Rendering frame 1252
00:55.969  render           | Start rendering: PNPLINE_MASTER_v002, ViewLayer
00:55.969  render           | Engine: Workbench
00:56.016  render           | Saved: 'F:\pnpline-landing\hero-section-video\blockout\blockout-master-v002\preview\frames\frame-1252.png'
00:56.016  render           | Time: 00:00.04 (Saving: 00:00.02)
00:56.016  render           | Rendering frame 1253
00:56.016  render           | Start rendering: PNPLINE_MASTER_v002, ViewLayer
00:56.016  render           | Engine: Workbench
00:56.063  render           | Saved: 'F:\pnpline-landing\hero-section-video\blockout\blockout-master-v002\preview\frames\frame-1253.png'
00:56.063  render           | Time: 00:00.04 (Saving: 00:00.02)
00:56.063  render           | Rendering frame 1254
00:56.063  render           | Start rendering: PNPLINE_MASTER_v002, ViewLayer
00:56.063  render           | Engine: Workbench
00:56.094  render           | Saved: 'F:\pnpline-landing\hero-section-video\blockout\blockout-master-v002\preview\frames\frame-1254.png'
00:56.094  render           | Time: 00:00.04 (Saving: 00:00.01)
00:56.094  render           | Rendering frame 1255
00:56.094  render           | Start rendering: PNPLINE_MASTER_v002, ViewLayer
00:56.094  render           | Engine: Workbench
00:56.141  render           | Saved: 'F:\pnpline-landing\hero-section-video\blockout\blockout-master-v002\preview\frames\frame-1255.png'
00:56.141  render           | Time: 00:00.04 (Saving: 00:00.02)
00:56.141  render           | Rendering frame 1256
00:56.141  render           | Start rendering: PNPLINE_MASTER_v002, ViewLayer
00:56.141  render           | Engine: Workbench
00:56.188  render           | Saved: 'F:\pnpline-landing\hero-section-video\blockout\blockout-master-v002\preview\frames\frame-1256.png'
00:56.188  render           | Time: 00:00.04 (Saving: 00:00.02)
00:56.188  render           | Rendering frame 1257
00:56.188  render           | Start rendering: PNPLINE_MASTER_v002, ViewLayer
00:56.188  render           | Engine: Workbench
00:56.235  render           | Saved: 'F:\pnpline-landing\hero-section-video\blockout\blockout-master-v002\preview\frames\frame-1257.png'
00:56.235  render           | Time: 00:00.04 (Saving: 00:00.01)
00:56.235  render           | Rendering frame 1258
00:56.235  render           | Start rendering: PNPLINE_MASTER_v002, ViewLayer
00:56.235  render           | Engine: Workbench
00:56.266  render           | Saved: 'F:\pnpline-landing\hero-section-video\blockout\blockout-master-v002\preview\frames\frame-1258.png'
00:56.266  render           | Time: 00:00.04 (Saving: 00:00.01)
00:56.266  render           | Rendering frame 1259
00:56.266  render           | Start rendering: PNPLINE_MASTER_v002, ViewLayer
00:56.266  render           | Engine: Workbench
00:56.313  render           | Saved: 'F:\pnpline-landing\hero-section-video\blockout\blockout-master-v002\preview\frames\frame-1259.png'
00:56.313  render           | Time: 00:00.04 (Saving: 00:00.02)
00:56.313  render           | Rendering frame 1260
00:56.313  render           | Start rendering: PNPLINE_MASTER_v002, ViewLayer
00:56.313  render           | Engine: Workbench
00:56.360  render           | Saved: 'F:\pnpline-landing\hero-section-video\blockout\blockout-master-v002\preview\frames\frame-1260.png'
00:56.360  render           | Time: 00:00.04 (Saving: 00:00.02)
00:56.360  render           | Rendering frame 1261
00:56.360  render           | Start rendering: PNPLINE_MASTER_v002, ViewLayer
00:56.360  render           | Engine: Workbench
00:56.391  render           | Saved: 'F:\pnpline-landing\hero-section-video\blockout\blockout-master-v002\preview\frames\frame-1261.png'
00:56.391  render           | Time: 00:00.04 (Saving: 00:00.02)
00:56.391  render           | Rendering frame 1262
00:56.391  render           | Start rendering: PNPLINE_MASTER_v002, ViewLayer
00:56.391  render           | Engine: Workbench
00:56.438  render           | Saved: 'F:\pnpline-landing\hero-section-video\blockout\blockout-master-v002\preview\frames\frame-1262.png'
00:56.438  render           | Time: 00:00.04 (Saving: 00:00.01)
00:56.438  render           | Rendering frame 1263
00:56.438  render           | Start rendering: PNPLINE_MASTER_v002, ViewLayer
00:56.438  render           | Engine: Workbench
00:56.469  render           | Saved: 'F:\pnpline-landing\hero-section-video\blockout\blockout-master-v002\preview\frames\frame-1263.png'
00:56.469  render           | Time: 00:00.03 (Saving: 00:00.01)
00:56.469  render           | Rendering frame 1264
00:56.469  render           | Start rendering: PNPLINE_MASTER_v002, ViewLayer
00:56.469  render           | Engine: Workbench
00:56.516  render           | Saved: 'F:\pnpline-landing\hero-section-video\blockout\blockout-master-v002\preview\frames\frame-1264.png'
00:56.516  render           | Time: 00:00.04 (Saving: 00:00.02)
00:56.516  render           | Rendering frame 1265
00:56.516  render           | Start rendering: PNPLINE_MASTER_v002, ViewLayer
00:56.516  render           | Engine: Workbench
00:56.563  render           | Saved: 'F:\pnpline-landing\hero-section-video\blockout\blockout-master-v002\preview\frames\frame-1265.png'
00:56.563  render           | Time: 00:00.04 (Saving: 00:00.02)
00:56.563  render           | Rendering frame 1266
00:56.563  render           | Start rendering: PNPLINE_MASTER_v002, ViewLayer
00:56.563  render           | Engine: Workbench
00:56.610  render           | Saved: 'F:\pnpline-landing\hero-section-video\blockout\blockout-master-v002\preview\frames\frame-1266.png'
00:56.610  render           | Time: 00:00.04 (Saving: 00:00.02)
00:56.610  render           | Rendering frame 1267
00:56.610  render           | Start rendering: PNPLINE_MASTER_v002, ViewLayer
00:56.610  render           | Engine: Workbench
00:56.641  render           | Saved: 'F:\pnpline-landing\hero-section-video\blockout\blockout-master-v002\preview\frames\frame-1267.png'
00:56.641  render           | Time: 00:00.03 (Saving: 00:00.01)
00:56.641  render           | Rendering frame 1268
00:56.641  render           | Start rendering: PNPLINE_MASTER_v002, ViewLayer
00:56.641  render           | Engine: Workbench
00:56.688  render           | Saved: 'F:\pnpline-landing\hero-section-video\blockout\blockout-master-v002\preview\frames\frame-1268.png'
00:56.688  render           | Time: 00:00.03 (Saving: 00:00.01)
00:56.688  render           | Rendering frame 1269
00:56.688  render           | Start rendering: PNPLINE_MASTER_v002, ViewLayer
00:56.688  render           | Engine: Workbench
00:56.719  render           | Saved: 'F:\pnpline-landing\hero-section-video\blockout\blockout-master-v002\preview\frames\frame-1269.png'
00:56.719  render           | Time: 00:00.04 (Saving: 00:00.01)
00:56.719  render           | Rendering frame 1270
00:56.719  render           | Start rendering: PNPLINE_MASTER_v002, ViewLayer
00:56.719  render           | Engine: Workbench
00:56.766  render           | Saved: 'F:\pnpline-landing\hero-section-video\blockout\blockout-master-v002\preview\frames\frame-1270.png'
00:56.766  render           | Time: 00:00.03 (Saving: 00:00.01)
00:56.766  render           | Rendering frame 1271
00:56.766  render           | Start rendering: PNPLINE_MASTER_v002, ViewLayer
00:56.766  render           | Engine: Workbench
00:56.813  render           | Saved: 'F:\pnpline-landing\hero-section-video\blockout\blockout-master-v002\preview\frames\frame-1271.png'
00:56.813  render           | Time: 00:00.04 (Saving: 00:00.01)
00:56.813  render           | Rendering frame 1272
00:56.813  render           | Start rendering: PNPLINE_MASTER_v002, ViewLayer
00:56.813  render           | Engine: Workbench
00:56.844  render           | Saved: 'F:\pnpline-landing\hero-section-video\blockout\blockout-master-v002\preview\frames\frame-1272.png'
00:56.844  render           | Time: 00:00.03 (Saving: 00:00.01)
00:56.844  render           | Rendering frame 1273
00:56.844  render           | Start rendering: PNPLINE_MASTER_v002, ViewLayer
00:56.844  render           | Engine: Workbench
00:56.891  render           | Saved: 'F:\pnpline-landing\hero-section-video\blockout\blockout-master-v002\preview\frames\frame-1273.png'
00:56.891  render           | Time: 00:00.04 (Saving: 00:00.01)
00:56.891  render           | Rendering frame 1274
00:56.891  render           | Start rendering: PNPLINE_MASTER_v002, ViewLayer
00:56.891  render           | Engine: Workbench
00:56.922  render           | Saved: 'F:\pnpline-landing\hero-section-video\blockout\blockout-master-v002\preview\frames\frame-1274.png'
00:56.922  render           | Time: 00:00.03 (Saving: 00:00.01)
00:56.922  render           | Rendering frame 1275
00:56.922  render           | Start rendering: PNPLINE_MASTER_v002, ViewLayer
00:56.922  render           | Engine: Workbench
00:56.969  render           | Saved: 'F:\pnpline-landing\hero-section-video\blockout\blockout-master-v002\preview\frames\frame-1275.png'
00:56.969  render           | Time: 00:00.03 (Saving: 00:00.01)
00:56.969  render           | Rendering frame 1276
00:56.969  render           | Start rendering: PNPLINE_MASTER_v002, ViewLayer
00:56.969  render           | Engine: Workbench
00:57.000  render           | Saved: 'F:\pnpline-landing\hero-section-video\blockout\blockout-master-v002\preview\frames\frame-1276.png'
00:57.000  render           | Time: 00:00.04 (Saving: 00:00.01)
00:57.000  render           | Rendering frame 1277
00:57.000  render           | Start rendering: PNPLINE_MASTER_v002, ViewLayer
00:57.000  render           | Engine: Workbench
00:57.047  render           | Saved: 'F:\pnpline-landing\hero-section-video\blockout\blockout-master-v002\preview\frames\frame-1277.png'
00:57.047  render           | Time: 00:00.04 (Saving: 00:00.01)
00:57.047  render           | Rendering frame 1278
00:57.047  render           | Start rendering: PNPLINE_MASTER_v002, ViewLayer
00:57.047  render           | Engine: Workbench
00:57.094  render           | Saved: 'F:\pnpline-landing\hero-section-video\blockout\blockout-master-v002\preview\frames\frame-1278.png'
00:57.094  render           | Time: 00:00.04 (Saving: 00:00.01)
00:57.094  render           | Rendering frame 1279
00:57.094  render           | Start rendering: PNPLINE_MASTER_v002, ViewLayer
00:57.094  render           | Engine: Workbench
00:57.125  render           | Saved: 'F:\pnpline-landing\hero-section-video\blockout\blockout-master-v002\preview\frames\frame-1279.png'
00:57.125  render           | Time: 00:00.04 (Saving: 00:00.01)
00:57.125  render           | Rendering frame 1280
00:57.125  render           | Start rendering: PNPLINE_MASTER_v002, ViewLayer
00:57.125  render           | Engine: Workbench
00:57.172  render           | Saved: 'F:\pnpline-landing\hero-section-video\blockout\blockout-master-v002\preview\frames\frame-1280.png'
00:57.172  render           | Time: 00:00.04 (Saving: 00:00.01)
00:57.172  render           | Rendering frame 1281
00:57.172  render           | Start rendering: PNPLINE_MASTER_v002, ViewLayer
00:57.172  render           | Engine: Workbench
00:57.219  render           | Saved: 'F:\pnpline-landing\hero-section-video\blockout\blockout-master-v002\preview\frames\frame-1281.png'
00:57.219  render           | Time: 00:00.04 (Saving: 00:00.02)
00:57.219  render           | Rendering frame 1282
00:57.219  render           | Start rendering: PNPLINE_MASTER_v002, ViewLayer
00:57.219  render           | Engine: Workbench
00:57.266  render           | Saved: 'F:\pnpline-landing\hero-section-video\blockout\blockout-master-v002\preview\frames\frame-1282.png'
00:57.266  render           | Time: 00:00.04 (Saving: 00:00.02)
00:57.266  render           | Rendering frame 1283
00:57.266  render           | Start rendering: PNPLINE_MASTER_v002, ViewLayer
00:57.266  render           | Engine: Workbench
00:57.313  render           | Saved: 'F:\pnpline-landing\hero-section-video\blockout\blockout-master-v002\preview\frames\frame-1283.png'
00:57.313  render           | Time: 00:00.04 (Saving: 00:00.02)
00:57.313  render           | Rendering frame 1284
00:57.313  render           | Start rendering: PNPLINE_MASTER_v002, ViewLayer
00:57.313  render           | Engine: Workbench
00:57.360  render           | Saved: 'F:\pnpline-landing\hero-section-video\blockout\blockout-master-v002\preview\frames\frame-1284.png'
00:57.360  render           | Time: 00:00.04 (Saving: 00:00.02)
00:57.360  render           | Rendering frame 1285
00:57.360  render           | Start rendering: PNPLINE_MASTER_v002, ViewLayer
00:57.360  render           | Engine: Workbench
00:57.391  render           | Saved: 'F:\pnpline-landing\hero-section-video\blockout\blockout-master-v002\preview\frames\frame-1285.png'
00:57.391  render           | Time: 00:00.04 (Saving: 00:00.02)
00:57.391  render           | Rendering frame 1286
00:57.391  render           | Start rendering: PNPLINE_MASTER_v002, ViewLayer
00:57.391  render           | Engine: Workbench
00:57.438  render           | Saved: 'F:\pnpline-landing\hero-section-video\blockout\blockout-master-v002\preview\frames\frame-1286.png'
00:57.438  render           | Time: 00:00.04 (Saving: 00:00.02)
00:57.438  render           | Rendering frame 1287
00:57.438  render           | Start rendering: PNPLINE_MASTER_v002, ViewLayer
00:57.438  render           | Engine: Workbench
00:57.485  render           | Saved: 'F:\pnpline-landing\hero-section-video\blockout\blockout-master-v002\preview\frames\frame-1287.png'
00:57.485  render           | Time: 00:00.04 (Saving: 00:00.02)
00:57.485  render           | Rendering frame 1288
00:57.485  render           | Start rendering: PNPLINE_MASTER_v002, ViewLayer
00:57.485  render           | Engine: Workbench
00:57.531  render           | Saved: 'F:\pnpline-landing\hero-section-video\blockout\blockout-master-v002\preview\frames\frame-1288.png'
00:57.531  render           | Time: 00:00.04 (Saving: 00:00.02)
00:57.531  render           | Rendering frame 1289
00:57.531  render           | Start rendering: PNPLINE_MASTER_v002, ViewLayer
00:57.531  render           | Engine: Workbench
00:57.578  render           | Saved: 'F:\pnpline-landing\hero-section-video\blockout\blockout-master-v002\preview\frames\frame-1289.png'
00:57.578  render           | Time: 00:00.04 (Saving: 00:00.02)
00:57.578  render           | Rendering frame 1290
00:57.578  render           | Start rendering: PNPLINE_MASTER_v002, ViewLayer
00:57.578  render           | Engine: Workbench
00:57.625  render           | Saved: 'F:\pnpline-landing\hero-section-video\blockout\blockout-master-v002\preview\frames\frame-1290.png'
00:57.625  render           | Time: 00:00.04 (Saving: 00:00.01)
00:57.625  render           | Rendering frame 1291
00:57.625  render           | Start rendering: PNPLINE_MASTER_v002, ViewLayer
00:57.625  render           | Engine: Workbench
00:57.656  render           | Saved: 'F:\pnpline-landing\hero-section-video\blockout\blockout-master-v002\preview\frames\frame-1291.png'
00:57.656  render           | Time: 00:00.04 (Saving: 00:00.01)
00:57.656  render           | Rendering frame 1292
00:57.656  render           | Start rendering: PNPLINE_MASTER_v002, ViewLayer
00:57.656  render           | Engine: Workbench
00:57.703  render           | Saved: 'F:\pnpline-landing\hero-section-video\blockout\blockout-master-v002\preview\frames\frame-1292.png'
00:57.703  render           | Time: 00:00.04 (Saving: 00:00.01)
00:57.703  render           | Rendering frame 1293
00:57.703  render           | Start rendering: PNPLINE_MASTER_v002, ViewLayer
00:57.703  render           | Engine: Workbench
00:57.750  render           | Saved: 'F:\pnpline-landing\hero-section-video\blockout\blockout-master-v002\preview\frames\frame-1293.png'
00:57.750  render           | Time: 00:00.04 (Saving: 00:00.01)
00:57.750  render           | Rendering frame 1294
00:57.750  render           | Start rendering: PNPLINE_MASTER_v002, ViewLayer
00:57.750  render           | Engine: Workbench
00:57.781  render           | Saved: 'F:\pnpline-landing\hero-section-video\blockout\blockout-master-v002\preview\frames\frame-1294.png'
00:57.781  render           | Time: 00:00.04 (Saving: 00:00.01)
00:57.781  render           | Rendering frame 1295
00:57.781  render           | Start rendering: PNPLINE_MASTER_v002, ViewLayer
00:57.781  render           | Engine: Workbench
00:57.828  render           | Saved: 'F:\pnpline-landing\hero-section-video\blockout\blockout-master-v002\preview\frames\frame-1295.png'
00:57.828  render           | Time: 00:00.04 (Saving: 00:00.01)
00:57.828  render           | Rendering frame 1296
00:57.828  render           | Start rendering: PNPLINE_MASTER_v002, ViewLayer
00:57.828  render           | Engine: Workbench
00:57.860  render           | Saved: 'F:\pnpline-landing\hero-section-video\blockout\blockout-master-v002\preview\frames\frame-1296.png'
00:57.860  render           | Time: 00:00.03 (Saving: 00:00.01)
00:57.860  render           | Rendering frame 1297
00:57.860  render           | Start rendering: PNPLINE_MASTER_v002, ViewLayer
00:57.860  render           | Engine: Workbench
00:57.906  render           | Saved: 'F:\pnpline-landing\hero-section-video\blockout\blockout-master-v002\preview\frames\frame-1297.png'
00:57.906  render           | Time: 00:00.04 (Saving: 00:00.01)
00:57.906  render           | Rendering frame 1298
00:57.906  render           | Start rendering: PNPLINE_MASTER_v002, ViewLayer
00:57.906  render           | Engine: Workbench
00:57.953  render           | Saved: 'F:\pnpline-landing\hero-section-video\blockout\blockout-master-v002\preview\frames\frame-1298.png'
00:57.953  render           | Time: 00:00.03 (Saving: 00:00.01)
00:57.953  render           | Rendering frame 1299
00:57.953  render           | Start rendering: PNPLINE_MASTER_v002, ViewLayer
00:57.953  render           | Engine: Workbench
00:57.985  render           | Saved: 'F:\pnpline-landing\hero-section-video\blockout\blockout-master-v002\preview\frames\frame-1299.png'
00:57.985  render           | Time: 00:00.04 (Saving: 00:00.01)
00:57.985  render           | Rendering frame 1300
00:57.985  render           | Start rendering: PNPLINE_MASTER_v002, ViewLayer
00:57.985  render           | Engine: Workbench
00:58.031  render           | Saved: 'F:\pnpline-landing\hero-section-video\blockout\blockout-master-v002\preview\frames\frame-1300.png'
00:58.031  render           | Time: 00:00.03 (Saving: 00:00.01)
00:58.031  render           | Rendering frame 1301
00:58.031  render           | Start rendering: PNPLINE_MASTER_v002, ViewLayer
00:58.031  render           | Engine: Workbench
00:58.063  render           | Saved: 'F:\pnpline-landing\hero-section-video\blockout\blockout-master-v002\preview\frames\frame-1301.png'
00:58.063  render           | Time: 00:00.04 (Saving: 00:00.01)
00:58.063  render           | Rendering frame 1302
00:58.063  render           | Start rendering: PNPLINE_MASTER_v002, ViewLayer
00:58.063  render           | Engine: Workbench
00:58.110  render           | Saved: 'F:\pnpline-landing\hero-section-video\blockout\blockout-master-v002\preview\frames\frame-1302.png'
00:58.110  render           | Time: 00:00.03 (Saving: 00:00.01)
00:58.110  render           | Rendering frame 1303
00:58.110  render           | Start rendering: PNPLINE_MASTER_v002, ViewLayer
00:58.110  render           | Engine: Workbench
00:58.156  render           | Saved: 'F:\pnpline-landing\hero-section-video\blockout\blockout-master-v002\preview\frames\frame-1303.png'
00:58.156  render           | Time: 00:00.04 (Saving: 00:00.01)
00:58.156  render           | Rendering frame 1304
00:58.156  render           | Start rendering: PNPLINE_MASTER_v002, ViewLayer
00:58.156  render           | Engine: Workbench
00:58.203  render           | Saved: 'F:\pnpline-landing\hero-section-video\blockout\blockout-master-v002\preview\frames\frame-1304.png'
00:58.203  render           | Time: 00:00.04 (Saving: 00:00.02)
00:58.203  render           | Rendering frame 1305
00:58.203  render           | Start rendering: PNPLINE_MASTER_v002, ViewLayer
00:58.203  render           | Engine: Workbench
00:58.250  render           | Saved: 'F:\pnpline-landing\hero-section-video\blockout\blockout-master-v002\preview\frames\frame-1305.png'
00:58.250  render           | Time: 00:00.04 (Saving: 00:00.01)
00:58.250  render           | Rendering frame 1306
00:58.250  render           | Start rendering: PNPLINE_MASTER_v002, ViewLayer
00:58.250  render           | Engine: Workbench
00:58.281  render           | Saved: 'F:\pnpline-landing\hero-section-video\blockout\blockout-master-v002\preview\frames\frame-1306.png'
00:58.281  render           | Time: 00:00.04 (Saving: 00:00.01)
00:58.281  render           | Rendering frame 1307
00:58.281  render           | Start rendering: PNPLINE_MASTER_v002, ViewLayer
00:58.281  render           | Engine: Workbench
00:58.328  render           | Saved: 'F:\pnpline-landing\hero-section-video\blockout\blockout-master-v002\preview\frames\frame-1307.png'
00:58.328  render           | Time: 00:00.04 (Saving: 00:00.02)
00:58.328  render           | Rendering frame 1308
00:58.328  render           | Start rendering: PNPLINE_MASTER_v002, ViewLayer
00:58.328  render           | Engine: Workbench
00:58.360  render           | Saved: 'F:\pnpline-landing\hero-section-video\blockout\blockout-master-v002\preview\frames\frame-1308.png'
00:58.360  render           | Time: 00:00.03 (Saving: 00:00.01)
00:58.360  render           | Rendering frame 1309
00:58.360  render           | Start rendering: PNPLINE_MASTER_v002, ViewLayer
00:58.360  render           | Engine: Workbench
00:58.406  render           | Saved: 'F:\pnpline-landing\hero-section-video\blockout\blockout-master-v002\preview\frames\frame-1309.png'
00:58.406  render           | Time: 00:00.04 (Saving: 00:00.01)
00:58.406  render           | Rendering frame 1310
00:58.406  render           | Start rendering: PNPLINE_MASTER_v002, ViewLayer
00:58.406  render           | Engine: Workbench
00:58.453  render           | Saved: 'F:\pnpline-landing\hero-section-video\blockout\blockout-master-v002\preview\frames\frame-1310.png'
00:58.453  render           | Time: 00:00.03 (Saving: 00:00.01)
00:58.453  render           | Rendering frame 1311
00:58.453  render           | Start rendering: PNPLINE_MASTER_v002, ViewLayer
00:58.453  render           | Engine: Workbench
00:58.500  render           | Saved: 'F:\pnpline-landing\hero-section-video\blockout\blockout-master-v002\preview\frames\frame-1311.png'
00:58.500  render           | Time: 00:00.04 (Saving: 00:00.02)
00:58.500  render           | Rendering frame 1312
00:58.500  render           | Start rendering: PNPLINE_MASTER_v002, ViewLayer
00:58.500  render           | Engine: Workbench
00:58.531  render           | Saved: 'F:\pnpline-landing\hero-section-video\blockout\blockout-master-v002\preview\frames\frame-1312.png'
00:58.531  render           | Time: 00:00.03 (Saving: 00:00.01)
00:58.531  render           | Rendering frame 1313
00:58.531  render           | Start rendering: PNPLINE_MASTER_v002, ViewLayer
00:58.531  render           | Engine: Workbench
00:58.578  render           | Saved: 'F:\pnpline-landing\hero-section-video\blockout\blockout-master-v002\preview\frames\frame-1313.png'
00:58.578  render           | Time: 00:00.04 (Saving: 00:00.01)
00:58.578  render           | Rendering frame 1314
00:58.578  render           | Start rendering: PNPLINE_MASTER_v002, ViewLayer
00:58.578  render           | Engine: Workbench
00:58.610  render           | Saved: 'F:\pnpline-landing\hero-section-video\blockout\blockout-master-v002\preview\frames\frame-1314.png'
00:58.610  render           | Time: 00:00.03 (Saving: 00:00.01)
00:58.610  render           | Rendering frame 1315
00:58.610  render           | Start rendering: PNPLINE_MASTER_v002, ViewLayer
00:58.610  render           | Engine: Workbench
00:58.656  render           | Saved: 'F:\pnpline-landing\hero-section-video\blockout\blockout-master-v002\preview\frames\frame-1315.png'
00:58.656  render           | Time: 00:00.04 (Saving: 00:00.02)
00:58.656  render           | Rendering frame 1316
00:58.656  render           | Start rendering: PNPLINE_MASTER_v002, ViewLayer
00:58.656  render           | Engine: Workbench
00:58.703  render           | Saved: 'F:\pnpline-landing\hero-section-video\blockout\blockout-master-v002\preview\frames\frame-1316.png'
00:58.703  render           | Time: 00:00.04 (Saving: 00:00.01)
00:58.703  render           | Rendering frame 1317
00:58.703  render           | Start rendering: PNPLINE_MASTER_v002, ViewLayer
00:58.703  render           | Engine: Workbench
00:58.735  render           | Saved: 'F:\pnpline-landing\hero-section-video\blockout\blockout-master-v002\preview\frames\frame-1317.png'
00:58.735  render           | Time: 00:00.04 (Saving: 00:00.01)
00:58.735  render           | Rendering frame 1318
00:58.735  render           | Start rendering: PNPLINE_MASTER_v002, ViewLayer
00:58.735  render           | Engine: Workbench
00:58.781  render           | Saved: 'F:\pnpline-landing\hero-section-video\blockout\blockout-master-v002\preview\frames\frame-1318.png'
00:58.781  render           | Time: 00:00.03 (Saving: 00:00.01)
00:58.781  render           | Rendering frame 1319
00:58.781  render           | Start rendering: PNPLINE_MASTER_v002, ViewLayer
00:58.781  render           | Engine: Workbench
00:58.828  render           | Saved: 'F:\pnpline-landing\hero-section-video\blockout\blockout-master-v002\preview\frames\frame-1319.png'
00:58.828  render           | Time: 00:00.03 (Saving: 00:00.01)
00:58.828  render           | Rendering frame 1320
00:58.828  render           | Start rendering: PNPLINE_MASTER_v002, ViewLayer
00:58.828  render           | Engine: Workbench
00:58.860  render           | Saved: 'F:\pnpline-landing\hero-section-video\blockout\blockout-master-v002\preview\frames\frame-1320.png'
00:58.860  render           | Time: 00:00.03 (Saving: 00:00.01)
00:58.860  render           | Rendering frame 1321
00:58.860  render           | Start rendering: PNPLINE_MASTER_v002, ViewLayer
00:58.860  render           | Engine: Workbench
00:58.906  render           | Saved: 'F:\pnpline-landing\hero-section-video\blockout\blockout-master-v002\preview\frames\frame-1321.png'
00:58.906  render           | Time: 00:00.04 (Saving: 00:00.01)
00:58.906  render           | Rendering frame 1322
00:58.906  render           | Start rendering: PNPLINE_MASTER_v002, ViewLayer
00:58.906  render           | Engine: Workbench
00:58.938  render           | Saved: 'F:\pnpline-landing\hero-section-video\blockout\blockout-master-v002\preview\frames\frame-1322.png'
00:58.938  render           | Time: 00:00.03 (Saving: 00:00.01)
00:58.938  render           | Rendering frame 1323
00:58.938  render           | Start rendering: PNPLINE_MASTER_v002, ViewLayer
00:58.938  render           | Engine: Workbench
00:58.985  render           | Saved: 'F:\pnpline-landing\hero-section-video\blockout\blockout-master-v002\preview\frames\frame-1323.png'
00:58.985  render           | Time: 00:00.04 (Saving: 00:00.01)
00:58.985  render           | Rendering frame 1324
00:58.985  render           | Start rendering: PNPLINE_MASTER_v002, ViewLayer
00:58.985  render           | Engine: Workbench
00:59.031  render           | Saved: 'F:\pnpline-landing\hero-section-video\blockout\blockout-master-v002\preview\frames\frame-1324.png'
00:59.031  render           | Time: 00:00.03 (Saving: 00:00.01)
00:59.031  render           | Rendering frame 1325
00:59.031  render           | Start rendering: PNPLINE_MASTER_v002, ViewLayer
00:59.031  render           | Engine: Workbench
00:59.063  render           | Saved: 'F:\pnpline-landing\hero-section-video\blockout\blockout-master-v002\preview\frames\frame-1325.png'
00:59.063  render           | Time: 00:00.04 (Saving: 00:00.01)
00:59.063  render           | Rendering frame 1326
00:59.063  render           | Start rendering: PNPLINE_MASTER_v002, ViewLayer
00:59.063  render           | Engine: Workbench
00:59.110  render           | Saved: 'F:\pnpline-landing\hero-section-video\blockout\blockout-master-v002\preview\frames\frame-1326.png'
00:59.110  render           | Time: 00:00.04 (Saving: 00:00.01)
00:59.110  render           | Rendering frame 1327
00:59.110  render           | Start rendering: PNPLINE_MASTER_v002, ViewLayer
00:59.110  render           | Engine: Workbench
00:59.156  render           | Saved: 'F:\pnpline-landing\hero-section-video\blockout\blockout-master-v002\preview\frames\frame-1327.png'
00:59.156  render           | Time: 00:00.04 (Saving: 00:00.01)
00:59.156  render           | Rendering frame 1328
00:59.156  render           | Start rendering: PNPLINE_MASTER_v002, ViewLayer
00:59.156  render           | Engine: Workbench
00:59.203  render           | Saved: 'F:\pnpline-landing\hero-section-video\blockout\blockout-master-v002\preview\frames\frame-1328.png'
00:59.203  render           | Time: 00:00.05 (Saving: 00:00.01)
00:59.203  render           | Rendering frame 1329
00:59.203  render           | Start rendering: PNPLINE_MASTER_v002, ViewLayer
00:59.203  render           | Engine: Workbench
00:59.250  render           | Saved: 'F:\pnpline-landing\hero-section-video\blockout\blockout-master-v002\preview\frames\frame-1329.png'
00:59.250  render           | Time: 00:00.04 (Saving: 00:00.02)
00:59.250  render           | Rendering frame 1330
00:59.250  render           | Start rendering: PNPLINE_MASTER_v002, ViewLayer
00:59.250  render           | Engine: Workbench
00:59.297  render           | Saved: 'F:\pnpline-landing\hero-section-video\blockout\blockout-master-v002\preview\frames\frame-1330.png'
00:59.297  render           | Time: 00:00.04 (Saving: 00:00.01)
00:59.297  render           | Rendering frame 1331
00:59.297  render           | Start rendering: PNPLINE_MASTER_v002, ViewLayer
00:59.297  render           | Engine: Workbench
00:59.344  render           | Saved: 'F:\pnpline-landing\hero-section-video\blockout\blockout-master-v002\preview\frames\frame-1331.png'
00:59.344  render           | Time: 00:00.04 (Saving: 00:00.01)
00:59.344  render           | Rendering frame 1332
00:59.344  render           | Start rendering: PNPLINE_MASTER_v002, ViewLayer
00:59.344  render           | Engine: Workbench
00:59.391  render           | Saved: 'F:\pnpline-landing\hero-section-video\blockout\blockout-master-v002\preview\frames\frame-1332.png'
00:59.391  render           | Time: 00:00.04 (Saving: 00:00.01)
00:59.391  render           | Rendering frame 1333
00:59.391  render           | Start rendering: PNPLINE_MASTER_v002, ViewLayer
00:59.391  render           | Engine: Workbench
00:59.438  render           | Saved: 'F:\pnpline-landing\hero-section-video\blockout\blockout-master-v002\preview\frames\frame-1333.png'
00:59.438  render           | Time: 00:00.04 (Saving: 00:00.01)
00:59.438  render           | Rendering frame 1334
00:59.438  render           | Start rendering: PNPLINE_MASTER_v002, ViewLayer
00:59.438  render           | Engine: Workbench
00:59.485  render           | Saved: 'F:\pnpline-landing\hero-section-video\blockout\blockout-master-v002\preview\frames\frame-1334.png'
00:59.485  render           | Time: 00:00.04 (Saving: 00:00.01)
00:59.485  render           | Rendering frame 1335
00:59.485  render           | Start rendering: PNPLINE_MASTER_v002, ViewLayer
00:59.485  render           | Engine: Workbench
00:59.531  render           | Saved: 'F:\pnpline-landing\hero-section-video\blockout\blockout-master-v002\preview\frames\frame-1335.png'
00:59.531  render           | Time: 00:00.05 (Saving: 00:00.01)
00:59.531  render           | Rendering frame 1336
00:59.531  render           | Start rendering: PNPLINE_MASTER_v002, ViewLayer
00:59.531  render           | Engine: Workbench
00:59.578  render           | Saved: 'F:\pnpline-landing\hero-section-video\blockout\blockout-master-v002\preview\frames\frame-1336.png'
00:59.578  render           | Time: 00:00.04 (Saving: 00:00.01)
00:59.578  render           | Rendering frame 1337
00:59.578  render           | Start rendering: PNPLINE_MASTER_v002, ViewLayer
00:59.578  render           | Engine: Workbench
00:59.625  render           | Saved: 'F:\pnpline-landing\hero-section-video\blockout\blockout-master-v002\preview\frames\frame-1337.png'
00:59.625  render           | Time: 00:00.04 (Saving: 00:00.01)
00:59.625  render           | Rendering frame 1338
00:59.625  render           | Start rendering: PNPLINE_MASTER_v002, ViewLayer
00:59.625  render           | Engine: Workbench
00:59.672  render           | Saved: 'F:\pnpline-landing\hero-section-video\blockout\blockout-master-v002\preview\frames\frame-1338.png'
00:59.672  render           | Time: 00:00.04 (Saving: 00:00.01)
00:59.672  render           | Rendering frame 1339
00:59.672  render           | Start rendering: PNPLINE_MASTER_v002, ViewLayer
00:59.672  render           | Engine: Workbench
00:59.719  render           | Saved: 'F:\pnpline-landing\hero-section-video\blockout\blockout-master-v002\preview\frames\frame-1339.png'
00:59.719  render           | Time: 00:00.04 (Saving: 00:00.01)
00:59.719  render           | Rendering frame 1340
00:59.719  render           | Start rendering: PNPLINE_MASTER_v002, ViewLayer
00:59.719  render           | Engine: Workbench
00:59.766  render           | Saved: 'F:\pnpline-landing\hero-section-video\blockout\blockout-master-v002\preview\frames\frame-1340.png'
00:59.766  render           | Time: 00:00.04 (Saving: 00:00.02)
00:59.766  render           | Rendering frame 1341
00:59.766  render           | Start rendering: PNPLINE_MASTER_v002, ViewLayer
00:59.766  render           | Engine: Workbench
00:59.797  render           | Saved: 'F:\pnpline-landing\hero-section-video\blockout\blockout-master-v002\preview\frames\frame-1341.png'
00:59.797  render           | Time: 00:00.04 (Saving: 00:00.01)
00:59.797  render           | Rendering frame 1342
00:59.797  render           | Start rendering: PNPLINE_MASTER_v002, ViewLayer
00:59.797  render           | Engine: Workbench
00:59.844  render           | Saved: 'F:\pnpline-landing\hero-section-video\blockout\blockout-master-v002\preview\frames\frame-1342.png'
00:59.844  render           | Time: 00:00.04 (Saving: 00:00.01)
00:59.844  render           | Rendering frame 1343
00:59.844  render           | Start rendering: PNPLINE_MASTER_v002, ViewLayer
00:59.844  render           | Engine: Workbench
00:59.875  render           | Saved: 'F:\pnpline-landing\hero-section-video\blockout\blockout-master-v002\preview\frames\frame-1343.png'
00:59.875  render           | Time: 00:00.04 (Saving: 00:00.01)
00:59.875  render           | Rendering frame 1344
00:59.891  render           | Start rendering: PNPLINE_MASTER_v002, ViewLayer
00:59.891  render           | Engine: Workbench
00:59.922  render           | Saved: 'F:\pnpline-landing\hero-section-video\blockout\blockout-master-v002\preview\frames\frame-1344.png'
00:59.922  render           | Time: 00:00.04 (Saving: 00:00.01)
00:59.922  render           | Rendering frame 1345
00:59.922  render           | Start rendering: PNPLINE_MASTER_v002, ViewLayer
00:59.922  render           | Engine: Workbench
00:59.969  render           | Saved: 'F:\pnpline-landing\hero-section-video\blockout\blockout-master-v002\preview\frames\frame-1345.png'
00:59.969  render           | Time: 00:00.04 (Saving: 00:00.01)
00:59.969  render           | Rendering frame 1346
00:59.969  render           | Start rendering: PNPLINE_MASTER_v002, ViewLayer
00:59.969  render           | Engine: Workbench
01:00.016  render           | Saved: 'F:\pnpline-landing\hero-section-video\blockout\blockout-master-v002\preview\frames\frame-1346.png'
01:00.016  render           | Time: 00:00.04 (Saving: 00:00.01)
01:00.016  render           | Rendering frame 1347
01:00.016  render           | Start rendering: PNPLINE_MASTER_v002, ViewLayer
01:00.016  render           | Engine: Workbench
01:00.047  render           | Saved: 'F:\pnpline-landing\hero-section-video\blockout\blockout-master-v002\preview\frames\frame-1347.png'
01:00.047  render           | Time: 00:00.04 (Saving: 00:00.01)
01:00.047  render           | Rendering frame 1348
01:00.047  render           | Start rendering: PNPLINE_MASTER_v002, ViewLayer
01:00.047  render           | Engine: Workbench
01:00.094  render           | Saved: 'F:\pnpline-landing\hero-section-video\blockout\blockout-master-v002\preview\frames\frame-1348.png'
01:00.094  render           | Time: 00:00.04 (Saving: 00:00.01)
01:00.094  render           | Rendering frame 1349
01:00.094  render           | Start rendering: PNPLINE_MASTER_v002, ViewLayer
01:00.094  render           | Engine: Workbench
01:00.141  render           | Saved: 'F:\pnpline-landing\hero-section-video\blockout\blockout-master-v002\preview\frames\frame-1349.png'
01:00.141  render           | Time: 00:00.04 (Saving: 00:00.01)
01:00.141  render           | Rendering frame 1350
01:00.141  render           | Start rendering: PNPLINE_MASTER_v002, ViewLayer
01:00.141  render           | Engine: Workbench
01:00.188  render           | Saved: 'F:\pnpline-landing\hero-section-video\blockout\blockout-master-v002\preview\frames\frame-1350.png'
01:00.188  render           | Time: 00:00.04 (Saving: 00:00.01)
01:00.188  render           | Rendering frame 1351
01:00.188  render           | Start rendering: PNPLINE_MASTER_v002, ViewLayer
01:00.188  render           | Engine: Workbench
01:00.235  render           | Saved: 'F:\pnpline-landing\hero-section-video\blockout\blockout-master-v002\preview\frames\frame-1351.png'
01:00.235  render           | Time: 00:00.04 (Saving: 00:00.02)
01:00.235  render           | Rendering frame 1352
01:00.235  render           | Start rendering: PNPLINE_MASTER_v002, ViewLayer
01:00.235  render           | Engine: Workbench
01:00.281  render           | Saved: 'F:\pnpline-landing\hero-section-video\blockout\blockout-master-v002\preview\frames\frame-1352.png'
01:00.281  render           | Time: 00:00.04 (Saving: 00:00.01)
01:00.281  render           | Rendering frame 1353
01:00.281  render           | Start rendering: PNPLINE_MASTER_v002, ViewLayer
01:00.281  render           | Engine: Workbench
01:00.328  render           | Saved: 'F:\pnpline-landing\hero-section-video\blockout\blockout-master-v002\preview\frames\frame-1353.png'
01:00.328  render           | Time: 00:00.04 (Saving: 00:00.01)
01:00.328  render           | Rendering frame 1354
01:00.328  render           | Start rendering: PNPLINE_MASTER_v002, ViewLayer
01:00.328  render           | Engine: Workbench
01:00.360  render           | Saved: 'F:\pnpline-landing\hero-section-video\blockout\blockout-master-v002\preview\frames\frame-1354.png'
01:00.360  render           | Time: 00:00.04 (Saving: 00:00.01)
01:00.360  render           | Rendering frame 1355
01:00.360  render           | Start rendering: PNPLINE_MASTER_v002, ViewLayer
01:00.360  render           | Engine: Workbench
01:00.406  render           | Saved: 'F:\pnpline-landing\hero-section-video\blockout\blockout-master-v002\preview\frames\frame-1355.png'
01:00.406  render           | Time: 00:00.04 (Saving: 00:00.01)
01:00.406  render           | Rendering frame 1356
01:00.406  render           | Start rendering: PNPLINE_MASTER_v002, ViewLayer
01:00.406  render           | Engine: Workbench
01:00.453  render           | Saved: 'F:\pnpline-landing\hero-section-video\blockout\blockout-master-v002\preview\frames\frame-1356.png'
01:00.453  render           | Time: 00:00.04 (Saving: 00:00.01)
01:00.453  render           | Rendering frame 1357
01:00.453  render           | Start rendering: PNPLINE_MASTER_v002, ViewLayer
01:00.453  render           | Engine: Workbench
01:00.531  render           | Saved: 'F:\pnpline-landing\hero-section-video\blockout\blockout-master-v002\preview\frames\frame-1357.png'
01:00.531  render           | Time: 00:00.08 (Saving: 00:00.01)
01:00.531  render           | Rendering frame 1358
01:00.531  render           | Start rendering: PNPLINE_MASTER_v002, ViewLayer
01:00.531  render           | Engine: Workbench
01:00.641  render           | Saved: 'F:\pnpline-landing\hero-section-video\blockout\blockout-master-v002\preview\frames\frame-1358.png'
01:00.641  render           | Time: 00:00.10 (Saving: 00:00.02)
01:00.641  render           | Rendering frame 1359
01:00.641  render           | Start rendering: PNPLINE_MASTER_v002, ViewLayer
01:00.641  render           | Engine: Workbench
01:00.688  render           | Saved: 'F:\pnpline-landing\hero-section-video\blockout\blockout-master-v002\preview\frames\frame-1359.png'
01:00.688  render           | Time: 00:00.04 (Saving: 00:00.02)
01:00.688  render           | Rendering frame 1360
01:00.688  render           | Start rendering: PNPLINE_MASTER_v002, ViewLayer
01:00.688  render           | Engine: Workbench
01:00.719  render           | Saved: 'F:\pnpline-landing\hero-section-video\blockout\blockout-master-v002\preview\frames\frame-1360.png'
01:00.719  render           | Time: 00:00.04 (Saving: 00:00.02)
01:00.719  render           | Rendering frame 1361
01:00.719  render           | Start rendering: PNPLINE_MASTER_v002, ViewLayer
01:00.719  render           | Engine: Workbench
01:00.766  render           | Saved: 'F:\pnpline-landing\hero-section-video\blockout\blockout-master-v002\preview\frames\frame-1361.png'
01:00.766  render           | Time: 00:00.04 (Saving: 00:00.02)
01:00.766  render           | Rendering frame 1362
01:00.766  render           | Start rendering: PNPLINE_MASTER_v002, ViewLayer
01:00.766  render           | Engine: Workbench
01:00.813  render           | Saved: 'F:\pnpline-landing\hero-section-video\blockout\blockout-master-v002\preview\frames\frame-1362.png'
01:00.813  render           | Time: 00:00.04 (Saving: 00:00.02)
01:00.813  render           | Rendering frame 1363
01:00.813  render           | Start rendering: PNPLINE_MASTER_v002, ViewLayer
01:00.813  render           | Engine: Workbench
01:00.860  render           | Saved: 'F:\pnpline-landing\hero-section-video\blockout\blockout-master-v002\preview\frames\frame-1363.png'
01:00.860  render           | Time: 00:00.04 (Saving: 00:00.02)
01:00.860  render           | Rendering frame 1364
01:00.860  render           | Start rendering: PNPLINE_MASTER_v002, ViewLayer
01:00.860  render           | Engine: Workbench
01:00.891  render           | Saved: 'F:\pnpline-landing\hero-section-video\blockout\blockout-master-v002\preview\frames\frame-1364.png'
01:00.891  render           | Time: 00:00.04 (Saving: 00:00.02)
01:00.891  render           | Rendering frame 1365
01:00.891  render           | Start rendering: PNPLINE_MASTER_v002, ViewLayer
01:00.891  render           | Engine: Workbench
01:00.938  render           | Saved: 'F:\pnpline-landing\hero-section-video\blockout\blockout-master-v002\preview\frames\frame-1365.png'
01:00.938  render           | Time: 00:00.03 (Saving: 00:00.01)
01:00.938  render           | Rendering frame 1366
01:00.938  render           | Start rendering: PNPLINE_MASTER_v002, ViewLayer
01:00.938  render           | Engine: Workbench
01:00.969  render           | Saved: 'F:\pnpline-landing\hero-section-video\blockout\blockout-master-v002\preview\frames\frame-1366.png'
01:00.969  render           | Time: 00:00.03 (Saving: 00:00.01)
01:00.969  render           | Rendering frame 1367
01:00.969  render           | Start rendering: PNPLINE_MASTER_v002, ViewLayer
01:00.969  render           | Engine: Workbench
01:01.016  render           | Saved: 'F:\pnpline-landing\hero-section-video\blockout\blockout-master-v002\preview\frames\frame-1367.png'
01:01.016  render           | Time: 00:00.04 (Saving: 00:00.01)
01:01.016  render           | Rendering frame 1368
01:01.016  render           | Start rendering: PNPLINE_MASTER_v002, ViewLayer
01:01.016  render           | Engine: Workbench
01:01.063  render           | Saved: 'F:\pnpline-landing\hero-section-video\blockout\blockout-master-v002\preview\frames\frame-1368.png'
01:01.063  render           | Time: 00:00.03 (Saving: 00:00.01)
01:01.063  render           | Rendering frame 1369
01:01.063  render           | Start rendering: PNPLINE_MASTER_v002, ViewLayer
01:01.063  render           | Engine: Workbench
01:01.094  render           | Saved: 'F:\pnpline-landing\hero-section-video\blockout\blockout-master-v002\preview\frames\frame-1369.png'
01:01.094  render           | Time: 00:00.03 (Saving: 00:00.01)
01:01.094  render           | Rendering frame 1370
01:01.094  render           | Start rendering: PNPLINE_MASTER_v002, ViewLayer
01:01.094  render           | Engine: Workbench
01:01.141  render           | Saved: 'F:\pnpline-landing\hero-section-video\blockout\blockout-master-v002\preview\frames\frame-1370.png'
01:01.141  render           | Time: 00:00.03 (Saving: 00:00.01)
01:01.141  render           | Rendering frame 1371
01:01.141  render           | Start rendering: PNPLINE_MASTER_v002, ViewLayer
01:01.141  render           | Engine: Workbench
01:01.172  render           | Saved: 'F:\pnpline-landing\hero-section-video\blockout\blockout-master-v002\preview\frames\frame-1371.png'
01:01.172  render           | Time: 00:00.03 (Saving: 00:00.01)
01:01.172  render           | Rendering frame 1372
01:01.172  render           | Start rendering: PNPLINE_MASTER_v002, ViewLayer
01:01.172  render           | Engine: Workbench
01:01.219  render           | Saved: 'F:\pnpline-landing\hero-section-video\blockout\blockout-master-v002\preview\frames\frame-1372.png'
01:01.219  render           | Time: 00:00.03 (Saving: 00:00.01)
01:01.219  render           | Rendering frame 1373
01:01.219  render           | Start rendering: PNPLINE_MASTER_v002, ViewLayer
01:01.219  render           | Engine: Workbench
01:01.250  render           | Saved: 'F:\pnpline-landing\hero-section-video\blockout\blockout-master-v002\preview\frames\frame-1373.png'
01:01.250  render           | Time: 00:00.04 (Saving: 00:00.02)
01:01.250  render           | Rendering frame 1374
01:01.250  render           | Start rendering: PNPLINE_MASTER_v002, ViewLayer
01:01.250  render           | Engine: Workbench
01:01.297  render           | Saved: 'F:\pnpline-landing\hero-section-video\blockout\blockout-master-v002\preview\frames\frame-1374.png'
01:01.297  render           | Time: 00:00.03 (Saving: 00:00.01)
01:01.297  render           | Rendering frame 1375
01:01.297  render           | Start rendering: PNPLINE_MASTER_v002, ViewLayer
01:01.297  render           | Engine: Workbench
01:01.328  render           | Saved: 'F:\pnpline-landing\hero-section-video\blockout\blockout-master-v002\preview\frames\frame-1375.png'
01:01.328  render           | Time: 00:00.03 (Saving: 00:00.01)
01:01.328  render           | Rendering frame 1376
01:01.328  render           | Start rendering: PNPLINE_MASTER_v002, ViewLayer
01:01.328  render           | Engine: Workbench
01:01.375  render           | Saved: 'F:\pnpline-landing\hero-section-video\blockout\blockout-master-v002\preview\frames\frame-1376.png'
01:01.375  render           | Time: 00:00.04 (Saving: 00:00.01)
01:01.375  render           | Rendering frame 1377
01:01.375  render           | Start rendering: PNPLINE_MASTER_v002, ViewLayer
01:01.375  render           | Engine: Workbench
01:01.422  render           | Saved: 'F:\pnpline-landing\hero-section-video\blockout\blockout-master-v002\preview\frames\frame-1377.png'
01:01.422  render           | Time: 00:00.04 (Saving: 00:00.01)
01:01.422  render           | Rendering frame 1378
01:01.422  render           | Start rendering: PNPLINE_MASTER_v002, ViewLayer
01:01.422  render           | Engine: Workbench
01:01.453  render           | Saved: 'F:\pnpline-landing\hero-section-video\blockout\blockout-master-v002\preview\frames\frame-1378.png'
01:01.453  render           | Time: 00:00.04 (Saving: 00:00.02)
01:01.453  render           | Rendering frame 1379
01:01.453  render           | Start rendering: PNPLINE_MASTER_v002, ViewLayer
01:01.453  render           | Engine: Workbench
01:01.500  render           | Saved: 'F:\pnpline-landing\hero-section-video\blockout\blockout-master-v002\preview\frames\frame-1379.png'
01:01.500  render           | Time: 00:00.04 (Saving: 00:00.01)
01:01.500  render           | Rendering frame 1380
01:01.500  render           | Start rendering: PNPLINE_MASTER_v002, ViewLayer
01:01.500  render           | Engine: Workbench
01:01.531  render           | Saved: 'F:\pnpline-landing\hero-section-video\blockout\blockout-master-v002\preview\frames\frame-1380.png'
01:01.531  render           | Time: 00:00.03 (Saving: 00:00.01)
01:01.531  render           | Rendering frame 1381
01:01.531  render           | Start rendering: PNPLINE_MASTER_v002, ViewLayer
01:01.531  render           | Engine: Workbench
01:01.578  render           | Saved: 'F:\pnpline-landing\hero-section-video\blockout\blockout-master-v002\preview\frames\frame-1381.png'
01:01.578  render           | Time: 00:00.03 (Saving: 00:00.01)
01:01.578  render           | Rendering frame 1382
01:01.578  render           | Start rendering: PNPLINE_MASTER_v002, ViewLayer
01:01.578  render           | Engine: Workbench
01:01.625  render           | Saved: 'F:\pnpline-landing\hero-section-video\blockout\blockout-master-v002\preview\frames\frame-1382.png'
01:01.625  render           | Time: 00:00.04 (Saving: 00:00.01)
01:01.625  render           | Rendering frame 1383
01:01.625  render           | Start rendering: PNPLINE_MASTER_v002, ViewLayer
01:01.625  render           | Engine: Workbench
01:01.656  render           | Saved: 'F:\pnpline-landing\hero-section-video\blockout\blockout-master-v002\preview\frames\frame-1383.png'
01:01.656  render           | Time: 00:00.03 (Saving: 00:00.01)
01:01.656  render           | Rendering frame 1384
01:01.656  render           | Start rendering: PNPLINE_MASTER_v002, ViewLayer
01:01.656  render           | Engine: Workbench
01:01.703  render           | Saved: 'F:\pnpline-landing\hero-section-video\blockout\blockout-master-v002\preview\frames\frame-1384.png'
01:01.703  render           | Time: 00:00.03 (Saving: 00:00.01)
01:01.703  render           | Rendering frame 1385
01:01.703  render           | Start rendering: PNPLINE_MASTER_v002, ViewLayer
01:01.703  render           | Engine: Workbench
01:01.735  render           | Saved: 'F:\pnpline-landing\hero-section-video\blockout\blockout-master-v002\preview\frames\frame-1385.png'
01:01.735  render           | Time: 00:00.04 (Saving: 00:00.01)
01:01.735  render           | Rendering frame 1386
01:01.735  render           | Start rendering: PNPLINE_MASTER_v002, ViewLayer
01:01.735  render           | Engine: Workbench
01:01.781  render           | Saved: 'F:\pnpline-landing\hero-section-video\blockout\blockout-master-v002\preview\frames\frame-1386.png'
01:01.781  render           | Time: 00:00.03 (Saving: 00:00.01)
01:01.781  render           | Rendering frame 1387
01:01.781  render           | Start rendering: PNPLINE_MASTER_v002, ViewLayer
01:01.781  render           | Engine: Workbench
01:01.813  render           | Saved: 'F:\pnpline-landing\hero-section-video\blockout\blockout-master-v002\preview\frames\frame-1387.png'
01:01.813  render           | Time: 00:00.03 (Saving: 00:00.01)
01:01.813  render           | Rendering frame 1388
01:01.813  render           | Start rendering: PNPLINE_MASTER_v002, ViewLayer
01:01.813  render           | Engine: Workbench
01:01.860  render           | Saved: 'F:\pnpline-landing\hero-section-video\blockout\blockout-master-v002\preview\frames\frame-1388.png'
01:01.860  render           | Time: 00:00.03 (Saving: 00:00.01)
01:01.860  render           | Rendering frame 1389
01:01.860  render           | Start rendering: PNPLINE_MASTER_v002, ViewLayer
01:01.860  render           | Engine: Workbench
01:01.891  render           | Saved: 'F:\pnpline-landing\hero-section-video\blockout\blockout-master-v002\preview\frames\frame-1389.png'
01:01.891  render           | Time: 00:00.03 (Saving: 00:00.01)
01:01.891  render           | Rendering frame 1390
01:01.891  render           | Start rendering: PNPLINE_MASTER_v002, ViewLayer
01:01.891  render           | Engine: Workbench
01:01.938  render           | Saved: 'F:\pnpline-landing\hero-section-video\blockout\blockout-master-v002\preview\frames\frame-1390.png'
01:01.938  render           | Time: 00:00.03 (Saving: 00:00.01)
01:01.938  render           | Rendering frame 1391
01:01.938  render           | Start rendering: PNPLINE_MASTER_v002, ViewLayer
01:01.938  render           | Engine: Workbench
01:01.969  render           | Saved: 'F:\pnpline-landing\hero-section-video\blockout\blockout-master-v002\preview\frames\frame-1391.png'
01:01.969  render           | Time: 00:00.04 (Saving: 00:00.01)
01:01.969  render           | Rendering frame 1392
01:01.969  render           | Start rendering: PNPLINE_MASTER_v002, ViewLayer
01:01.969  render           | Engine: Workbench
01:02.016  render           | Saved: 'F:\pnpline-landing\hero-section-video\blockout\blockout-master-v002\preview\frames\frame-1392.png'
01:02.016  render           | Time: 00:00.03 (Saving: 00:00.01)

Blender quit
