00:01.015  blend            | Read blend: "F:\pnpline-landing\hero-section-video\blockout\blockout-master-v003\master-v003.blend"
00:01.062  render           | Rendering animation (frames 0..1392)
00:01.062  render           | Rendering frame 0
00:01.062  render           | Start rendering: PNPLINE_MASTER_v003, ViewLayer
00:01.062  render           | Engine: Workbench
00:01.656  render           | Saved: 'F:\pnpline-landing\hero-section-video\blockout\blockout-master-v003\preview\frames\frame-0000.png'
00:01.656  render           | Time: 00:00.59 (Saving: 00:00.03)
Blender 5.1.0 (hash adfe2921d5f3 built 2026-03-17 01:37:32)
00:01.656  render           | Rendering frame 1
00:01.656  render           | Start rendering: PNPLINE_MASTER_v003, ViewLayer
00:01.656  render           | Engine: Workbench
00:01.703  render           | Saved: 'F:\pnpline-landing\hero-section-video\blockout\blockout-master-v003\preview\frames\frame-0001.png'
00:01.703  render           | Time: 00:00.03 (Saving: 00:00.01)
00:01.703  render           | Rendering frame 2
00:01.703  render           | Start rendering: PNPLINE_MASTER_v003, ViewLayer
00:01.703  render           | Engine: Workbench
00:01.734  render           | Saved: 'F:\pnpline-landing\hero-section-video\blockout\blockout-master-v003\preview\frames\frame-0002.png'
00:01.734  render           | Time: 00:00.03 (Saving: 00:00.01)
00:01.734  render           | Rendering frame 3
00:01.734  render           | Start rendering: PNPLINE_MASTER_v003, ViewLayer
00:01.734  render           | Engine: Workbench
00:01.781  render           | Saved: 'F:\pnpline-landing\hero-section-video\blockout\blockout-master-v003\preview\frames\frame-0003.png'
00:01.781  render           | Time: 00:00.03 (Saving: 00:00.01)
00:01.781  render           | Rendering frame 4
00:01.781  render           | Start rendering: PNPLINE_MASTER_v003, ViewLayer
00:01.781  render           | Engine: Workbench
00:01.812  render           | Saved: 'F:\pnpline-landing\hero-section-video\blockout\blockout-master-v003\preview\frames\frame-0004.png'
00:01.812  render           | Time: 00:00.03 (Saving: 00:00.01)
00:01.812  render           | Rendering frame 5
00:01.812  render           | Start rendering: PNPLINE_MASTER_v003, ViewLayer
00:01.812  render           | Engine: Workbench
00:01.843  render           | Saved: 'F:\pnpline-landing\hero-section-video\blockout\blockout-master-v003\preview\frames\frame-0005.png'
00:01.843  render           | Time: 00:00.03 (Saving: 00:00.01)
00:01.843  render           | Rendering frame 6
00:01.843  render           | Start rendering: PNPLINE_MASTER_v003, ViewLayer
00:01.843  render           | Engine: Workbench
00:01.890  render           | Saved: 'F:\pnpline-landing\hero-section-video\blockout\blockout-master-v003\preview\frames\frame-0006.png'
00:01.890  render           | Time: 00:00.03 (Saving: 00:00.01)
00:01.890  render           | Rendering frame 7
00:01.890  render           | Start rendering: PNPLINE_MASTER_v003, ViewLayer
00:01.890  render           | Engine: Workbench
00:01.922  render           | Saved: 'F:\pnpline-landing\hero-section-video\blockout\blockout-master-v003\preview\frames\frame-0007.png'
00:01.922  render           | Time: 00:00.03 (Saving: 00:00.01)
00:01.922  render           | Rendering frame 8
00:01.922  render           | Start rendering: PNPLINE_MASTER_v003, ViewLayer
00:01.922  render           | Engine: Workbench
00:01.968  render           | Saved: 'F:\pnpline-landing\hero-section-video\blockout\blockout-master-v003\preview\frames\frame-0008.png'
00:01.968  render           | Time: 00:00.03 (Saving: 00:00.01)
00:01.968  render           | Rendering frame 9
00:01.968  render           | Start rendering: PNPLINE_MASTER_v003, ViewLayer
00:01.968  render           | Engine: Workbench
00:02.000  render           | Saved: 'F:\pnpline-landing\hero-section-video\blockout\blockout-master-v003\preview\frames\frame-0009.png'
00:02.000  render           | Time: 00:00.03 (Saving: 00:00.01)
00:02.000  render           | Rendering frame 10
00:02.000  render           | Start rendering: PNPLINE_MASTER_v003, ViewLayer
00:02.000  render           | Engine: Workbench
00:02.031  render           | Saved: 'F:\pnpline-landing\hero-section-video\blockout\blockout-master-v003\preview\frames\frame-0010.png'
00:02.031  render           | Time: 00:00.03 (Saving: 00:00.01)
00:02.031  render           | Rendering frame 11
00:02.031  render           | Start rendering: PNPLINE_MASTER_v003, ViewLayer
00:02.031  render           | Engine: Workbench
00:02.062  render           | Saved: 'F:\pnpline-landing\hero-section-video\blockout\blockout-master-v003\preview\frames\frame-0011.png'
00:02.062  render           | Time: 00:00.03 (Saving: 00:00.01)
00:02.062  render           | Rendering frame 12
00:02.062  render           | Start rendering: PNPLINE_MASTER_v003, ViewLayer
00:02.062  render           | Engine: Workbench
00:02.109  render           | Saved: 'F:\pnpline-landing\hero-section-video\blockout\blockout-master-v003\preview\frames\frame-0012.png'
00:02.109  render           | Time: 00:00.03 (Saving: 00:00.01)
00:02.109  render           | Rendering frame 13
00:02.109  render           | Start rendering: PNPLINE_MASTER_v003, ViewLayer
00:02.109  render           | Engine: Workbench
00:02.140  render           | Saved: 'F:\pnpline-landing\hero-section-video\blockout\blockout-master-v003\preview\frames\frame-0013.png'
00:02.140  render           | Time: 00:00.03 (Saving: 00:00.01)
00:02.140  render           | Rendering frame 14
00:02.140  render           | Start rendering: PNPLINE_MASTER_v003, ViewLayer
00:02.140  render           | Engine: Workbench
00:02.172  render           | Saved: 'F:\pnpline-landing\hero-section-video\blockout\blockout-master-v003\preview\frames\frame-0014.png'
00:02.172  render           | Time: 00:00.03 (Saving: 00:00.01)
00:02.172  render           | Rendering frame 15
00:02.172  render           | Start rendering: PNPLINE_MASTER_v003, ViewLayer
00:02.172  render           | Engine: Workbench
00:02.218  render           | Saved: 'F:\pnpline-landing\hero-section-video\blockout\blockout-master-v003\preview\frames\frame-0015.png'
00:02.218  render           | Time: 00:00.03 (Saving: 00:00.01)
00:02.218  render           | Rendering frame 16
00:02.218  render           | Start rendering: PNPLINE_MASTER_v003, ViewLayer
00:02.218  render           | Engine: Workbench
00:02.250  render           | Saved: 'F:\pnpline-landing\hero-section-video\blockout\blockout-master-v003\preview\frames\frame-0016.png'
00:02.250  render           | Time: 00:00.03 (Saving: 00:00.01)
00:02.250  render           | Rendering frame 17
00:02.250  render           | Start rendering: PNPLINE_MASTER_v003, ViewLayer
00:02.250  render           | Engine: Workbench
00:02.281  render           | Saved: 'F:\pnpline-landing\hero-section-video\blockout\blockout-master-v003\preview\frames\frame-0017.png'
00:02.281  render           | Time: 00:00.03 (Saving: 00:00.01)
00:02.281  render           | Rendering frame 18
00:02.281  render           | Start rendering: PNPLINE_MASTER_v003, ViewLayer
00:02.281  render           | Engine: Workbench
00:02.328  render           | Saved: 'F:\pnpline-landing\hero-section-video\blockout\blockout-master-v003\preview\frames\frame-0018.png'
00:02.328  render           | Time: 00:00.03 (Saving: 00:00.01)
00:02.328  render           | Rendering frame 19
00:02.328  render           | Start rendering: PNPLINE_MASTER_v003, ViewLayer
00:02.328  render           | Engine: Workbench
00:02.359  render           | Saved: 'F:\pnpline-landing\hero-section-video\blockout\blockout-master-v003\preview\frames\frame-0019.png'
00:02.359  render           | Time: 00:00.03 (Saving: 00:00.01)
00:02.359  render           | Rendering frame 20
00:02.359  render           | Start rendering: PNPLINE_MASTER_v003, ViewLayer
00:02.359  render           | Engine: Workbench
00:02.390  render           | Saved: 'F:\pnpline-landing\hero-section-video\blockout\blockout-master-v003\preview\frames\frame-0020.png'
00:02.390  render           | Time: 00:00.03 (Saving: 00:00.01)
00:02.390  render           | Rendering frame 21
00:02.390  render           | Start rendering: PNPLINE_MASTER_v003, ViewLayer
00:02.390  render           | Engine: Workbench
00:02.437  render           | Saved: 'F:\pnpline-landing\hero-section-video\blockout\blockout-master-v003\preview\frames\frame-0021.png'
00:02.437  render           | Time: 00:00.03 (Saving: 00:00.01)
00:02.437  render           | Rendering frame 22
00:02.437  render           | Start rendering: PNPLINE_MASTER_v003, ViewLayer
00:02.437  render           | Engine: Workbench
00:02.468  render           | Saved: 'F:\pnpline-landing\hero-section-video\blockout\blockout-master-v003\preview\frames\frame-0022.png'
00:02.468  render           | Time: 00:00.03 (Saving: 00:00.01)
00:02.468  render           | Rendering frame 23
00:02.468  render           | Start rendering: PNPLINE_MASTER_v003, ViewLayer
00:02.468  render           | Engine: Workbench
00:02.515  render           | Saved: 'F:\pnpline-landing\hero-section-video\blockout\blockout-master-v003\preview\frames\frame-0023.png'
00:02.515  render           | Time: 00:00.03 (Saving: 00:00.01)
00:02.515  render           | Rendering frame 24
00:02.515  render           | Start rendering: PNPLINE_MASTER_v003, ViewLayer
00:02.515  render           | Engine: Workbench
00:02.547  render           | Saved: 'F:\pnpline-landing\hero-section-video\blockout\blockout-master-v003\preview\frames\frame-0024.png'
00:02.547  render           | Time: 00:00.03 (Saving: 00:00.01)
00:02.547  render           | Rendering frame 25
00:02.547  render           | Start rendering: PNPLINE_MASTER_v003, ViewLayer
00:02.547  render           | Engine: Workbench
00:02.578  render           | Saved: 'F:\pnpline-landing\hero-section-video\blockout\blockout-master-v003\preview\frames\frame-0025.png'
00:02.578  render           | Time: 00:00.03 (Saving: 00:00.01)
00:02.578  render           | Rendering frame 26
00:02.578  render           | Start rendering: PNPLINE_MASTER_v003, ViewLayer
00:02.578  render           | Engine: Workbench
00:02.625  render           | Saved: 'F:\pnpline-landing\hero-section-video\blockout\blockout-master-v003\preview\frames\frame-0026.png'
00:02.625  render           | Time: 00:00.03 (Saving: 00:00.01)
00:02.625  render           | Rendering frame 27
00:02.625  render           | Start rendering: PNPLINE_MASTER_v003, ViewLayer
00:02.625  render           | Engine: Workbench
00:02.656  render           | Saved: 'F:\pnpline-landing\hero-section-video\blockout\blockout-master-v003\preview\frames\frame-0027.png'
00:02.656  render           | Time: 00:00.03 (Saving: 00:00.01)
00:02.656  render           | Rendering frame 28
00:02.656  render           | Start rendering: PNPLINE_MASTER_v003, ViewLayer
00:02.656  render           | Engine: Workbench
00:02.687  render           | Saved: 'F:\pnpline-landing\hero-section-video\blockout\blockout-master-v003\preview\frames\frame-0028.png'
00:02.687  render           | Time: 00:00.03 (Saving: 00:00.01)
00:02.687  render           | Rendering frame 29
00:02.687  render           | Start rendering: PNPLINE_MASTER_v003, ViewLayer
00:02.687  render           | Engine: Workbench
00:02.734  render           | Saved: 'F:\pnpline-landing\hero-section-video\blockout\blockout-master-v003\preview\frames\frame-0029.png'
00:02.734  render           | Time: 00:00.03 (Saving: 00:00.01)
00:02.734  render           | Rendering frame 30
00:02.734  render           | Start rendering: PNPLINE_MASTER_v003, ViewLayer
00:02.734  render           | Engine: Workbench
00:02.765  render           | Saved: 'F:\pnpline-landing\hero-section-video\blockout\blockout-master-v003\preview\frames\frame-0030.png'
00:02.765  render           | Time: 00:00.03 (Saving: 00:00.01)
00:02.765  render           | Rendering frame 31
00:02.765  render           | Start rendering: PNPLINE_MASTER_v003, ViewLayer
00:02.765  render           | Engine: Workbench
00:02.797  render           | Saved: 'F:\pnpline-landing\hero-section-video\blockout\blockout-master-v003\preview\frames\frame-0031.png'
00:02.797  render           | Time: 00:00.03 (Saving: 00:00.01)
00:02.797  render           | Rendering frame 32
00:02.797  render           | Start rendering: PNPLINE_MASTER_v003, ViewLayer
00:02.797  render           | Engine: Workbench
00:02.843  render           | Saved: 'F:\pnpline-landing\hero-section-video\blockout\blockout-master-v003\preview\frames\frame-0032.png'
00:02.843  render           | Time: 00:00.03 (Saving: 00:00.01)
00:02.843  render           | Rendering frame 33
00:02.843  render           | Start rendering: PNPLINE_MASTER_v003, ViewLayer
00:02.843  render           | Engine: Workbench
00:02.875  render           | Saved: 'F:\pnpline-landing\hero-section-video\blockout\blockout-master-v003\preview\frames\frame-0033.png'
00:02.875  render           | Time: 00:00.03 (Saving: 00:00.01)
00:02.875  render           | Rendering frame 34
00:02.875  render           | Start rendering: PNPLINE_MASTER_v003, ViewLayer
00:02.875  render           | Engine: Workbench
00:02.906  render           | Saved: 'F:\pnpline-landing\hero-section-video\blockout\blockout-master-v003\preview\frames\frame-0034.png'
00:02.906  render           | Time: 00:00.03 (Saving: 00:00.01)
00:02.906  render           | Rendering frame 35
00:02.906  render           | Start rendering: PNPLINE_MASTER_v003, ViewLayer
00:02.906  render           | Engine: Workbench
00:02.953  render           | Saved: 'F:\pnpline-landing\hero-section-video\blockout\blockout-master-v003\preview\frames\frame-0035.png'
00:02.953  render           | Time: 00:00.03 (Saving: 00:00.01)
00:02.953  render           | Rendering frame 36
00:02.953  render           | Start rendering: PNPLINE_MASTER_v003, ViewLayer
00:02.953  render           | Engine: Workbench
00:02.984  render           | Saved: 'F:\pnpline-landing\hero-section-video\blockout\blockout-master-v003\preview\frames\frame-0036.png'
00:02.984  render           | Time: 00:00.03 (Saving: 00:00.01)
00:02.984  render           | Rendering frame 37
00:02.984  render           | Start rendering: PNPLINE_MASTER_v003, ViewLayer
00:02.984  render           | Engine: Workbench
00:03.031  render           | Saved: 'F:\pnpline-landing\hero-section-video\blockout\blockout-master-v003\preview\frames\frame-0037.png'
00:03.031  render           | Time: 00:00.04 (Saving: 00:00.02)
00:03.031  render           | Rendering frame 38
00:03.031  render           | Start rendering: PNPLINE_MASTER_v003, ViewLayer
00:03.031  render           | Engine: Workbench
00:03.062  render           | Saved: 'F:\pnpline-landing\hero-section-video\blockout\blockout-master-v003\preview\frames\frame-0038.png'
00:03.062  render           | Time: 00:00.03 (Saving: 00:00.01)
00:03.062  render           | Rendering frame 39
00:03.062  render           | Start rendering: PNPLINE_MASTER_v003, ViewLayer
00:03.062  render           | Engine: Workbench
00:03.109  render           | Saved: 'F:\pnpline-landing\hero-section-video\blockout\blockout-master-v003\preview\frames\frame-0039.png'
00:03.109  render           | Time: 00:00.04 (Saving: 00:00.01)
00:03.109  render           | Rendering frame 40
00:03.109  render           | Start rendering: PNPLINE_MASTER_v003, ViewLayer
00:03.109  render           | Engine: Workbench
00:03.140  render           | Saved: 'F:\pnpline-landing\hero-section-video\blockout\blockout-master-v003\preview\frames\frame-0040.png'
00:03.140  render           | Time: 00:00.03 (Saving: 00:00.01)
00:03.140  render           | Rendering frame 41
00:03.140  render           | Start rendering: PNPLINE_MASTER_v003, ViewLayer
00:03.140  render           | Engine: Workbench
00:03.187  render           | Saved: 'F:\pnpline-landing\hero-section-video\blockout\blockout-master-v003\preview\frames\frame-0041.png'
00:03.187  render           | Time: 00:00.03 (Saving: 00:00.01)
00:03.187  render           | Rendering frame 42
00:03.187  render           | Start rendering: PNPLINE_MASTER_v003, ViewLayer
00:03.187  render           | Engine: Workbench
00:03.218  render           | Saved: 'F:\pnpline-landing\hero-section-video\blockout\blockout-master-v003\preview\frames\frame-0042.png'
00:03.218  render           | Time: 00:00.03 (Saving: 00:00.01)
00:03.218  render           | Rendering frame 43
00:03.218  render           | Start rendering: PNPLINE_MASTER_v003, ViewLayer
00:03.218  render           | Engine: Workbench
00:03.265  render           | Saved: 'F:\pnpline-landing\hero-section-video\blockout\blockout-master-v003\preview\frames\frame-0043.png'
00:03.265  render           | Time: 00:00.03 (Saving: 00:00.01)
00:03.265  render           | Rendering frame 44
00:03.265  render           | Start rendering: PNPLINE_MASTER_v003, ViewLayer
00:03.265  render           | Engine: Workbench
00:03.297  render           | Saved: 'F:\pnpline-landing\hero-section-video\blockout\blockout-master-v003\preview\frames\frame-0044.png'
00:03.297  render           | Time: 00:00.03 (Saving: 00:00.01)
00:03.297  render           | Rendering frame 45
00:03.297  render           | Start rendering: PNPLINE_MASTER_v003, ViewLayer
00:03.297  render           | Engine: Workbench
00:03.343  render           | Saved: 'F:\pnpline-landing\hero-section-video\blockout\blockout-master-v003\preview\frames\frame-0045.png'
00:03.343  render           | Time: 00:00.04 (Saving: 00:00.01)
00:03.343  render           | Rendering frame 46
00:03.343  render           | Start rendering: PNPLINE_MASTER_v003, ViewLayer
00:03.343  render           | Engine: Workbench
00:03.390  render           | Saved: 'F:\pnpline-landing\hero-section-video\blockout\blockout-master-v003\preview\frames\frame-0046.png'
00:03.390  render           | Time: 00:00.04 (Saving: 00:00.01)
00:03.390  render           | Rendering frame 47
00:03.390  render           | Start rendering: PNPLINE_MASTER_v003, ViewLayer
00:03.390  render           | Engine: Workbench
00:03.422  render           | Saved: 'F:\pnpline-landing\hero-section-video\blockout\blockout-master-v003\preview\frames\frame-0047.png'
00:03.422  render           | Time: 00:00.04 (Saving: 00:00.02)
00:03.422  render           | Rendering frame 48
00:03.422  render           | Start rendering: PNPLINE_MASTER_v003, ViewLayer
00:03.422  render           | Engine: Workbench
00:03.468  render           | Saved: 'F:\pnpline-landing\hero-section-video\blockout\blockout-master-v003\preview\frames\frame-0048.png'
00:03.468  render           | Time: 00:00.03 (Saving: 00:00.01)
00:03.468  render           | Rendering frame 49
00:03.468  render           | Start rendering: PNPLINE_MASTER_v003, ViewLayer
00:03.468  render           | Engine: Workbench
00:03.500  render           | Saved: 'F:\pnpline-landing\hero-section-video\blockout\blockout-master-v003\preview\frames\frame-0049.png'
00:03.500  render           | Time: 00:00.04 (Saving: 00:00.02)
00:03.500  render           | Rendering frame 50
00:03.500  render           | Start rendering: PNPLINE_MASTER_v003, ViewLayer
00:03.500  render           | Engine: Workbench
00:03.547  render           | Saved: 'F:\pnpline-landing\hero-section-video\blockout\blockout-master-v003\preview\frames\frame-0050.png'
00:03.547  render           | Time: 00:00.04 (Saving: 00:00.01)
00:03.547  render           | Rendering frame 51
00:03.547  render           | Start rendering: PNPLINE_MASTER_v003, ViewLayer
00:03.547  render           | Engine: Workbench
00:03.593  render           | Saved: 'F:\pnpline-landing\hero-section-video\blockout\blockout-master-v003\preview\frames\frame-0051.png'
00:03.593  render           | Time: 00:00.04 (Saving: 00:00.01)
00:03.593  render           | Rendering frame 52
00:03.593  render           | Start rendering: PNPLINE_MASTER_v003, ViewLayer
00:03.593  render           | Engine: Workbench
00:03.625  render           | Saved: 'F:\pnpline-landing\hero-section-video\blockout\blockout-master-v003\preview\frames\frame-0052.png'
00:03.625  render           | Time: 00:00.04 (Saving: 00:00.01)
00:03.625  render           | Rendering frame 53
00:03.625  render           | Start rendering: PNPLINE_MASTER_v003, ViewLayer
00:03.625  render           | Engine: Workbench
00:03.672  render           | Saved: 'F:\pnpline-landing\hero-section-video\blockout\blockout-master-v003\preview\frames\frame-0053.png'
00:03.672  render           | Time: 00:00.04 (Saving: 00:00.01)
00:03.672  render           | Rendering frame 54
00:03.672  render           | Start rendering: PNPLINE_MASTER_v003, ViewLayer
00:03.672  render           | Engine: Workbench
00:03.718  render           | Saved: 'F:\pnpline-landing\hero-section-video\blockout\blockout-master-v003\preview\frames\frame-0054.png'
00:03.718  render           | Time: 00:00.04 (Saving: 00:00.01)
00:03.718  render           | Rendering frame 55
00:03.718  render           | Start rendering: PNPLINE_MASTER_v003, ViewLayer
00:03.718  render           | Engine: Workbench
00:03.750  render           | Saved: 'F:\pnpline-landing\hero-section-video\blockout\blockout-master-v003\preview\frames\frame-0055.png'
00:03.750  render           | Time: 00:00.04 (Saving: 00:00.01)
00:03.750  render           | Rendering frame 56
00:03.750  render           | Start rendering: PNPLINE_MASTER_v003, ViewLayer
00:03.750  render           | Engine: Workbench
00:03.797  render           | Saved: 'F:\pnpline-landing\hero-section-video\blockout\blockout-master-v003\preview\frames\frame-0056.png'
00:03.797  render           | Time: 00:00.04 (Saving: 00:00.01)
00:03.797  render           | Rendering frame 57
00:03.797  render           | Start rendering: PNPLINE_MASTER_v003, ViewLayer
00:03.797  render           | Engine: Workbench
00:03.828  render           | Saved: 'F:\pnpline-landing\hero-section-video\blockout\blockout-master-v003\preview\frames\frame-0057.png'
00:03.828  render           | Time: 00:00.04 (Saving: 00:00.01)
00:03.828  render           | Rendering frame 58
00:03.828  render           | Start rendering: PNPLINE_MASTER_v003, ViewLayer
00:03.828  render           | Engine: Workbench
00:03.875  render           | Saved: 'F:\pnpline-landing\hero-section-video\blockout\blockout-master-v003\preview\frames\frame-0058.png'
00:03.875  render           | Time: 00:00.03 (Saving: 00:00.01)
00:03.875  render           | Rendering frame 59
00:03.875  render           | Start rendering: PNPLINE_MASTER_v003, ViewLayer
00:03.875  render           | Engine: Workbench
00:03.922  render           | Saved: 'F:\pnpline-landing\hero-section-video\blockout\blockout-master-v003\preview\frames\frame-0059.png'
00:03.922  render           | Time: 00:00.03 (Saving: 00:00.01)
00:03.922  render           | Rendering frame 60
00:03.922  render           | Start rendering: PNPLINE_MASTER_v003, ViewLayer
00:03.922  render           | Engine: Workbench
00:03.953  render           | Saved: 'F:\pnpline-landing\hero-section-video\blockout\blockout-master-v003\preview\frames\frame-0060.png'
00:03.953  render           | Time: 00:00.03 (Saving: 00:00.01)
00:03.953  render           | Rendering frame 61
00:03.953  render           | Start rendering: PNPLINE_MASTER_v003, ViewLayer
00:03.953  render           | Engine: Workbench
00:04.000  render           | Saved: 'F:\pnpline-landing\hero-section-video\blockout\blockout-master-v003\preview\frames\frame-0061.png'
00:04.000  render           | Time: 00:00.04 (Saving: 00:00.02)
00:04.000  render           | Rendering frame 62
00:04.000  render           | Start rendering: PNPLINE_MASTER_v003, ViewLayer
00:04.000  render           | Engine: Workbench
00:04.031  render           | Saved: 'F:\pnpline-landing\hero-section-video\blockout\blockout-master-v003\preview\frames\frame-0062.png'
00:04.031  render           | Time: 00:00.04 (Saving: 00:00.02)
00:04.031  render           | Rendering frame 63
00:04.031  render           | Start rendering: PNPLINE_MASTER_v003, ViewLayer
00:04.031  render           | Engine: Workbench
00:04.078  render           | Saved: 'F:\pnpline-landing\hero-section-video\blockout\blockout-master-v003\preview\frames\frame-0063.png'
00:04.078  render           | Time: 00:00.04 (Saving: 00:00.02)
00:04.078  render           | Rendering frame 64
00:04.078  render           | Start rendering: PNPLINE_MASTER_v003, ViewLayer
00:04.078  render           | Engine: Workbench
00:04.125  render           | Saved: 'F:\pnpline-landing\hero-section-video\blockout\blockout-master-v003\preview\frames\frame-0064.png'
00:04.125  render           | Time: 00:00.04 (Saving: 00:00.01)
00:04.125  render           | Rendering frame 65
00:04.125  render           | Start rendering: PNPLINE_MASTER_v003, ViewLayer
00:04.125  render           | Engine: Workbench
00:04.172  render           | Saved: 'F:\pnpline-landing\hero-section-video\blockout\blockout-master-v003\preview\frames\frame-0065.png'
00:04.172  render           | Time: 00:00.04 (Saving: 00:00.01)
00:04.172  render           | Rendering frame 66
00:04.172  render           | Start rendering: PNPLINE_MASTER_v003, ViewLayer
00:04.172  render           | Engine: Workbench
00:04.203  render           | Saved: 'F:\pnpline-landing\hero-section-video\blockout\blockout-master-v003\preview\frames\frame-0066.png'
00:04.203  render           | Time: 00:00.04 (Saving: 00:00.02)
00:04.203  render           | Rendering frame 67
00:04.203  render           | Start rendering: PNPLINE_MASTER_v003, ViewLayer
00:04.203  render           | Engine: Workbench
00:04.250  render           | Saved: 'F:\pnpline-landing\hero-section-video\blockout\blockout-master-v003\preview\frames\frame-0067.png'
00:04.250  render           | Time: 00:00.04 (Saving: 00:00.01)
00:04.250  render           | Rendering frame 68
00:04.250  render           | Start rendering: PNPLINE_MASTER_v003, ViewLayer
00:04.250  render           | Engine: Workbench
00:04.297  render           | Saved: 'F:\pnpline-landing\hero-section-video\blockout\blockout-master-v003\preview\frames\frame-0068.png'
00:04.297  render           | Time: 00:00.04 (Saving: 00:00.01)
00:04.297  render           | Rendering frame 69
00:04.297  render           | Start rendering: PNPLINE_MASTER_v003, ViewLayer
00:04.297  render           | Engine: Workbench
00:04.328  render           | Saved: 'F:\pnpline-landing\hero-section-video\blockout\blockout-master-v003\preview\frames\frame-0069.png'
00:04.328  render           | Time: 00:00.04 (Saving: 00:00.01)
00:04.328  render           | Rendering frame 70
00:04.328  render           | Start rendering: PNPLINE_MASTER_v003, ViewLayer
00:04.328  render           | Engine: Workbench
00:04.375  render           | Saved: 'F:\pnpline-landing\hero-section-video\blockout\blockout-master-v003\preview\frames\frame-0070.png'
00:04.375  render           | Time: 00:00.03 (Saving: 00:00.01)
00:04.375  render           | Rendering frame 71
00:04.375  render           | Start rendering: PNPLINE_MASTER_v003, ViewLayer
00:04.375  render           | Engine: Workbench
00:04.406  render           | Saved: 'F:\pnpline-landing\hero-section-video\blockout\blockout-master-v003\preview\frames\frame-0071.png'
00:04.406  render           | Time: 00:00.04 (Saving: 00:00.02)
00:04.406  render           | Rendering frame 72
00:04.406  render           | Start rendering: PNPLINE_MASTER_v003, ViewLayer
00:04.406  render           | Engine: Workbench
00:04.453  render           | Saved: 'F:\pnpline-landing\hero-section-video\blockout\blockout-master-v003\preview\frames\frame-0072.png'
00:04.453  render           | Time: 00:00.04 (Saving: 00:00.01)
00:04.453  render           | Rendering frame 73
00:04.453  render           | Start rendering: PNPLINE_MASTER_v003, ViewLayer
00:04.453  render           | Engine: Workbench
00:04.500  render           | Saved: 'F:\pnpline-landing\hero-section-video\blockout\blockout-master-v003\preview\frames\frame-0073.png'
00:04.500  render           | Time: 00:00.04 (Saving: 00:00.01)
00:04.500  render           | Rendering frame 74
00:04.500  render           | Start rendering: PNPLINE_MASTER_v003, ViewLayer
00:04.500  render           | Engine: Workbench
00:04.531  render           | Saved: 'F:\pnpline-landing\hero-section-video\blockout\blockout-master-v003\preview\frames\frame-0074.png'
00:04.531  render           | Time: 00:00.04 (Saving: 00:00.01)
00:04.531  render           | Rendering frame 75
00:04.531  render           | Start rendering: PNPLINE_MASTER_v003, ViewLayer
00:04.531  render           | Engine: Workbench
00:04.578  render           | Saved: 'F:\pnpline-landing\hero-section-video\blockout\blockout-master-v003\preview\frames\frame-0075.png'
00:04.578  render           | Time: 00:00.04 (Saving: 00:00.01)
00:04.578  render           | Rendering frame 76
00:04.578  render           | Start rendering: PNPLINE_MASTER_v003, ViewLayer
00:04.578  render           | Engine: Workbench
00:04.625  render           | Saved: 'F:\pnpline-landing\hero-section-video\blockout\blockout-master-v003\preview\frames\frame-0076.png'
00:04.625  render           | Time: 00:00.04 (Saving: 00:00.02)
00:04.625  render           | Rendering frame 77
00:04.625  render           | Start rendering: PNPLINE_MASTER_v003, ViewLayer
00:04.625  render           | Engine: Workbench
00:04.672  render           | Saved: 'F:\pnpline-landing\hero-section-video\blockout\blockout-master-v003\preview\frames\frame-0077.png'
00:04.672  render           | Time: 00:00.04 (Saving: 00:00.02)
00:04.672  render           | Rendering frame 78
00:04.672  render           | Start rendering: PNPLINE_MASTER_v003, ViewLayer
00:04.672  render           | Engine: Workbench
00:04.703  render           | Saved: 'F:\pnpline-landing\hero-section-video\blockout\blockout-master-v003\preview\frames\frame-0078.png'
00:04.703  render           | Time: 00:00.04 (Saving: 00:00.01)
00:04.703  render           | Rendering frame 79
00:04.703  render           | Start rendering: PNPLINE_MASTER_v003, ViewLayer
00:04.703  render           | Engine: Workbench
00:04.750  render           | Saved: 'F:\pnpline-landing\hero-section-video\blockout\blockout-master-v003\preview\frames\frame-0079.png'
00:04.750  render           | Time: 00:00.04 (Saving: 00:00.01)
00:04.750  render           | Rendering frame 80
00:04.750  render           | Start rendering: PNPLINE_MASTER_v003, ViewLayer
00:04.750  render           | Engine: Workbench
00:04.797  render           | Saved: 'F:\pnpline-landing\hero-section-video\blockout\blockout-master-v003\preview\frames\frame-0080.png'
00:04.797  render           | Time: 00:00.04 (Saving: 00:00.02)
00:04.797  render           | Rendering frame 81
00:04.797  render           | Start rendering: PNPLINE_MASTER_v003, ViewLayer
00:04.797  render           | Engine: Workbench
00:04.828  render           | Saved: 'F:\pnpline-landing\hero-section-video\blockout\blockout-master-v003\preview\frames\frame-0081.png'
00:04.828  render           | Time: 00:00.04 (Saving: 00:00.01)
00:04.828  render           | Rendering frame 82
00:04.828  render           | Start rendering: PNPLINE_MASTER_v003, ViewLayer
00:04.828  render           | Engine: Workbench
00:04.875  render           | Saved: 'F:\pnpline-landing\hero-section-video\blockout\blockout-master-v003\preview\frames\frame-0082.png'
00:04.875  render           | Time: 00:00.04 (Saving: 00:00.01)
00:04.875  render           | Rendering frame 83
00:04.875  render           | Start rendering: PNPLINE_MASTER_v003, ViewLayer
00:04.875  render           | Engine: Workbench
00:04.922  render           | Saved: 'F:\pnpline-landing\hero-section-video\blockout\blockout-master-v003\preview\frames\frame-0083.png'
00:04.922  render           | Time: 00:00.04 (Saving: 00:00.01)
00:04.922  render           | Rendering frame 84
00:04.922  render           | Start rendering: PNPLINE_MASTER_v003, ViewLayer
00:04.922  render           | Engine: Workbench
00:04.953  render           | Saved: 'F:\pnpline-landing\hero-section-video\blockout\blockout-master-v003\preview\frames\frame-0084.png'
00:04.953  render           | Time: 00:00.04 (Saving: 00:00.02)
00:04.953  render           | Rendering frame 85
00:04.953  render           | Start rendering: PNPLINE_MASTER_v003, ViewLayer
00:04.953  render           | Engine: Workbench
00:05.000  render           | Saved: 'F:\pnpline-landing\hero-section-video\blockout\blockout-master-v003\preview\frames\frame-0085.png'
00:05.000  render           | Time: 00:00.04 (Saving: 00:00.02)
00:05.000  render           | Rendering frame 86
00:05.000  render           | Start rendering: PNPLINE_MASTER_v003, ViewLayer
00:05.000  render           | Engine: Workbench
00:05.047  render           | Saved: 'F:\pnpline-landing\hero-section-video\blockout\blockout-master-v003\preview\frames\frame-0086.png'
00:05.047  render           | Time: 00:00.04 (Saving: 00:00.01)
00:05.047  render           | Rendering frame 87
00:05.047  render           | Start rendering: PNPLINE_MASTER_v003, ViewLayer
00:05.047  render           | Engine: Workbench
00:05.078  render           | Saved: 'F:\pnpline-landing\hero-section-video\blockout\blockout-master-v003\preview\frames\frame-0087.png'
00:05.078  render           | Time: 00:00.04 (Saving: 00:00.01)
00:05.078  render           | Rendering frame 88
00:05.078  render           | Start rendering: PNPLINE_MASTER_v003, ViewLayer
00:05.078  render           | Engine: Workbench
00:05.125  render           | Saved: 'F:\pnpline-landing\hero-section-video\blockout\blockout-master-v003\preview\frames\frame-0088.png'
00:05.125  render           | Time: 00:00.04 (Saving: 00:00.01)
00:05.125  render           | Rendering frame 89
00:05.125  render           | Start rendering: PNPLINE_MASTER_v003, ViewLayer
00:05.125  render           | Engine: Workbench
00:05.172  render           | Saved: 'F:\pnpline-landing\hero-section-video\blockout\blockout-master-v003\preview\frames\frame-0089.png'
00:05.172  render           | Time: 00:00.04 (Saving: 00:00.01)
00:05.172  render           | Rendering frame 90
00:05.172  render           | Start rendering: PNPLINE_MASTER_v003, ViewLayer
00:05.172  render           | Engine: Workbench
00:05.203  render           | Saved: 'F:\pnpline-landing\hero-section-video\blockout\blockout-master-v003\preview\frames\frame-0090.png'
00:05.203  render           | Time: 00:00.04 (Saving: 00:00.01)
00:05.203  render           | Rendering frame 91
00:05.203  render           | Start rendering: PNPLINE_MASTER_v003, ViewLayer
00:05.203  render           | Engine: Workbench
00:05.250  render           | Saved: 'F:\pnpline-landing\hero-section-video\blockout\blockout-master-v003\preview\frames\frame-0091.png'
00:05.250  render           | Time: 00:00.04 (Saving: 00:00.01)
00:05.250  render           | Rendering frame 92
00:05.250  render           | Start rendering: PNPLINE_MASTER_v003, ViewLayer
00:05.250  render           | Engine: Workbench
00:05.297  render           | Saved: 'F:\pnpline-landing\hero-section-video\blockout\blockout-master-v003\preview\frames\frame-0092.png'
00:05.297  render           | Time: 00:00.04 (Saving: 00:00.01)
00:05.297  render           | Rendering frame 93
00:05.297  render           | Start rendering: PNPLINE_MASTER_v003, ViewLayer
00:05.297  render           | Engine: Workbench
00:05.343  render           | Saved: 'F:\pnpline-landing\hero-section-video\blockout\blockout-master-v003\preview\frames\frame-0093.png'
00:05.343  render           | Time: 00:00.04 (Saving: 00:00.01)
00:05.343  render           | Rendering frame 94
00:05.343  render           | Start rendering: PNPLINE_MASTER_v003, ViewLayer
00:05.343  render           | Engine: Workbench
00:05.375  render           | Saved: 'F:\pnpline-landing\hero-section-video\blockout\blockout-master-v003\preview\frames\frame-0094.png'
00:05.375  render           | Time: 00:00.04 (Saving: 00:00.01)
00:05.375  render           | Rendering frame 95
00:05.375  render           | Start rendering: PNPLINE_MASTER_v003, ViewLayer
00:05.375  render           | Engine: Workbench
00:05.422  render           | Saved: 'F:\pnpline-landing\hero-section-video\blockout\blockout-master-v003\preview\frames\frame-0095.png'
00:05.422  render           | Time: 00:00.04 (Saving: 00:00.01)
00:05.422  render           | Rendering frame 96
00:05.422  render           | Start rendering: PNPLINE_MASTER_v003, ViewLayer
00:05.422  render           | Engine: Workbench
00:05.468  render           | Saved: 'F:\pnpline-landing\hero-section-video\blockout\blockout-master-v003\preview\frames\frame-0096.png'
00:05.468  render           | Time: 00:00.04 (Saving: 00:00.01)
00:05.468  render           | Rendering frame 97
00:05.468  render           | Start rendering: PNPLINE_MASTER_v003, ViewLayer
00:05.468  render           | Engine: Workbench
00:05.515  render           | Saved: 'F:\pnpline-landing\hero-section-video\blockout\blockout-master-v003\preview\frames\frame-0097.png'
00:05.515  render           | Time: 00:00.04 (Saving: 00:00.02)
00:05.515  render           | Rendering frame 98
00:05.515  render           | Start rendering: PNPLINE_MASTER_v003, ViewLayer
00:05.515  render           | Engine: Workbench
00:05.547  render           | Saved: 'F:\pnpline-landing\hero-section-video\blockout\blockout-master-v003\preview\frames\frame-0098.png'
00:05.547  render           | Time: 00:00.04 (Saving: 00:00.01)
00:05.547  render           | Rendering frame 99
00:05.547  render           | Start rendering: PNPLINE_MASTER_v003, ViewLayer
00:05.547  render           | Engine: Workbench
00:05.593  render           | Saved: 'F:\pnpline-landing\hero-section-video\blockout\blockout-master-v003\preview\frames\frame-0099.png'
00:05.593  render           | Time: 00:00.04 (Saving: 00:00.01)
00:05.593  render           | Rendering frame 100
00:05.593  render           | Start rendering: PNPLINE_MASTER_v003, ViewLayer
00:05.593  render           | Engine: Workbench
00:05.640  render           | Saved: 'F:\pnpline-landing\hero-section-video\blockout\blockout-master-v003\preview\frames\frame-0100.png'
00:05.640  render           | Time: 00:00.04 (Saving: 00:00.01)
00:05.640  render           | Rendering frame 101
00:05.640  render           | Start rendering: PNPLINE_MASTER_v003, ViewLayer
00:05.640  render           | Engine: Workbench
00:05.687  render           | Saved: 'F:\pnpline-landing\hero-section-video\blockout\blockout-master-v003\preview\frames\frame-0101.png'
00:05.687  render           | Time: 00:00.04 (Saving: 00:00.02)
00:05.687  render           | Rendering frame 102
00:05.687  render           | Start rendering: PNPLINE_MASTER_v003, ViewLayer
00:05.687  render           | Engine: Workbench
00:05.718  render           | Saved: 'F:\pnpline-landing\hero-section-video\blockout\blockout-master-v003\preview\frames\frame-0102.png'
00:05.718  render           | Time: 00:00.04 (Saving: 00:00.02)
00:05.718  render           | Rendering frame 103
00:05.718  render           | Start rendering: PNPLINE_MASTER_v003, ViewLayer
00:05.718  render           | Engine: Workbench
00:05.765  render           | Saved: 'F:\pnpline-landing\hero-section-video\blockout\blockout-master-v003\preview\frames\frame-0103.png'
00:05.765  render           | Time: 00:00.04 (Saving: 00:00.02)
00:05.765  render           | Rendering frame 104
00:05.765  render           | Start rendering: PNPLINE_MASTER_v003, ViewLayer
00:05.765  render           | Engine: Workbench
00:05.812  render           | Saved: 'F:\pnpline-landing\hero-section-video\blockout\blockout-master-v003\preview\frames\frame-0104.png'
00:05.812  render           | Time: 00:00.04 (Saving: 00:00.02)
00:05.812  render           | Rendering frame 105
00:05.812  render           | Start rendering: PNPLINE_MASTER_v003, ViewLayer
00:05.812  render           | Engine: Workbench
00:05.859  render           | Saved: 'F:\pnpline-landing\hero-section-video\blockout\blockout-master-v003\preview\frames\frame-0105.png'
00:05.859  render           | Time: 00:00.04 (Saving: 00:00.02)
00:05.859  render           | Rendering frame 106
00:05.859  render           | Start rendering: PNPLINE_MASTER_v003, ViewLayer
00:05.859  render           | Engine: Workbench
00:05.906  render           | Saved: 'F:\pnpline-landing\hero-section-video\blockout\blockout-master-v003\preview\frames\frame-0106.png'
00:05.906  render           | Time: 00:00.04 (Saving: 00:00.02)
00:05.906  render           | Rendering frame 107
00:05.906  render           | Start rendering: PNPLINE_MASTER_v003, ViewLayer
00:05.906  render           | Engine: Workbench
00:05.953  render           | Saved: 'F:\pnpline-landing\hero-section-video\blockout\blockout-master-v003\preview\frames\frame-0107.png'
00:05.953  render           | Time: 00:00.04 (Saving: 00:00.02)
00:05.953  render           | Rendering frame 108
00:05.953  render           | Start rendering: PNPLINE_MASTER_v003, ViewLayer
00:05.953  render           | Engine: Workbench
00:06.000  render           | Saved: 'F:\pnpline-landing\hero-section-video\blockout\blockout-master-v003\preview\frames\frame-0108.png'
00:06.000  render           | Time: 00:00.04 (Saving: 00:00.02)
00:06.000  render           | Rendering frame 109
00:06.000  render           | Start rendering: PNPLINE_MASTER_v003, ViewLayer
00:06.000  render           | Engine: Workbench
00:06.047  render           | Saved: 'F:\pnpline-landing\hero-section-video\blockout\blockout-master-v003\preview\frames\frame-0109.png'
00:06.047  render           | Time: 00:00.04 (Saving: 00:00.02)
00:06.047  render           | Rendering frame 110
00:06.047  render           | Start rendering: PNPLINE_MASTER_v003, ViewLayer
00:06.047  render           | Engine: Workbench
00:06.078  render           | Saved: 'F:\pnpline-landing\hero-section-video\blockout\blockout-master-v003\preview\frames\frame-0110.png'
00:06.078  render           | Time: 00:00.04 (Saving: 00:00.01)
00:06.078  render           | Rendering frame 111
00:06.078  render           | Start rendering: PNPLINE_MASTER_v003, ViewLayer
00:06.078  render           | Engine: Workbench
00:06.125  render           | Saved: 'F:\pnpline-landing\hero-section-video\blockout\blockout-master-v003\preview\frames\frame-0111.png'
00:06.125  render           | Time: 00:00.04 (Saving: 00:00.01)
00:06.125  render           | Rendering frame 112
00:06.125  render           | Start rendering: PNPLINE_MASTER_v003, ViewLayer
00:06.125  render           | Engine: Workbench
00:06.172  render           | Saved: 'F:\pnpline-landing\hero-section-video\blockout\blockout-master-v003\preview\frames\frame-0112.png'
00:06.172  render           | Time: 00:00.04 (Saving: 00:00.02)
00:06.172  render           | Rendering frame 113
00:06.172  render           | Start rendering: PNPLINE_MASTER_v003, ViewLayer
00:06.172  render           | Engine: Workbench
00:06.218  render           | Saved: 'F:\pnpline-landing\hero-section-video\blockout\blockout-master-v003\preview\frames\frame-0113.png'
00:06.218  render           | Time: 00:00.04 (Saving: 00:00.02)
00:06.218  render           | Rendering frame 114
00:06.218  render           | Start rendering: PNPLINE_MASTER_v003, ViewLayer
00:06.218  render           | Engine: Workbench
00:06.265  render           | Saved: 'F:\pnpline-landing\hero-section-video\blockout\blockout-master-v003\preview\frames\frame-0114.png'
00:06.265  render           | Time: 00:00.04 (Saving: 00:00.02)
00:06.265  render           | Rendering frame 115
00:06.265  render           | Start rendering: PNPLINE_MASTER_v003, ViewLayer
00:06.265  render           | Engine: Workbench
00:06.312  render           | Saved: 'F:\pnpline-landing\hero-section-video\blockout\blockout-master-v003\preview\frames\frame-0115.png'
00:06.312  render           | Time: 00:00.04 (Saving: 00:00.02)
00:06.312  render           | Rendering frame 116
00:06.312  render           | Start rendering: PNPLINE_MASTER_v003, ViewLayer
00:06.312  render           | Engine: Workbench
00:06.359  render           | Saved: 'F:\pnpline-landing\hero-section-video\blockout\blockout-master-v003\preview\frames\frame-0116.png'
00:06.359  render           | Time: 00:00.04 (Saving: 00:00.02)
00:06.359  render           | Rendering frame 117
00:06.359  render           | Start rendering: PNPLINE_MASTER_v003, ViewLayer
00:06.359  render           | Engine: Workbench
00:06.406  render           | Saved: 'F:\pnpline-landing\hero-section-video\blockout\blockout-master-v003\preview\frames\frame-0117.png'
00:06.406  render           | Time: 00:00.04 (Saving: 00:00.02)
00:06.406  render           | Rendering frame 118
00:06.406  render           | Start rendering: PNPLINE_MASTER_v003, ViewLayer
00:06.406  render           | Engine: Workbench
00:06.453  render           | Saved: 'F:\pnpline-landing\hero-section-video\blockout\blockout-master-v003\preview\frames\frame-0118.png'
00:06.453  render           | Time: 00:00.04 (Saving: 00:00.02)
00:06.453  render           | Rendering frame 119
00:06.453  render           | Start rendering: PNPLINE_MASTER_v003, ViewLayer
00:06.453  render           | Engine: Workbench
00:06.500  render           | Saved: 'F:\pnpline-landing\hero-section-video\blockout\blockout-master-v003\preview\frames\frame-0119.png'
00:06.500  render           | Time: 00:00.04 (Saving: 00:00.02)
00:06.500  render           | Rendering frame 120
00:06.500  render           | Start rendering: PNPLINE_MASTER_v003, ViewLayer
00:06.500  render           | Engine: Workbench
00:06.547  render           | Saved: 'F:\pnpline-landing\hero-section-video\blockout\blockout-master-v003\preview\frames\frame-0120.png'
00:06.547  render           | Time: 00:00.04 (Saving: 00:00.02)
00:06.547  render           | Rendering frame 121
00:06.547  render           | Start rendering: PNPLINE_MASTER_v003, ViewLayer
00:06.547  render           | Engine: Workbench
00:06.593  render           | Saved: 'F:\pnpline-landing\hero-section-video\blockout\blockout-master-v003\preview\frames\frame-0121.png'
00:06.593  render           | Time: 00:00.04 (Saving: 00:00.02)
00:06.593  render           | Rendering frame 122
00:06.593  render           | Start rendering: PNPLINE_MASTER_v003, ViewLayer
00:06.593  render           | Engine: Workbench
00:06.640  render           | Saved: 'F:\pnpline-landing\hero-section-video\blockout\blockout-master-v003\preview\frames\frame-0122.png'
00:06.640  render           | Time: 00:00.04 (Saving: 00:00.02)
00:06.640  render           | Rendering frame 123
00:06.640  render           | Start rendering: PNPLINE_MASTER_v003, ViewLayer
00:06.640  render           | Engine: Workbench
00:06.687  render           | Saved: 'F:\pnpline-landing\hero-section-video\blockout\blockout-master-v003\preview\frames\frame-0123.png'
00:06.687  render           | Time: 00:00.04 (Saving: 00:00.02)
00:06.687  render           | Rendering frame 124
00:06.687  render           | Start rendering: PNPLINE_MASTER_v003, ViewLayer
00:06.687  render           | Engine: Workbench
00:06.734  render           | Saved: 'F:\pnpline-landing\hero-section-video\blockout\blockout-master-v003\preview\frames\frame-0124.png'
00:06.734  render           | Time: 00:00.04 (Saving: 00:00.01)
00:06.734  render           | Rendering frame 125
00:06.734  render           | Start rendering: PNPLINE_MASTER_v003, ViewLayer
00:06.734  render           | Engine: Workbench
00:06.781  render           | Saved: 'F:\pnpline-landing\hero-section-video\blockout\blockout-master-v003\preview\frames\frame-0125.png'
00:06.781  render           | Time: 00:00.04 (Saving: 00:00.02)
00:06.781  render           | Rendering frame 126
00:06.781  render           | Start rendering: PNPLINE_MASTER_v003, ViewLayer
00:06.781  render           | Engine: Workbench
00:06.812  render           | Saved: 'F:\pnpline-landing\hero-section-video\blockout\blockout-master-v003\preview\frames\frame-0126.png'
00:06.812  render           | Time: 00:00.04 (Saving: 00:00.01)
00:06.812  render           | Rendering frame 127
00:06.812  render           | Start rendering: PNPLINE_MASTER_v003, ViewLayer
00:06.812  render           | Engine: Workbench
00:06.859  render           | Saved: 'F:\pnpline-landing\hero-section-video\blockout\blockout-master-v003\preview\frames\frame-0127.png'
00:06.859  render           | Time: 00:00.04 (Saving: 00:00.02)
00:06.859  render           | Rendering frame 128
00:06.859  render           | Start rendering: PNPLINE_MASTER_v003, ViewLayer
00:06.859  render           | Engine: Workbench
00:06.906  render           | Saved: 'F:\pnpline-landing\hero-section-video\blockout\blockout-master-v003\preview\frames\frame-0128.png'
00:06.906  render           | Time: 00:00.04 (Saving: 00:00.02)
00:06.906  render           | Rendering frame 129
00:06.906  render           | Start rendering: PNPLINE_MASTER_v003, ViewLayer
00:06.906  render           | Engine: Workbench
00:06.953  render           | Saved: 'F:\pnpline-landing\hero-section-video\blockout\blockout-master-v003\preview\frames\frame-0129.png'
00:06.953  render           | Time: 00:00.04 (Saving: 00:00.02)
00:06.953  render           | Rendering frame 130
00:06.953  render           | Start rendering: PNPLINE_MASTER_v003, ViewLayer
00:06.953  render           | Engine: Workbench
00:07.000  render           | Saved: 'F:\pnpline-landing\hero-section-video\blockout\blockout-master-v003\preview\frames\frame-0130.png'
00:07.000  render           | Time: 00:00.04 (Saving: 00:00.02)
00:07.000  render           | Rendering frame 131
00:07.000  render           | Start rendering: PNPLINE_MASTER_v003, ViewLayer
00:07.000  render           | Engine: Workbench
00:07.047  render           | Saved: 'F:\pnpline-landing\hero-section-video\blockout\blockout-master-v003\preview\frames\frame-0131.png'
00:07.047  render           | Time: 00:00.04 (Saving: 00:00.02)
00:07.047  render           | Rendering frame 132
00:07.047  render           | Start rendering: PNPLINE_MASTER_v003, ViewLayer
00:07.047  render           | Engine: Workbench
00:07.093  render           | Saved: 'F:\pnpline-landing\hero-section-video\blockout\blockout-master-v003\preview\frames\frame-0132.png'
00:07.093  render           | Time: 00:00.04 (Saving: 00:00.02)
00:07.093  render           | Rendering frame 133
00:07.093  render           | Start rendering: PNPLINE_MASTER_v003, ViewLayer
00:07.093  render           | Engine: Workbench
00:07.140  render           | Saved: 'F:\pnpline-landing\hero-section-video\blockout\blockout-master-v003\preview\frames\frame-0133.png'
00:07.140  render           | Time: 00:00.04 (Saving: 00:00.02)
00:07.140  render           | Rendering frame 134
00:07.140  render           | Start rendering: PNPLINE_MASTER_v003, ViewLayer
00:07.140  render           | Engine: Workbench
00:07.187  render           | Saved: 'F:\pnpline-landing\hero-section-video\blockout\blockout-master-v003\preview\frames\frame-0134.png'
00:07.187  render           | Time: 00:00.04 (Saving: 00:00.02)
00:07.187  render           | Rendering frame 135
00:07.187  render           | Start rendering: PNPLINE_MASTER_v003, ViewLayer
00:07.187  render           | Engine: Workbench
00:07.234  render           | Saved: 'F:\pnpline-landing\hero-section-video\blockout\blockout-master-v003\preview\frames\frame-0135.png'
00:07.234  render           | Time: 00:00.05 (Saving: 00:00.02)
00:07.234  render           | Rendering frame 136
00:07.234  render           | Start rendering: PNPLINE_MASTER_v003, ViewLayer
00:07.234  render           | Engine: Workbench
00:07.281  render           | Saved: 'F:\pnpline-landing\hero-section-video\blockout\blockout-master-v003\preview\frames\frame-0136.png'
00:07.281  render           | Time: 00:00.04 (Saving: 00:00.02)
00:07.281  render           | Rendering frame 137
00:07.281  render           | Start rendering: PNPLINE_MASTER_v003, ViewLayer
00:07.281  render           | Engine: Workbench
00:07.328  render           | Saved: 'F:\pnpline-landing\hero-section-video\blockout\blockout-master-v003\preview\frames\frame-0137.png'
00:07.328  render           | Time: 00:00.04 (Saving: 00:00.02)
00:07.328  render           | Rendering frame 138
00:07.328  render           | Start rendering: PNPLINE_MASTER_v003, ViewLayer
00:07.328  render           | Engine: Workbench
00:07.375  render           | Saved: 'F:\pnpline-landing\hero-section-video\blockout\blockout-master-v003\preview\frames\frame-0138.png'
00:07.375  render           | Time: 00:00.05 (Saving: 00:00.02)
00:07.375  render           | Rendering frame 139
00:07.375  render           | Start rendering: PNPLINE_MASTER_v003, ViewLayer
00:07.375  render           | Engine: Workbench
00:07.422  render           | Saved: 'F:\pnpline-landing\hero-section-video\blockout\blockout-master-v003\preview\frames\frame-0139.png'
00:07.422  render           | Time: 00:00.04 (Saving: 00:00.02)
00:07.422  render           | Rendering frame 140
00:07.422  render           | Start rendering: PNPLINE_MASTER_v003, ViewLayer
00:07.422  render           | Engine: Workbench
00:07.468  render           | Saved: 'F:\pnpline-landing\hero-section-video\blockout\blockout-master-v003\preview\frames\frame-0140.png'
00:07.468  render           | Time: 00:00.04 (Saving: 00:00.02)
00:07.468  render           | Rendering frame 141
00:07.468  render           | Start rendering: PNPLINE_MASTER_v003, ViewLayer
00:07.468  render           | Engine: Workbench
00:07.515  render           | Saved: 'F:\pnpline-landing\hero-section-video\blockout\blockout-master-v003\preview\frames\frame-0141.png'
00:07.515  render           | Time: 00:00.04 (Saving: 00:00.01)
00:07.515  render           | Rendering frame 142
00:07.515  render           | Start rendering: PNPLINE_MASTER_v003, ViewLayer
00:07.515  render           | Engine: Workbench
00:07.547  render           | Saved: 'F:\pnpline-landing\hero-section-video\blockout\blockout-master-v003\preview\frames\frame-0142.png'
00:07.547  render           | Time: 00:00.04 (Saving: 00:00.01)
00:07.547  render           | Rendering frame 143
00:07.547  render           | Start rendering: PNPLINE_MASTER_v003, ViewLayer
00:07.547  render           | Engine: Workbench
00:07.593  render           | Saved: 'F:\pnpline-landing\hero-section-video\blockout\blockout-master-v003\preview\frames\frame-0143.png'
00:07.593  render           | Time: 00:00.04 (Saving: 00:00.02)
00:07.593  render           | Rendering frame 144
00:07.593  render           | Start rendering: PNPLINE_MASTER_v003, ViewLayer
00:07.593  render           | Engine: Workbench
00:07.640  render           | Saved: 'F:\pnpline-landing\hero-section-video\blockout\blockout-master-v003\preview\frames\frame-0144.png'
00:07.640  render           | Time: 00:00.04 (Saving: 00:00.02)
00:07.640  render           | Rendering frame 145
00:07.640  render           | Start rendering: PNPLINE_MASTER_v003, ViewLayer
00:07.640  render           | Engine: Workbench
00:07.687  render           | Saved: 'F:\pnpline-landing\hero-section-video\blockout\blockout-master-v003\preview\frames\frame-0145.png'
00:07.687  render           | Time: 00:00.04 (Saving: 00:00.01)
00:07.687  render           | Rendering frame 146
00:07.687  render           | Start rendering: PNPLINE_MASTER_v003, ViewLayer
00:07.687  render           | Engine: Workbench
00:07.734  render           | Saved: 'F:\pnpline-landing\hero-section-video\blockout\blockout-master-v003\preview\frames\frame-0146.png'
00:07.734  render           | Time: 00:00.04 (Saving: 00:00.02)
00:07.734  render           | Rendering frame 147
00:07.734  render           | Start rendering: PNPLINE_MASTER_v003, ViewLayer
00:07.734  render           | Engine: Workbench
00:07.765  render           | Saved: 'F:\pnpline-landing\hero-section-video\blockout\blockout-master-v003\preview\frames\frame-0147.png'
00:07.765  render           | Time: 00:00.04 (Saving: 00:00.02)
00:07.765  render           | Rendering frame 148
00:07.765  render           | Start rendering: PNPLINE_MASTER_v003, ViewLayer
00:07.765  render           | Engine: Workbench
00:07.812  render           | Saved: 'F:\pnpline-landing\hero-section-video\blockout\blockout-master-v003\preview\frames\frame-0148.png'
00:07.812  render           | Time: 00:00.04 (Saving: 00:00.01)
00:07.812  render           | Rendering frame 149
00:07.812  render           | Start rendering: PNPLINE_MASTER_v003, ViewLayer
00:07.812  render           | Engine: Workbench
00:07.859  render           | Saved: 'F:\pnpline-landing\hero-section-video\blockout\blockout-master-v003\preview\frames\frame-0149.png'
00:07.859  render           | Time: 00:00.04 (Saving: 00:00.01)
00:07.859  render           | Rendering frame 150
00:07.859  render           | Start rendering: PNPLINE_MASTER_v003, ViewLayer
00:07.859  render           | Engine: Workbench
00:07.906  render           | Saved: 'F:\pnpline-landing\hero-section-video\blockout\blockout-master-v003\preview\frames\frame-0150.png'
00:07.906  render           | Time: 00:00.04 (Saving: 00:00.02)
00:07.906  render           | Rendering frame 151
00:07.906  render           | Start rendering: PNPLINE_MASTER_v003, ViewLayer
00:07.906  render           | Engine: Workbench
00:07.953  render           | Saved: 'F:\pnpline-landing\hero-section-video\blockout\blockout-master-v003\preview\frames\frame-0151.png'
00:07.953  render           | Time: 00:00.04 (Saving: 00:00.02)
00:07.953  render           | Rendering frame 152
00:07.953  render           | Start rendering: PNPLINE_MASTER_v003, ViewLayer
00:07.953  render           | Engine: Workbench
00:08.000  render           | Saved: 'F:\pnpline-landing\hero-section-video\blockout\blockout-master-v003\preview\frames\frame-0152.png'
00:08.000  render           | Time: 00:00.04 (Saving: 00:00.01)
00:08.000  render           | Rendering frame 153
00:08.000  render           | Start rendering: PNPLINE_MASTER_v003, ViewLayer
00:08.000  render           | Engine: Workbench
00:08.031  render           | Saved: 'F:\pnpline-landing\hero-section-video\blockout\blockout-master-v003\preview\frames\frame-0153.png'
00:08.031  render           | Time: 00:00.04 (Saving: 00:00.01)
00:08.031  render           | Rendering frame 154
00:08.031  render           | Start rendering: PNPLINE_MASTER_v003, ViewLayer
00:08.031  render           | Engine: Workbench
00:08.078  render           | Saved: 'F:\pnpline-landing\hero-section-video\blockout\blockout-master-v003\preview\frames\frame-0154.png'
00:08.078  render           | Time: 00:00.04 (Saving: 00:00.02)
00:08.078  render           | Rendering frame 155
00:08.078  render           | Start rendering: PNPLINE_MASTER_v003, ViewLayer
00:08.078  render           | Engine: Workbench
00:08.125  render           | Saved: 'F:\pnpline-landing\hero-section-video\blockout\blockout-master-v003\preview\frames\frame-0155.png'
00:08.125  render           | Time: 00:00.04 (Saving: 00:00.02)
00:08.125  render           | Rendering frame 156
00:08.125  render           | Start rendering: PNPLINE_MASTER_v003, ViewLayer
00:08.125  render           | Engine: Workbench
00:08.172  render           | Saved: 'F:\pnpline-landing\hero-section-video\blockout\blockout-master-v003\preview\frames\frame-0156.png'
00:08.172  render           | Time: 00:00.04 (Saving: 00:00.02)
00:08.172  render           | Rendering frame 157
00:08.172  render           | Start rendering: PNPLINE_MASTER_v003, ViewLayer
00:08.172  render           | Engine: Workbench
00:08.218  render           | Saved: 'F:\pnpline-landing\hero-section-video\blockout\blockout-master-v003\preview\frames\frame-0157.png'
00:08.218  render           | Time: 00:00.04 (Saving: 00:00.02)
00:08.218  render           | Rendering frame 158
00:08.218  render           | Start rendering: PNPLINE_MASTER_v003, ViewLayer
00:08.218  render           | Engine: Workbench
00:08.265  render           | Saved: 'F:\pnpline-landing\hero-section-video\blockout\blockout-master-v003\preview\frames\frame-0158.png'
00:08.265  render           | Time: 00:00.04 (Saving: 00:00.02)
00:08.265  render           | Rendering frame 159
00:08.265  render           | Start rendering: PNPLINE_MASTER_v003, ViewLayer
00:08.265  render           | Engine: Workbench
00:08.312  render           | Saved: 'F:\pnpline-landing\hero-section-video\blockout\blockout-master-v003\preview\frames\frame-0159.png'
00:08.312  render           | Time: 00:00.04 (Saving: 00:00.02)
00:08.312  render           | Rendering frame 160
00:08.312  render           | Start rendering: PNPLINE_MASTER_v003, ViewLayer
00:08.312  render           | Engine: Workbench
00:08.359  render           | Saved: 'F:\pnpline-landing\hero-section-video\blockout\blockout-master-v003\preview\frames\frame-0160.png'
00:08.359  render           | Time: 00:00.04 (Saving: 00:00.01)
00:08.359  render           | Rendering frame 161
00:08.359  render           | Start rendering: PNPLINE_MASTER_v003, ViewLayer
00:08.359  render           | Engine: Workbench
00:08.406  render           | Saved: 'F:\pnpline-landing\hero-section-video\blockout\blockout-master-v003\preview\frames\frame-0161.png'
00:08.406  render           | Time: 00:00.04 (Saving: 00:00.01)
00:08.406  render           | Rendering frame 162
00:08.406  render           | Start rendering: PNPLINE_MASTER_v003, ViewLayer
00:08.406  render           | Engine: Workbench
00:08.437  render           | Saved: 'F:\pnpline-landing\hero-section-video\blockout\blockout-master-v003\preview\frames\frame-0162.png'
00:08.437  render           | Time: 00:00.04 (Saving: 00:00.02)
00:08.437  render           | Rendering frame 163
00:08.437  render           | Start rendering: PNPLINE_MASTER_v003, ViewLayer
00:08.437  render           | Engine: Workbench
00:08.484  render           | Saved: 'F:\pnpline-landing\hero-section-video\blockout\blockout-master-v003\preview\frames\frame-0163.png'
00:08.484  render           | Time: 00:00.04 (Saving: 00:00.01)
00:08.484  render           | Rendering frame 164
00:08.484  render           | Start rendering: PNPLINE_MASTER_v003, ViewLayer
00:08.484  render           | Engine: Workbench
00:08.531  render           | Saved: 'F:\pnpline-landing\hero-section-video\blockout\blockout-master-v003\preview\frames\frame-0164.png'
00:08.531  render           | Time: 00:00.04 (Saving: 00:00.02)
00:08.531  render           | Rendering frame 165
00:08.531  render           | Start rendering: PNPLINE_MASTER_v003, ViewLayer
00:08.531  render           | Engine: Workbench
00:08.578  render           | Saved: 'F:\pnpline-landing\hero-section-video\blockout\blockout-master-v003\preview\frames\frame-0165.png'
00:08.578  render           | Time: 00:00.04 (Saving: 00:00.02)
00:08.578  render           | Rendering frame 166
00:08.578  render           | Start rendering: PNPLINE_MASTER_v003, ViewLayer
00:08.578  render           | Engine: Workbench
00:08.609  render           | Saved: 'F:\pnpline-landing\hero-section-video\blockout\blockout-master-v003\preview\frames\frame-0166.png'
00:08.609  render           | Time: 00:00.04 (Saving: 00:00.02)
00:08.609  render           | Rendering frame 167
00:08.609  render           | Start rendering: PNPLINE_MASTER_v003, ViewLayer
00:08.609  render           | Engine: Workbench
00:08.656  render           | Saved: 'F:\pnpline-landing\hero-section-video\blockout\blockout-master-v003\preview\frames\frame-0167.png'
00:08.656  render           | Time: 00:00.04 (Saving: 00:00.02)
00:08.656  render           | Rendering frame 168
00:08.656  render           | Start rendering: PNPLINE_MASTER_v003, ViewLayer
00:08.656  render           | Engine: Workbench
00:08.703  render           | Saved: 'F:\pnpline-landing\hero-section-video\blockout\blockout-master-v003\preview\frames\frame-0168.png'
00:08.703  render           | Time: 00:00.04 (Saving: 00:00.02)
00:08.703  render           | Rendering frame 169
00:08.703  render           | Start rendering: PNPLINE_MASTER_v003, ViewLayer
00:08.703  render           | Engine: Workbench
00:08.750  render           | Saved: 'F:\pnpline-landing\hero-section-video\blockout\blockout-master-v003\preview\frames\frame-0169.png'
00:08.750  render           | Time: 00:00.04 (Saving: 00:00.01)
00:08.750  render           | Rendering frame 170
00:08.750  render           | Start rendering: PNPLINE_MASTER_v003, ViewLayer
00:08.750  render           | Engine: Workbench
00:08.797  render           | Saved: 'F:\pnpline-landing\hero-section-video\blockout\blockout-master-v003\preview\frames\frame-0170.png'
00:08.797  render           | Time: 00:00.04 (Saving: 00:00.02)
00:08.797  render           | Rendering frame 171
00:08.797  render           | Start rendering: PNPLINE_MASTER_v003, ViewLayer
00:08.797  render           | Engine: Workbench
00:08.843  render           | Saved: 'F:\pnpline-landing\hero-section-video\blockout\blockout-master-v003\preview\frames\frame-0171.png'
00:08.843  render           | Time: 00:00.04 (Saving: 00:00.02)
00:08.843  render           | Rendering frame 172
00:08.843  render           | Start rendering: PNPLINE_MASTER_v003, ViewLayer
00:08.843  render           | Engine: Workbench
00:08.875  render           | Saved: 'F:\pnpline-landing\hero-section-video\blockout\blockout-master-v003\preview\frames\frame-0172.png'
00:08.875  render           | Time: 00:00.04 (Saving: 00:00.01)
00:08.875  render           | Rendering frame 173
00:08.875  render           | Start rendering: PNPLINE_MASTER_v003, ViewLayer
00:08.875  render           | Engine: Workbench
00:08.922  render           | Saved: 'F:\pnpline-landing\hero-section-video\blockout\blockout-master-v003\preview\frames\frame-0173.png'
00:08.922  render           | Time: 00:00.04 (Saving: 00:00.01)
00:08.922  render           | Rendering frame 174
00:08.922  render           | Start rendering: PNPLINE_MASTER_v003, ViewLayer
00:08.922  render           | Engine: Workbench
00:08.968  render           | Saved: 'F:\pnpline-landing\hero-section-video\blockout\blockout-master-v003\preview\frames\frame-0174.png'
00:08.968  render           | Time: 00:00.04 (Saving: 00:00.02)
00:08.968  render           | Rendering frame 175
00:08.968  render           | Start rendering: PNPLINE_MASTER_v003, ViewLayer
00:08.968  render           | Engine: Workbench
00:09.015  render           | Saved: 'F:\pnpline-landing\hero-section-video\blockout\blockout-master-v003\preview\frames\frame-0175.png'
00:09.015  render           | Time: 00:00.04 (Saving: 00:00.02)
00:09.015  render           | Rendering frame 176
00:09.015  render           | Start rendering: PNPLINE_MASTER_v003, ViewLayer
00:09.015  render           | Engine: Workbench
00:09.062  render           | Saved: 'F:\pnpline-landing\hero-section-video\blockout\blockout-master-v003\preview\frames\frame-0176.png'
00:09.062  render           | Time: 00:00.04 (Saving: 00:00.02)
00:09.062  render           | Rendering frame 177
00:09.062  render           | Start rendering: PNPLINE_MASTER_v003, ViewLayer
00:09.062  render           | Engine: Workbench
00:09.109  render           | Saved: 'F:\pnpline-landing\hero-section-video\blockout\blockout-master-v003\preview\frames\frame-0177.png'
00:09.109  render           | Time: 00:00.04 (Saving: 00:00.02)
00:09.109  render           | Rendering frame 178
00:09.109  render           | Start rendering: PNPLINE_MASTER_v003, ViewLayer
00:09.109  render           | Engine: Workbench
00:09.156  render           | Saved: 'F:\pnpline-landing\hero-section-video\blockout\blockout-master-v003\preview\frames\frame-0178.png'
00:09.156  render           | Time: 00:00.04 (Saving: 00:00.02)
00:09.156  render           | Rendering frame 179
00:09.156  render           | Start rendering: PNPLINE_MASTER_v003, ViewLayer
00:09.156  render           | Engine: Workbench
00:09.203  render           | Saved: 'F:\pnpline-landing\hero-section-video\blockout\blockout-master-v003\preview\frames\frame-0179.png'
00:09.203  render           | Time: 00:00.04 (Saving: 00:00.02)
00:09.203  render           | Rendering frame 180
00:09.203  render           | Start rendering: PNPLINE_MASTER_v003, ViewLayer
00:09.203  render           | Engine: Workbench
00:09.250  render           | Saved: 'F:\pnpline-landing\hero-section-video\blockout\blockout-master-v003\preview\frames\frame-0180.png'
00:09.250  render           | Time: 00:00.04 (Saving: 00:00.02)
00:09.250  render           | Rendering frame 181
00:09.250  render           | Start rendering: PNPLINE_MASTER_v003, ViewLayer
00:09.250  render           | Engine: Workbench
00:09.297  render           | Saved: 'F:\pnpline-landing\hero-section-video\blockout\blockout-master-v003\preview\frames\frame-0181.png'
00:09.297  render           | Time: 00:00.04 (Saving: 00:00.02)
00:09.297  render           | Rendering frame 182
00:09.297  render           | Start rendering: PNPLINE_MASTER_v003, ViewLayer
00:09.297  render           | Engine: Workbench
00:09.343  render           | Saved: 'F:\pnpline-landing\hero-section-video\blockout\blockout-master-v003\preview\frames\frame-0182.png'
00:09.343  render           | Time: 00:00.04 (Saving: 00:00.02)
00:09.343  render           | Rendering frame 183
00:09.343  render           | Start rendering: PNPLINE_MASTER_v003, ViewLayer
00:09.343  render           | Engine: Workbench
00:09.390  render           | Saved: 'F:\pnpline-landing\hero-section-video\blockout\blockout-master-v003\preview\frames\frame-0183.png'
00:09.390  render           | Time: 00:00.04 (Saving: 00:00.02)
00:09.390  render           | Rendering frame 184
00:09.390  render           | Start rendering: PNPLINE_MASTER_v003, ViewLayer
00:09.390  render           | Engine: Workbench
00:09.437  render           | Saved: 'F:\pnpline-landing\hero-section-video\blockout\blockout-master-v003\preview\frames\frame-0184.png'
00:09.437  render           | Time: 00:00.04 (Saving: 00:00.02)
00:09.437  render           | Rendering frame 185
00:09.437  render           | Start rendering: PNPLINE_MASTER_v003, ViewLayer
00:09.437  render           | Engine: Workbench
00:09.484  render           | Saved: 'F:\pnpline-landing\hero-section-video\blockout\blockout-master-v003\preview\frames\frame-0185.png'
00:09.484  render           | Time: 00:00.04 (Saving: 00:00.02)
00:09.484  render           | Rendering frame 186
00:09.484  render           | Start rendering: PNPLINE_MASTER_v003, ViewLayer
00:09.484  render           | Engine: Workbench
00:09.515  render           | Saved: 'F:\pnpline-landing\hero-section-video\blockout\blockout-master-v003\preview\frames\frame-0186.png'
00:09.515  render           | Time: 00:00.04 (Saving: 00:00.02)
00:09.515  render           | Rendering frame 187
00:09.515  render           | Start rendering: PNPLINE_MASTER_v003, ViewLayer
00:09.515  render           | Engine: Workbench
00:09.562  render           | Saved: 'F:\pnpline-landing\hero-section-video\blockout\blockout-master-v003\preview\frames\frame-0187.png'
00:09.562  render           | Time: 00:00.04 (Saving: 00:00.02)
00:09.562  render           | Rendering frame 188
00:09.562  render           | Start rendering: PNPLINE_MASTER_v003, ViewLayer
00:09.562  render           | Engine: Workbench
00:09.609  render           | Saved: 'F:\pnpline-landing\hero-section-video\blockout\blockout-master-v003\preview\frames\frame-0188.png'
00:09.609  render           | Time: 00:00.04 (Saving: 00:00.02)
00:09.609  render           | Rendering frame 189
00:09.609  render           | Start rendering: PNPLINE_MASTER_v003, ViewLayer
00:09.609  render           | Engine: Workbench
00:09.656  render           | Saved: 'F:\pnpline-landing\hero-section-video\blockout\blockout-master-v003\preview\frames\frame-0189.png'
00:09.656  render           | Time: 00:00.04 (Saving: 00:00.02)
00:09.656  render           | Rendering frame 190
00:09.656  render           | Start rendering: PNPLINE_MASTER_v003, ViewLayer
00:09.656  render           | Engine: Workbench
00:09.703  render           | Saved: 'F:\pnpline-landing\hero-section-video\blockout\blockout-master-v003\preview\frames\frame-0190.png'
00:09.703  render           | Time: 00:00.04 (Saving: 00:00.02)
00:09.703  render           | Rendering frame 191
00:09.703  render           | Start rendering: PNPLINE_MASTER_v003, ViewLayer
00:09.703  render           | Engine: Workbench
00:09.750  render           | Saved: 'F:\pnpline-landing\hero-section-video\blockout\blockout-master-v003\preview\frames\frame-0191.png'
00:09.750  render           | Time: 00:00.04 (Saving: 00:00.02)
00:09.750  render           | Rendering frame 192
00:09.750  render           | Start rendering: PNPLINE_MASTER_v003, ViewLayer
00:09.750  render           | Engine: Workbench
00:09.781  render           | Saved: 'F:\pnpline-landing\hero-section-video\blockout\blockout-master-v003\preview\frames\frame-0192.png'
00:09.781  render           | Time: 00:00.04 (Saving: 00:00.02)
00:09.781  render           | Rendering frame 193
00:09.781  render           | Start rendering: PNPLINE_MASTER_v003, ViewLayer
00:09.781  render           | Engine: Workbench
00:09.828  render           | Saved: 'F:\pnpline-landing\hero-section-video\blockout\blockout-master-v003\preview\frames\frame-0193.png'
00:09.828  render           | Time: 00:00.04 (Saving: 00:00.02)
00:09.828  render           | Rendering frame 194
00:09.828  render           | Start rendering: PNPLINE_MASTER_v003, ViewLayer
00:09.828  render           | Engine: Workbench
00:09.875  render           | Saved: 'F:\pnpline-landing\hero-section-video\blockout\blockout-master-v003\preview\frames\frame-0194.png'
00:09.875  render           | Time: 00:00.04 (Saving: 00:00.02)
00:09.875  render           | Rendering frame 195
00:09.875  render           | Start rendering: PNPLINE_MASTER_v003, ViewLayer
00:09.875  render           | Engine: Workbench
00:09.922  render           | Saved: 'F:\pnpline-landing\hero-section-video\blockout\blockout-master-v003\preview\frames\frame-0195.png'
00:09.922  render           | Time: 00:00.04 (Saving: 00:00.02)
00:09.922  render           | Rendering frame 196
00:09.922  render           | Start rendering: PNPLINE_MASTER_v003, ViewLayer
00:09.922  render           | Engine: Workbench
00:09.968  render           | Saved: 'F:\pnpline-landing\hero-section-video\blockout\blockout-master-v003\preview\frames\frame-0196.png'
00:09.968  render           | Time: 00:00.04 (Saving: 00:00.02)
00:09.968  render           | Rendering frame 197
00:09.968  render           | Start rendering: PNPLINE_MASTER_v003, ViewLayer
00:09.968  render           | Engine: Workbench
00:10.015  render           | Saved: 'F:\pnpline-landing\hero-section-video\blockout\blockout-master-v003\preview\frames\frame-0197.png'
00:10.015  render           | Time: 00:00.04 (Saving: 00:00.02)
00:10.015  render           | Rendering frame 198
00:10.015  render           | Start rendering: PNPLINE_MASTER_v003, ViewLayer
00:10.015  render           | Engine: Workbench
00:10.062  render           | Saved: 'F:\pnpline-landing\hero-section-video\blockout\blockout-master-v003\preview\frames\frame-0198.png'
00:10.062  render           | Time: 00:00.04 (Saving: 00:00.02)
00:10.062  render           | Rendering frame 199
00:10.062  render           | Start rendering: PNPLINE_MASTER_v003, ViewLayer
00:10.062  render           | Engine: Workbench
00:10.109  render           | Saved: 'F:\pnpline-landing\hero-section-video\blockout\blockout-master-v003\preview\frames\frame-0199.png'
00:10.109  render           | Time: 00:00.04 (Saving: 00:00.02)
00:10.109  render           | Rendering frame 200
00:10.109  render           | Start rendering: PNPLINE_MASTER_v003, ViewLayer
00:10.109  render           | Engine: Workbench
00:10.156  render           | Saved: 'F:\pnpline-landing\hero-section-video\blockout\blockout-master-v003\preview\frames\frame-0200.png'
00:10.156  render           | Time: 00:00.04 (Saving: 00:00.02)
00:10.156  render           | Rendering frame 201
00:10.156  render           | Start rendering: PNPLINE_MASTER_v003, ViewLayer
00:10.156  render           | Engine: Workbench
00:10.203  render           | Saved: 'F:\pnpline-landing\hero-section-video\blockout\blockout-master-v003\preview\frames\frame-0201.png'
00:10.203  render           | Time: 00:00.04 (Saving: 00:00.02)
00:10.203  render           | Rendering frame 202
00:10.203  render           | Start rendering: PNPLINE_MASTER_v003, ViewLayer
00:10.203  render           | Engine: Workbench
00:10.250  render           | Saved: 'F:\pnpline-landing\hero-section-video\blockout\blockout-master-v003\preview\frames\frame-0202.png'
00:10.250  render           | Time: 00:00.04 (Saving: 00:00.02)
00:10.250  render           | Rendering frame 203
00:10.250  render           | Start rendering: PNPLINE_MASTER_v003, ViewLayer
00:10.250  render           | Engine: Workbench
00:10.281  render           | Saved: 'F:\pnpline-landing\hero-section-video\blockout\blockout-master-v003\preview\frames\frame-0203.png'
00:10.281  render           | Time: 00:00.04 (Saving: 00:00.02)
00:10.281  render           | Rendering frame 204
00:10.281  render           | Start rendering: PNPLINE_MASTER_v003, ViewLayer
00:10.281  render           | Engine: Workbench
00:10.328  render           | Saved: 'F:\pnpline-landing\hero-section-video\blockout\blockout-master-v003\preview\frames\frame-0204.png'
00:10.328  render           | Time: 00:00.04 (Saving: 00:00.02)
00:10.328  render           | Rendering frame 205
00:10.328  render           | Start rendering: PNPLINE_MASTER_v003, ViewLayer
00:10.328  render           | Engine: Workbench
00:10.375  render           | Saved: 'F:\pnpline-landing\hero-section-video\blockout\blockout-master-v003\preview\frames\frame-0205.png'
00:10.375  render           | Time: 00:00.04 (Saving: 00:00.02)
00:10.375  render           | Rendering frame 206
00:10.375  render           | Start rendering: PNPLINE_MASTER_v003, ViewLayer
00:10.375  render           | Engine: Workbench
00:10.422  render           | Saved: 'F:\pnpline-landing\hero-section-video\blockout\blockout-master-v003\preview\frames\frame-0206.png'
00:10.422  render           | Time: 00:00.04 (Saving: 00:00.02)
00:10.422  render           | Rendering frame 207
00:10.422  render           | Start rendering: PNPLINE_MASTER_v003, ViewLayer
00:10.422  render           | Engine: Workbench
00:10.468  render           | Saved: 'F:\pnpline-landing\hero-section-video\blockout\blockout-master-v003\preview\frames\frame-0207.png'
00:10.468  render           | Time: 00:00.05 (Saving: 00:00.02)
00:10.468  render           | Rendering frame 208
00:10.468  render           | Start rendering: PNPLINE_MASTER_v003, ViewLayer
00:10.468  render           | Engine: Workbench
00:10.515  render           | Saved: 'F:\pnpline-landing\hero-section-video\blockout\blockout-master-v003\preview\frames\frame-0208.png'
00:10.515  render           | Time: 00:00.04 (Saving: 00:00.02)
00:10.515  render           | Rendering frame 209
00:10.515  render           | Start rendering: PNPLINE_MASTER_v003, ViewLayer
00:10.515  render           | Engine: Workbench
00:10.562  render           | Saved: 'F:\pnpline-landing\hero-section-video\blockout\blockout-master-v003\preview\frames\frame-0209.png'
00:10.562  render           | Time: 00:00.04 (Saving: 00:00.02)
00:10.562  render           | Rendering frame 210
00:10.562  render           | Start rendering: PNPLINE_MASTER_v003, ViewLayer
00:10.562  render           | Engine: Workbench
00:10.609  render           | Saved: 'F:\pnpline-landing\hero-section-video\blockout\blockout-master-v003\preview\frames\frame-0210.png'
00:10.609  render           | Time: 00:00.04 (Saving: 00:00.02)
00:10.609  render           | Rendering frame 211
00:10.609  render           | Start rendering: PNPLINE_MASTER_v003, ViewLayer
00:10.609  render           | Engine: Workbench
00:10.656  render           | Saved: 'F:\pnpline-landing\hero-section-video\blockout\blockout-master-v003\preview\frames\frame-0211.png'
00:10.656  render           | Time: 00:00.04 (Saving: 00:00.02)
00:10.656  render           | Rendering frame 212
00:10.656  render           | Start rendering: PNPLINE_MASTER_v003, ViewLayer
00:10.656  render           | Engine: Workbench
00:10.687  render           | Saved: 'F:\pnpline-landing\hero-section-video\blockout\blockout-master-v003\preview\frames\frame-0212.png'
00:10.687  render           | Time: 00:00.04 (Saving: 00:00.02)
00:10.687  render           | Rendering frame 213
00:10.687  render           | Start rendering: PNPLINE_MASTER_v003, ViewLayer
00:10.687  render           | Engine: Workbench
00:10.734  render           | Saved: 'F:\pnpline-landing\hero-section-video\blockout\blockout-master-v003\preview\frames\frame-0213.png'
00:10.734  render           | Time: 00:00.04 (Saving: 00:00.02)
00:10.734  render           | Rendering frame 214
00:10.734  render           | Start rendering: PNPLINE_MASTER_v003, ViewLayer
00:10.734  render           | Engine: Workbench
00:10.781  render           | Saved: 'F:\pnpline-landing\hero-section-video\blockout\blockout-master-v003\preview\frames\frame-0214.png'
00:10.781  render           | Time: 00:00.04 (Saving: 00:00.01)
00:10.781  render           | Rendering frame 215
00:10.781  render           | Start rendering: PNPLINE_MASTER_v003, ViewLayer
00:10.781  render           | Engine: Workbench
00:10.828  render           | Saved: 'F:\pnpline-landing\hero-section-video\blockout\blockout-master-v003\preview\frames\frame-0215.png'
00:10.828  render           | Time: 00:00.04 (Saving: 00:00.02)
00:10.828  render           | Rendering frame 216
00:10.828  render           | Start rendering: PNPLINE_MASTER_v003, ViewLayer
00:10.828  render           | Engine: Workbench
00:10.859  render           | Saved: 'F:\pnpline-landing\hero-section-video\blockout\blockout-master-v003\preview\frames\frame-0216.png'
00:10.859  render           | Time: 00:00.04 (Saving: 00:00.02)
00:10.859  render           | Rendering frame 217
00:10.875  render           | Start rendering: PNPLINE_MASTER_v003, ViewLayer
00:10.875  render           | Engine: Workbench
00:10.906  render           | Saved: 'F:\pnpline-landing\hero-section-video\blockout\blockout-master-v003\preview\frames\frame-0217.png'
00:10.906  render           | Time: 00:00.04 (Saving: 00:00.02)
00:10.906  render           | Rendering frame 218
00:10.906  render           | Start rendering: PNPLINE_MASTER_v003, ViewLayer
00:10.906  render           | Engine: Workbench
00:10.953  render           | Saved: 'F:\pnpline-landing\hero-section-video\blockout\blockout-master-v003\preview\frames\frame-0218.png'
00:10.953  render           | Time: 00:00.04 (Saving: 00:00.01)
00:10.953  render           | Rendering frame 219
00:10.953  render           | Start rendering: PNPLINE_MASTER_v003, ViewLayer
00:10.953  render           | Engine: Workbench
00:11.000  render           | Saved: 'F:\pnpline-landing\hero-section-video\blockout\blockout-master-v003\preview\frames\frame-0219.png'
00:11.000  render           | Time: 00:00.04 (Saving: 00:00.02)
00:11.000  render           | Rendering frame 220
00:11.000  render           | Start rendering: PNPLINE_MASTER_v003, ViewLayer
00:11.000  render           | Engine: Workbench
00:11.047  render           | Saved: 'F:\pnpline-landing\hero-section-video\blockout\blockout-master-v003\preview\frames\frame-0220.png'
00:11.047  render           | Time: 00:00.04 (Saving: 00:00.02)
00:11.047  render           | Rendering frame 221
00:11.047  render           | Start rendering: PNPLINE_MASTER_v003, ViewLayer
00:11.047  render           | Engine: Workbench
00:11.078  render           | Saved: 'F:\pnpline-landing\hero-section-video\blockout\blockout-master-v003\preview\frames\frame-0221.png'
00:11.078  render           | Time: 00:00.04 (Saving: 00:00.02)
00:11.078  render           | Rendering frame 222
00:11.078  render           | Start rendering: PNPLINE_MASTER_v003, ViewLayer
00:11.078  render           | Engine: Workbench
00:11.125  render           | Saved: 'F:\pnpline-landing\hero-section-video\blockout\blockout-master-v003\preview\frames\frame-0222.png'
00:11.125  render           | Time: 00:00.04 (Saving: 00:00.01)
00:11.125  render           | Rendering frame 223
00:11.125  render           | Start rendering: PNPLINE_MASTER_v003, ViewLayer
00:11.125  render           | Engine: Workbench
00:11.172  render           | Saved: 'F:\pnpline-landing\hero-section-video\blockout\blockout-master-v003\preview\frames\frame-0223.png'
00:11.172  render           | Time: 00:00.04 (Saving: 00:00.02)
00:11.172  render           | Rendering frame 224
00:11.172  render           | Start rendering: PNPLINE_MASTER_v003, ViewLayer
00:11.172  render           | Engine: Workbench
00:11.218  render           | Saved: 'F:\pnpline-landing\hero-section-video\blockout\blockout-master-v003\preview\frames\frame-0224.png'
00:11.218  render           | Time: 00:00.04 (Saving: 00:00.02)
00:11.218  render           | Rendering frame 225
00:11.218  render           | Start rendering: PNPLINE_MASTER_v003, ViewLayer
00:11.218  render           | Engine: Workbench
00:11.265  render           | Saved: 'F:\pnpline-landing\hero-section-video\blockout\blockout-master-v003\preview\frames\frame-0225.png'
00:11.265  render           | Time: 00:00.04 (Saving: 00:00.02)
00:11.265  render           | Rendering frame 226
00:11.265  render           | Start rendering: PNPLINE_MASTER_v003, ViewLayer
00:11.265  render           | Engine: Workbench
00:11.312  render           | Saved: 'F:\pnpline-landing\hero-section-video\blockout\blockout-master-v003\preview\frames\frame-0226.png'
00:11.312  render           | Time: 00:00.04 (Saving: 00:00.02)
00:11.312  render           | Rendering frame 227
00:11.312  render           | Start rendering: PNPLINE_MASTER_v003, ViewLayer
00:11.312  render           | Engine: Workbench
00:11.359  render           | Saved: 'F:\pnpline-landing\hero-section-video\blockout\blockout-master-v003\preview\frames\frame-0227.png'
00:11.359  render           | Time: 00:00.04 (Saving: 00:00.02)
00:11.359  render           | Rendering frame 228
00:11.359  render           | Start rendering: PNPLINE_MASTER_v003, ViewLayer
00:11.359  render           | Engine: Workbench
00:11.390  render           | Saved: 'F:\pnpline-landing\hero-section-video\blockout\blockout-master-v003\preview\frames\frame-0228.png'
00:11.390  render           | Time: 00:00.04 (Saving: 00:00.01)
00:11.390  render           | Rendering frame 229
00:11.390  render           | Start rendering: PNPLINE_MASTER_v003, ViewLayer
00:11.390  render           | Engine: Workbench
00:11.437  render           | Saved: 'F:\pnpline-landing\hero-section-video\blockout\blockout-master-v003\preview\frames\frame-0229.png'
00:11.437  render           | Time: 00:00.04 (Saving: 00:00.02)
00:11.437  render           | Rendering frame 230
00:11.437  render           | Start rendering: PNPLINE_MASTER_v003, ViewLayer
00:11.437  render           | Engine: Workbench
00:11.484  render           | Saved: 'F:\pnpline-landing\hero-section-video\blockout\blockout-master-v003\preview\frames\frame-0230.png'
00:11.484  render           | Time: 00:00.04 (Saving: 00:00.02)
00:11.484  render           | Rendering frame 231
00:11.484  render           | Start rendering: PNPLINE_MASTER_v003, ViewLayer
00:11.484  render           | Engine: Workbench
00:11.531  render           | Saved: 'F:\pnpline-landing\hero-section-video\blockout\blockout-master-v003\preview\frames\frame-0231.png'
00:11.531  render           | Time: 00:00.04 (Saving: 00:00.02)
00:11.531  render           | Rendering frame 232
00:11.531  render           | Start rendering: PNPLINE_MASTER_v003, ViewLayer
00:11.531  render           | Engine: Workbench
00:11.578  render           | Saved: 'F:\pnpline-landing\hero-section-video\blockout\blockout-master-v003\preview\frames\frame-0232.png'
00:11.578  render           | Time: 00:00.04 (Saving: 00:00.02)
00:11.578  render           | Rendering frame 233
00:11.578  render           | Start rendering: PNPLINE_MASTER_v003, ViewLayer
00:11.578  render           | Engine: Workbench
00:11.625  render           | Saved: 'F:\pnpline-landing\hero-section-video\blockout\blockout-master-v003\preview\frames\frame-0233.png'
00:11.625  render           | Time: 00:00.04 (Saving: 00:00.02)
00:11.625  render           | Rendering frame 234
00:11.625  render           | Start rendering: PNPLINE_MASTER_v003, ViewLayer
00:11.625  render           | Engine: Workbench
00:11.672  render           | Saved: 'F:\pnpline-landing\hero-section-video\blockout\blockout-master-v003\preview\frames\frame-0234.png'
00:11.672  render           | Time: 00:00.04 (Saving: 00:00.02)
00:11.672  render           | Rendering frame 235
00:11.672  render           | Start rendering: PNPLINE_MASTER_v003, ViewLayer
00:11.672  render           | Engine: Workbench
00:11.703  render           | Saved: 'F:\pnpline-landing\hero-section-video\blockout\blockout-master-v003\preview\frames\frame-0235.png'
00:11.703  render           | Time: 00:00.04 (Saving: 00:00.02)
00:11.703  render           | Rendering frame 236
00:11.703  render           | Start rendering: PNPLINE_MASTER_v003, ViewLayer
00:11.703  render           | Engine: Workbench
00:11.750  render           | Saved: 'F:\pnpline-landing\hero-section-video\blockout\blockout-master-v003\preview\frames\frame-0236.png'
00:11.750  render           | Time: 00:00.04 (Saving: 00:00.02)
00:11.750  render           | Rendering frame 237
00:11.765  render           | Start rendering: PNPLINE_MASTER_v003, ViewLayer
00:11.765  render           | Engine: Workbench
00:11.812  render           | Saved: 'F:\pnpline-landing\hero-section-video\blockout\blockout-master-v003\preview\frames\frame-0237.png'
00:11.812  render           | Time: 00:00.04 (Saving: 00:00.02)
00:11.812  render           | Rendering frame 238
00:11.812  render           | Start rendering: PNPLINE_MASTER_v003, ViewLayer
00:11.812  render           | Engine: Workbench
00:11.843  render           | Saved: 'F:\pnpline-landing\hero-section-video\blockout\blockout-master-v003\preview\frames\frame-0238.png'
00:11.843  render           | Time: 00:00.04 (Saving: 00:00.01)
00:11.843  render           | Rendering frame 239
00:11.843  render           | Start rendering: PNPLINE_MASTER_v003, ViewLayer
00:11.843  render           | Engine: Workbench
00:11.890  render           | Saved: 'F:\pnpline-landing\hero-section-video\blockout\blockout-master-v003\preview\frames\frame-0239.png'
00:11.890  render           | Time: 00:00.04 (Saving: 00:00.01)
00:11.890  render           | Rendering frame 240
00:11.890  render           | Start rendering: PNPLINE_MASTER_v003, ViewLayer
00:11.890  render           | Engine: Workbench
00:11.937  render           | Saved: 'F:\pnpline-landing\hero-section-video\blockout\blockout-master-v003\preview\frames\frame-0240.png'
00:11.937  render           | Time: 00:00.04 (Saving: 00:00.02)
00:11.937  render           | Rendering frame 241
00:11.937  render           | Start rendering: PNPLINE_MASTER_v003, ViewLayer
00:11.937  render           | Engine: Workbench
00:11.984  render           | Saved: 'F:\pnpline-landing\hero-section-video\blockout\blockout-master-v003\preview\frames\frame-0241.png'
00:11.984  render           | Time: 00:00.04 (Saving: 00:00.02)
00:11.984  render           | Rendering frame 242
00:11.984  render           | Start rendering: PNPLINE_MASTER_v003, ViewLayer
00:11.984  render           | Engine: Workbench
00:12.031  render           | Saved: 'F:\pnpline-landing\hero-section-video\blockout\blockout-master-v003\preview\frames\frame-0242.png'
00:12.031  render           | Time: 00:00.04 (Saving: 00:00.02)
00:12.031  render           | Rendering frame 243
00:12.031  render           | Start rendering: PNPLINE_MASTER_v003, ViewLayer
00:12.031  render           | Engine: Workbench
00:12.078  render           | Saved: 'F:\pnpline-landing\hero-section-video\blockout\blockout-master-v003\preview\frames\frame-0243.png'
00:12.078  render           | Time: 00:00.04 (Saving: 00:00.02)
00:12.078  render           | Rendering frame 244
00:12.078  render           | Start rendering: PNPLINE_MASTER_v003, ViewLayer
00:12.078  render           | Engine: Workbench
00:12.125  render           | Saved: 'F:\pnpline-landing\hero-section-video\blockout\blockout-master-v003\preview\frames\frame-0244.png'
00:12.125  render           | Time: 00:00.04 (Saving: 00:00.02)
00:12.125  render           | Rendering frame 245
00:12.125  render           | Start rendering: PNPLINE_MASTER_v003, ViewLayer
00:12.125  render           | Engine: Workbench
00:12.172  render           | Saved: 'F:\pnpline-landing\hero-section-video\blockout\blockout-master-v003\preview\frames\frame-0245.png'
00:12.172  render           | Time: 00:00.04 (Saving: 00:00.01)
00:12.172  render           | Rendering frame 246
00:12.172  render           | Start rendering: PNPLINE_MASTER_v003, ViewLayer
00:12.172  render           | Engine: Workbench
00:12.218  render           | Saved: 'F:\pnpline-landing\hero-section-video\blockout\blockout-master-v003\preview\frames\frame-0246.png'
00:12.218  render           | Time: 00:00.04 (Saving: 00:00.02)
00:12.218  render           | Rendering frame 247
00:12.218  render           | Start rendering: PNPLINE_MASTER_v003, ViewLayer
00:12.218  render           | Engine: Workbench
00:12.265  render           | Saved: 'F:\pnpline-landing\hero-section-video\blockout\blockout-master-v003\preview\frames\frame-0247.png'
00:12.265  render           | Time: 00:00.04 (Saving: 00:00.02)
00:12.265  render           | Rendering frame 248
00:12.265  render           | Start rendering: PNPLINE_MASTER_v003, ViewLayer
00:12.265  render           | Engine: Workbench
00:12.312  render           | Saved: 'F:\pnpline-landing\hero-section-video\blockout\blockout-master-v003\preview\frames\frame-0248.png'
00:12.312  render           | Time: 00:00.04 (Saving: 00:00.02)
00:12.312  render           | Rendering frame 249
00:12.312  render           | Start rendering: PNPLINE_MASTER_v003, ViewLayer
00:12.312  render           | Engine: Workbench
00:12.359  render           | Saved: 'F:\pnpline-landing\hero-section-video\blockout\blockout-master-v003\preview\frames\frame-0249.png'
00:12.359  render           | Time: 00:00.04 (Saving: 00:00.02)
00:12.359  render           | Rendering frame 250
00:12.359  render           | Start rendering: PNPLINE_MASTER_v003, ViewLayer
00:12.359  render           | Engine: Workbench
00:12.406  render           | Saved: 'F:\pnpline-landing\hero-section-video\blockout\blockout-master-v003\preview\frames\frame-0250.png'
00:12.406  render           | Time: 00:00.04 (Saving: 00:00.02)
00:12.406  render           | Rendering frame 251
00:12.406  render           | Start rendering: PNPLINE_MASTER_v003, ViewLayer
00:12.406  render           | Engine: Workbench
00:12.453  render           | Saved: 'F:\pnpline-landing\hero-section-video\blockout\blockout-master-v003\preview\frames\frame-0251.png'
00:12.453  render           | Time: 00:00.04 (Saving: 00:00.02)
00:12.453  render           | Rendering frame 252
00:12.453  render           | Start rendering: PNPLINE_MASTER_v003, ViewLayer
00:12.453  render           | Engine: Workbench
00:12.500  render           | Saved: 'F:\pnpline-landing\hero-section-video\blockout\blockout-master-v003\preview\frames\frame-0252.png'
00:12.500  render           | Time: 00:00.04 (Saving: 00:00.02)
00:12.500  render           | Rendering frame 253
00:12.500  render           | Start rendering: PNPLINE_MASTER_v003, ViewLayer
00:12.500  render           | Engine: Workbench
00:12.547  render           | Saved: 'F:\pnpline-landing\hero-section-video\blockout\blockout-master-v003\preview\frames\frame-0253.png'
00:12.547  render           | Time: 00:00.04 (Saving: 00:00.02)
00:12.547  render           | Rendering frame 254
00:12.547  render           | Start rendering: PNPLINE_MASTER_v003, ViewLayer
00:12.547  render           | Engine: Workbench
00:12.593  render           | Saved: 'F:\pnpline-landing\hero-section-video\blockout\blockout-master-v003\preview\frames\frame-0254.png'
00:12.593  render           | Time: 00:00.04 (Saving: 00:00.02)
00:12.593  render           | Rendering frame 255
00:12.593  render           | Start rendering: PNPLINE_MASTER_v003, ViewLayer
00:12.593  render           | Engine: Workbench
00:12.656  render           | Saved: 'F:\pnpline-landing\hero-section-video\blockout\blockout-master-v003\preview\frames\frame-0255.png'
00:12.656  render           | Time: 00:00.05 (Saving: 00:00.02)
00:12.656  render           | Rendering frame 256
00:12.656  render           | Start rendering: PNPLINE_MASTER_v003, ViewLayer
00:12.656  render           | Engine: Workbench
00:12.703  render           | Saved: 'F:\pnpline-landing\hero-section-video\blockout\blockout-master-v003\preview\frames\frame-0256.png'
00:12.703  render           | Time: 00:00.04 (Saving: 00:00.02)
00:12.703  render           | Rendering frame 257
00:12.703  render           | Start rendering: PNPLINE_MASTER_v003, ViewLayer
00:12.703  render           | Engine: Workbench
00:12.750  render           | Saved: 'F:\pnpline-landing\hero-section-video\blockout\blockout-master-v003\preview\frames\frame-0257.png'
00:12.750  render           | Time: 00:00.04 (Saving: 00:00.02)
00:12.750  render           | Rendering frame 258
00:12.750  render           | Start rendering: PNPLINE_MASTER_v003, ViewLayer
00:12.750  render           | Engine: Workbench
00:12.781  render           | Saved: 'F:\pnpline-landing\hero-section-video\blockout\blockout-master-v003\preview\frames\frame-0258.png'
00:12.781  render           | Time: 00:00.04 (Saving: 00:00.01)
00:12.781  render           | Rendering frame 259
00:12.797  render           | Start rendering: PNPLINE_MASTER_v003, ViewLayer
00:12.797  render           | Engine: Workbench
00:12.843  render           | Saved: 'F:\pnpline-landing\hero-section-video\blockout\blockout-master-v003\preview\frames\frame-0259.png'
00:12.843  render           | Time: 00:00.04 (Saving: 00:00.02)
00:12.843  render           | Rendering frame 260
00:12.843  render           | Start rendering: PNPLINE_MASTER_v003, ViewLayer
00:12.843  render           | Engine: Workbench
00:12.890  render           | Saved: 'F:\pnpline-landing\hero-section-video\blockout\blockout-master-v003\preview\frames\frame-0260.png'
00:12.890  render           | Time: 00:00.04 (Saving: 00:00.02)
00:12.890  render           | Rendering frame 261
00:12.890  render           | Start rendering: PNPLINE_MASTER_v003, ViewLayer
00:12.890  render           | Engine: Workbench
00:12.937  render           | Saved: 'F:\pnpline-landing\hero-section-video\blockout\blockout-master-v003\preview\frames\frame-0261.png'
00:12.937  render           | Time: 00:00.04 (Saving: 00:00.02)
00:12.937  render           | Rendering frame 262
00:12.937  render           | Start rendering: PNPLINE_MASTER_v003, ViewLayer
00:12.937  render           | Engine: Workbench
00:12.984  render           | Saved: 'F:\pnpline-landing\hero-section-video\blockout\blockout-master-v003\preview\frames\frame-0262.png'
00:12.984  render           | Time: 00:00.04 (Saving: 00:00.02)
00:12.984  render           | Rendering frame 263
00:12.984  render           | Start rendering: PNPLINE_MASTER_v003, ViewLayer
00:12.984  render           | Engine: Workbench
00:13.031  render           | Saved: 'F:\pnpline-landing\hero-section-video\blockout\blockout-master-v003\preview\frames\frame-0263.png'
00:13.031  render           | Time: 00:00.04 (Saving: 00:00.02)
00:13.031  render           | Rendering frame 264
00:13.031  render           | Start rendering: PNPLINE_MASTER_v003, ViewLayer
00:13.031  render           | Engine: Workbench
00:13.062  render           | Saved: 'F:\pnpline-landing\hero-section-video\blockout\blockout-master-v003\preview\frames\frame-0264.png'
00:13.062  render           | Time: 00:00.04 (Saving: 00:00.02)
00:13.062  render           | Rendering frame 265
00:13.062  render           | Start rendering: PNPLINE_MASTER_v003, ViewLayer
00:13.062  render           | Engine: Workbench
00:13.109  render           | Saved: 'F:\pnpline-landing\hero-section-video\blockout\blockout-master-v003\preview\frames\frame-0265.png'
00:13.109  render           | Time: 00:00.04 (Saving: 00:00.01)
00:13.109  render           | Rendering frame 266
00:13.109  render           | Start rendering: PNPLINE_MASTER_v003, ViewLayer
00:13.109  render           | Engine: Workbench
00:13.156  render           | Saved: 'F:\pnpline-landing\hero-section-video\blockout\blockout-master-v003\preview\frames\frame-0266.png'
00:13.156  render           | Time: 00:00.04 (Saving: 00:00.02)
00:13.156  render           | Rendering frame 267
00:13.156  render           | Start rendering: PNPLINE_MASTER_v003, ViewLayer
00:13.156  render           | Engine: Workbench
00:13.203  render           | Saved: 'F:\pnpline-landing\hero-section-video\blockout\blockout-master-v003\preview\frames\frame-0267.png'
00:13.203  render           | Time: 00:00.04 (Saving: 00:00.02)
00:13.203  render           | Rendering frame 268
00:13.203  render           | Start rendering: PNPLINE_MASTER_v003, ViewLayer
00:13.203  render           | Engine: Workbench
00:13.250  render           | Saved: 'F:\pnpline-landing\hero-section-video\blockout\blockout-master-v003\preview\frames\frame-0268.png'
00:13.250  render           | Time: 00:00.04 (Saving: 00:00.02)
00:13.250  render           | Rendering frame 269
00:13.250  render           | Start rendering: PNPLINE_MASTER_v003, ViewLayer
00:13.250  render           | Engine: Workbench
00:13.297  render           | Saved: 'F:\pnpline-landing\hero-section-video\blockout\blockout-master-v003\preview\frames\frame-0269.png'
00:13.297  render           | Time: 00:00.04 (Saving: 00:00.01)
00:13.297  render           | Rendering frame 270
00:13.297  render           | Start rendering: PNPLINE_MASTER_v003, ViewLayer
00:13.297  render           | Engine: Workbench
00:13.343  render           | Saved: 'F:\pnpline-landing\hero-section-video\blockout\blockout-master-v003\preview\frames\frame-0270.png'
00:13.343  render           | Time: 00:00.04 (Saving: 00:00.01)
00:13.343  render           | Rendering frame 271
00:13.343  render           | Start rendering: PNPLINE_MASTER_v003, ViewLayer
00:13.343  render           | Engine: Workbench
00:13.390  render           | Saved: 'F:\pnpline-landing\hero-section-video\blockout\blockout-master-v003\preview\frames\frame-0271.png'
00:13.390  render           | Time: 00:00.04 (Saving: 00:00.02)
00:13.390  render           | Rendering frame 272
00:13.390  render           | Start rendering: PNPLINE_MASTER_v003, ViewLayer
00:13.390  render           | Engine: Workbench
00:13.437  render           | Saved: 'F:\pnpline-landing\hero-section-video\blockout\blockout-master-v003\preview\frames\frame-0272.png'
00:13.437  render           | Time: 00:00.04 (Saving: 00:00.02)
00:13.437  render           | Rendering frame 273
00:13.437  render           | Start rendering: PNPLINE_MASTER_v003, ViewLayer
00:13.437  render           | Engine: Workbench
00:13.484  render           | Saved: 'F:\pnpline-landing\hero-section-video\blockout\blockout-master-v003\preview\frames\frame-0273.png'
00:13.484  render           | Time: 00:00.04 (Saving: 00:00.02)
00:13.484  render           | Rendering frame 274
00:13.484  render           | Start rendering: PNPLINE_MASTER_v003, ViewLayer
00:13.484  render           | Engine: Workbench
00:13.531  render           | Saved: 'F:\pnpline-landing\hero-section-video\blockout\blockout-master-v003\preview\frames\frame-0274.png'
00:13.531  render           | Time: 00:00.04 (Saving: 00:00.01)
00:13.531  render           | Rendering frame 275
00:13.531  render           | Start rendering: PNPLINE_MASTER_v003, ViewLayer
00:13.531  render           | Engine: Workbench
00:13.578  render           | Saved: 'F:\pnpline-landing\hero-section-video\blockout\blockout-master-v003\preview\frames\frame-0275.png'
00:13.578  render           | Time: 00:00.04 (Saving: 00:00.02)
00:13.578  render           | Rendering frame 276
00:13.578  render           | Start rendering: PNPLINE_MASTER_v003, ViewLayer
00:13.578  render           | Engine: Workbench
00:13.625  render           | Saved: 'F:\pnpline-landing\hero-section-video\blockout\blockout-master-v003\preview\frames\frame-0276.png'
00:13.625  render           | Time: 00:00.04 (Saving: 00:00.01)
00:13.625  render           | Rendering frame 277
00:13.625  render           | Start rendering: PNPLINE_MASTER_v003, ViewLayer
00:13.625  render           | Engine: Workbench
00:13.672  render           | Saved: 'F:\pnpline-landing\hero-section-video\blockout\blockout-master-v003\preview\frames\frame-0277.png'
00:13.672  render           | Time: 00:00.04 (Saving: 00:00.02)
00:13.672  render           | Rendering frame 278
00:13.672  render           | Start rendering: PNPLINE_MASTER_v003, ViewLayer
00:13.672  render           | Engine: Workbench
00:13.718  render           | Saved: 'F:\pnpline-landing\hero-section-video\blockout\blockout-master-v003\preview\frames\frame-0278.png'
00:13.718  render           | Time: 00:00.04 (Saving: 00:00.02)
00:13.718  render           | Rendering frame 279
00:13.718  render           | Start rendering: PNPLINE_MASTER_v003, ViewLayer
00:13.718  render           | Engine: Workbench
00:13.765  render           | Saved: 'F:\pnpline-landing\hero-section-video\blockout\blockout-master-v003\preview\frames\frame-0279.png'
00:13.765  render           | Time: 00:00.04 (Saving: 00:00.02)
00:13.765  render           | Rendering frame 280
00:13.765  render           | Start rendering: PNPLINE_MASTER_v003, ViewLayer
00:13.765  render           | Engine: Workbench
00:13.797  render           | Saved: 'F:\pnpline-landing\hero-section-video\blockout\blockout-master-v003\preview\frames\frame-0280.png'
00:13.797  render           | Time: 00:00.04 (Saving: 00:00.01)
00:13.797  render           | Rendering frame 281
00:13.797  render           | Start rendering: PNPLINE_MASTER_v003, ViewLayer
00:13.797  render           | Engine: Workbench
00:13.843  render           | Saved: 'F:\pnpline-landing\hero-section-video\blockout\blockout-master-v003\preview\frames\frame-0281.png'
00:13.843  render           | Time: 00:00.04 (Saving: 00:00.02)
00:13.843  render           | Rendering frame 282
00:13.843  render           | Start rendering: PNPLINE_MASTER_v003, ViewLayer
00:13.843  render           | Engine: Workbench
00:13.890  render           | Saved: 'F:\pnpline-landing\hero-section-video\blockout\blockout-master-v003\preview\frames\frame-0282.png'
00:13.890  render           | Time: 00:00.04 (Saving: 00:00.02)
00:13.890  render           | Rendering frame 283
00:13.890  render           | Start rendering: PNPLINE_MASTER_v003, ViewLayer
00:13.890  render           | Engine: Workbench
00:13.937  render           | Saved: 'F:\pnpline-landing\hero-section-video\blockout\blockout-master-v003\preview\frames\frame-0283.png'
00:13.937  render           | Time: 00:00.05 (Saving: 00:00.02)
00:13.937  render           | Rendering frame 284
00:13.937  render           | Start rendering: PNPLINE_MASTER_v003, ViewLayer
00:13.937  render           | Engine: Workbench
00:14.015  render           | Saved: 'F:\pnpline-landing\hero-section-video\blockout\blockout-master-v003\preview\frames\frame-0284.png'
00:14.015  render           | Time: 00:00.07 (Saving: 00:00.02)
00:14.015  render           | Rendering frame 285
00:14.015  render           | Start rendering: PNPLINE_MASTER_v003, ViewLayer
00:14.015  render           | Engine: Workbench
00:14.062  render           | Saved: 'F:\pnpline-landing\hero-section-video\blockout\blockout-master-v003\preview\frames\frame-0285.png'
00:14.062  render           | Time: 00:00.04 (Saving: 00:00.02)
00:14.062  render           | Rendering frame 286
00:14.062  render           | Start rendering: PNPLINE_MASTER_v003, ViewLayer
00:14.062  render           | Engine: Workbench
00:14.109  render           | Saved: 'F:\pnpline-landing\hero-section-video\blockout\blockout-master-v003\preview\frames\frame-0286.png'
00:14.109  render           | Time: 00:00.04 (Saving: 00:00.02)
00:14.109  render           | Rendering frame 287
00:14.109  render           | Start rendering: PNPLINE_MASTER_v003, ViewLayer
00:14.109  render           | Engine: Workbench
00:14.156  render           | Saved: 'F:\pnpline-landing\hero-section-video\blockout\blockout-master-v003\preview\frames\frame-0287.png'
00:14.156  render           | Time: 00:00.04 (Saving: 00:00.02)
00:14.156  render           | Rendering frame 288
00:14.156  render           | Start rendering: PNPLINE_MASTER_v003, ViewLayer
00:14.156  render           | Engine: Workbench
00:14.203  render           | Saved: 'F:\pnpline-landing\hero-section-video\blockout\blockout-master-v003\preview\frames\frame-0288.png'
00:14.203  render           | Time: 00:00.04 (Saving: 00:00.02)
00:14.203  render           | Rendering frame 289
00:14.203  render           | Start rendering: PNPLINE_MASTER_v003, ViewLayer
00:14.203  render           | Engine: Workbench
00:14.250  render           | Saved: 'F:\pnpline-landing\hero-section-video\blockout\blockout-master-v003\preview\frames\frame-0289.png'
00:14.250  render           | Time: 00:00.04 (Saving: 00:00.02)
00:14.250  render           | Rendering frame 290
00:14.250  render           | Start rendering: PNPLINE_MASTER_v003, ViewLayer
00:14.250  render           | Engine: Workbench
00:14.297  render           | Saved: 'F:\pnpline-landing\hero-section-video\blockout\blockout-master-v003\preview\frames\frame-0290.png'
00:14.297  render           | Time: 00:00.04 (Saving: 00:00.02)
00:14.297  render           | Rendering frame 291
00:14.297  render           | Start rendering: PNPLINE_MASTER_v003, ViewLayer
00:14.297  render           | Engine: Workbench
00:14.328  render           | Saved: 'F:\pnpline-landing\hero-section-video\blockout\blockout-master-v003\preview\frames\frame-0291.png'
00:14.328  render           | Time: 00:00.04 (Saving: 00:00.02)
00:14.328  render           | Rendering frame 292
00:14.328  render           | Start rendering: PNPLINE_MASTER_v003, ViewLayer
00:14.328  render           | Engine: Workbench
00:14.390  render           | Saved: 'F:\pnpline-landing\hero-section-video\blockout\blockout-master-v003\preview\frames\frame-0292.png'
00:14.390  render           | Time: 00:00.04 (Saving: 00:00.02)
00:14.390  render           | Rendering frame 293
00:14.390  render           | Start rendering: PNPLINE_MASTER_v003, ViewLayer
00:14.390  render           | Engine: Workbench
00:14.437  render           | Saved: 'F:\pnpline-landing\hero-section-video\blockout\blockout-master-v003\preview\frames\frame-0293.png'
00:14.437  render           | Time: 00:00.04 (Saving: 00:00.02)
00:14.437  render           | Rendering frame 294
00:14.437  render           | Start rendering: PNPLINE_MASTER_v003, ViewLayer
00:14.437  render           | Engine: Workbench
00:14.484  render           | Saved: 'F:\pnpline-landing\hero-section-video\blockout\blockout-master-v003\preview\frames\frame-0294.png'
00:14.484  render           | Time: 00:00.04 (Saving: 00:00.02)
00:14.484  render           | Rendering frame 295
00:14.484  render           | Start rendering: PNPLINE_MASTER_v003, ViewLayer
00:14.484  render           | Engine: Workbench
00:14.531  render           | Saved: 'F:\pnpline-landing\hero-section-video\blockout\blockout-master-v003\preview\frames\frame-0295.png'
00:14.531  render           | Time: 00:00.04 (Saving: 00:00.02)
00:14.531  render           | Rendering frame 296
00:14.531  render           | Start rendering: PNPLINE_MASTER_v003, ViewLayer
00:14.531  render           | Engine: Workbench
00:14.562  render           | Saved: 'F:\pnpline-landing\hero-section-video\blockout\blockout-master-v003\preview\frames\frame-0296.png'
00:14.562  render           | Time: 00:00.04 (Saving: 00:00.02)
00:14.562  render           | Rendering frame 297
00:14.562  render           | Start rendering: PNPLINE_MASTER_v003, ViewLayer
00:14.562  render           | Engine: Workbench
00:14.609  render           | Saved: 'F:\pnpline-landing\hero-section-video\blockout\blockout-master-v003\preview\frames\frame-0297.png'
00:14.609  render           | Time: 00:00.04 (Saving: 00:00.02)
00:14.609  render           | Rendering frame 298
00:14.609  render           | Start rendering: PNPLINE_MASTER_v003, ViewLayer
00:14.609  render           | Engine: Workbench
00:14.656  render           | Saved: 'F:\pnpline-landing\hero-section-video\blockout\blockout-master-v003\preview\frames\frame-0298.png'
00:14.656  render           | Time: 00:00.04 (Saving: 00:00.02)
00:14.656  render           | Rendering frame 299
00:14.656  render           | Start rendering: PNPLINE_MASTER_v003, ViewLayer
00:14.656  render           | Engine: Workbench
00:14.687  render           | Saved: 'F:\pnpline-landing\hero-section-video\blockout\blockout-master-v003\preview\frames\frame-0299.png'
00:14.687  render           | Time: 00:00.04 (Saving: 00:00.02)
00:14.687  render           | Rendering frame 300
00:14.687  render           | Start rendering: PNPLINE_MASTER_v003, ViewLayer
00:14.687  render           | Engine: Workbench
00:14.734  render           | Saved: 'F:\pnpline-landing\hero-section-video\blockout\blockout-master-v003\preview\frames\frame-0300.png'
00:14.734  render           | Time: 00:00.04 (Saving: 00:00.02)
00:14.734  render           | Rendering frame 301
00:14.734  render           | Start rendering: PNPLINE_MASTER_v003, ViewLayer
00:14.734  render           | Engine: Workbench
00:14.781  render           | Saved: 'F:\pnpline-landing\hero-section-video\blockout\blockout-master-v003\preview\frames\frame-0301.png'
00:14.781  render           | Time: 00:00.04 (Saving: 00:00.02)
00:14.781  render           | Rendering frame 302
00:14.781  render           | Start rendering: PNPLINE_MASTER_v003, ViewLayer
00:14.781  render           | Engine: Workbench
00:14.828  render           | Saved: 'F:\pnpline-landing\hero-section-video\blockout\blockout-master-v003\preview\frames\frame-0302.png'
00:14.828  render           | Time: 00:00.04 (Saving: 00:00.02)
00:14.828  render           | Rendering frame 303
00:14.828  render           | Start rendering: PNPLINE_MASTER_v003, ViewLayer
00:14.828  render           | Engine: Workbench
00:14.875  render           | Saved: 'F:\pnpline-landing\hero-section-video\blockout\blockout-master-v003\preview\frames\frame-0303.png'
00:14.875  render           | Time: 00:00.04 (Saving: 00:00.01)
00:14.875  render           | Rendering frame 304
00:14.875  render           | Start rendering: PNPLINE_MASTER_v003, ViewLayer
00:14.875  render           | Engine: Workbench
00:14.922  render           | Saved: 'F:\pnpline-landing\hero-section-video\blockout\blockout-master-v003\preview\frames\frame-0304.png'
00:14.922  render           | Time: 00:00.04 (Saving: 00:00.02)
00:14.922  render           | Rendering frame 305
00:14.922  render           | Start rendering: PNPLINE_MASTER_v003, ViewLayer
00:14.922  render           | Engine: Workbench
00:14.953  render           | Saved: 'F:\pnpline-landing\hero-section-video\blockout\blockout-master-v003\preview\frames\frame-0305.png'
00:14.953  render           | Time: 00:00.04 (Saving: 00:00.02)
00:14.953  render           | Rendering frame 306
00:14.953  render           | Start rendering: PNPLINE_MASTER_v003, ViewLayer
00:14.953  render           | Engine: Workbench
00:15.000  render           | Saved: 'F:\pnpline-landing\hero-section-video\blockout\blockout-master-v003\preview\frames\frame-0306.png'
00:15.000  render           | Time: 00:00.04 (Saving: 00:00.01)
00:15.000  render           | Rendering frame 307
00:15.000  render           | Start rendering: PNPLINE_MASTER_v003, ViewLayer
00:15.000  render           | Engine: Workbench
00:15.047  render           | Saved: 'F:\pnpline-landing\hero-section-video\blockout\blockout-master-v003\preview\frames\frame-0307.png'
00:15.047  render           | Time: 00:00.04 (Saving: 00:00.02)
00:15.047  render           | Rendering frame 308
00:15.047  render           | Start rendering: PNPLINE_MASTER_v003, ViewLayer
00:15.047  render           | Engine: Workbench
00:15.078  render           | Saved: 'F:\pnpline-landing\hero-section-video\blockout\blockout-master-v003\preview\frames\frame-0308.png'
00:15.078  render           | Time: 00:00.04 (Saving: 00:00.02)
00:15.078  render           | Rendering frame 309
00:15.078  render           | Start rendering: PNPLINE_MASTER_v003, ViewLayer
00:15.078  render           | Engine: Workbench
00:15.125  render           | Saved: 'F:\pnpline-landing\hero-section-video\blockout\blockout-master-v003\preview\frames\frame-0309.png'
00:15.125  render           | Time: 00:00.04 (Saving: 00:00.01)
00:15.125  render           | Rendering frame 310
00:15.125  render           | Start rendering: PNPLINE_MASTER_v003, ViewLayer
00:15.125  render           | Engine: Workbench
00:15.172  render           | Saved: 'F:\pnpline-landing\hero-section-video\blockout\blockout-master-v003\preview\frames\frame-0310.png'
00:15.172  render           | Time: 00:00.03 (Saving: 00:00.02)
00:15.172  render           | Rendering frame 311
00:15.172  render           | Start rendering: PNPLINE_MASTER_v003, ViewLayer
00:15.172  render           | Engine: Workbench
00:15.203  render           | Saved: 'F:\pnpline-landing\hero-section-video\blockout\blockout-master-v003\preview\frames\frame-0311.png'
00:15.203  render           | Time: 00:00.04 (Saving: 00:00.02)
00:15.203  render           | Rendering frame 312
00:15.203  render           | Start rendering: PNPLINE_MASTER_v003, ViewLayer
00:15.203  render           | Engine: Workbench
00:15.250  render           | Saved: 'F:\pnpline-landing\hero-section-video\blockout\blockout-master-v003\preview\frames\frame-0312.png'
00:15.250  render           | Time: 00:00.04 (Saving: 00:00.02)
00:15.250  render           | Rendering frame 313
00:15.250  render           | Start rendering: PNPLINE_MASTER_v003, ViewLayer
00:15.250  render           | Engine: Workbench
00:15.297  render           | Saved: 'F:\pnpline-landing\hero-section-video\blockout\blockout-master-v003\preview\frames\frame-0313.png'
00:15.297  render           | Time: 00:00.04 (Saving: 00:00.02)
00:15.297  render           | Rendering frame 314
00:15.297  render           | Start rendering: PNPLINE_MASTER_v003, ViewLayer
00:15.297  render           | Engine: Workbench
00:15.343  render           | Saved: 'F:\pnpline-landing\hero-section-video\blockout\blockout-master-v003\preview\frames\frame-0314.png'
00:15.343  render           | Time: 00:00.04 (Saving: 00:00.02)
00:15.343  render           | Rendering frame 315
00:15.343  render           | Start rendering: PNPLINE_MASTER_v003, ViewLayer
00:15.343  render           | Engine: Workbench
00:15.375  render           | Saved: 'F:\pnpline-landing\hero-section-video\blockout\blockout-master-v003\preview\frames\frame-0315.png'
00:15.375  render           | Time: 00:00.04 (Saving: 00:00.02)
00:15.375  render           | Rendering frame 316
00:15.375  render           | Start rendering: PNPLINE_MASTER_v003, ViewLayer
00:15.375  render           | Engine: Workbench
00:15.422  render           | Saved: 'F:\pnpline-landing\hero-section-video\blockout\blockout-master-v003\preview\frames\frame-0316.png'
00:15.422  render           | Time: 00:00.04 (Saving: 00:00.02)
00:15.422  render           | Rendering frame 317
00:15.422  render           | Start rendering: PNPLINE_MASTER_v003, ViewLayer
00:15.422  render           | Engine: Workbench
00:15.468  render           | Saved: 'F:\pnpline-landing\hero-section-video\blockout\blockout-master-v003\preview\frames\frame-0317.png'
00:15.468  render           | Time: 00:00.04 (Saving: 00:00.02)
00:15.468  render           | Rendering frame 318
00:15.468  render           | Start rendering: PNPLINE_MASTER_v003, ViewLayer
00:15.468  render           | Engine: Workbench
00:15.500  render           | Saved: 'F:\pnpline-landing\hero-section-video\blockout\blockout-master-v003\preview\frames\frame-0318.png'
00:15.500  render           | Time: 00:00.03 (Saving: 00:00.01)
00:15.500  render           | Rendering frame 319
00:15.500  render           | Start rendering: PNPLINE_MASTER_v003, ViewLayer
00:15.500  render           | Engine: Workbench
00:15.547  render           | Saved: 'F:\pnpline-landing\hero-section-video\blockout\blockout-master-v003\preview\frames\frame-0319.png'
00:15.547  render           | Time: 00:00.03 (Saving: 00:00.01)
00:15.547  render           | Rendering frame 320
00:15.547  render           | Start rendering: PNPLINE_MASTER_v003, ViewLayer
00:15.547  render           | Engine: Workbench
00:15.578  render           | Saved: 'F:\pnpline-landing\hero-section-video\blockout\blockout-master-v003\preview\frames\frame-0320.png'
00:15.578  render           | Time: 00:00.04 (Saving: 00:00.02)
00:15.578  render           | Rendering frame 321
00:15.578  render           | Start rendering: PNPLINE_MASTER_v003, ViewLayer
00:15.578  render           | Engine: Workbench
00:15.625  render           | Saved: 'F:\pnpline-landing\hero-section-video\blockout\blockout-master-v003\preview\frames\frame-0321.png'
00:15.625  render           | Time: 00:00.03 (Saving: 00:00.01)
00:15.625  render           | Rendering frame 322
00:15.625  render           | Start rendering: PNPLINE_MASTER_v003, ViewLayer
00:15.625  render           | Engine: Workbench
00:15.656  render           | Saved: 'F:\pnpline-landing\hero-section-video\blockout\blockout-master-v003\preview\frames\frame-0322.png'
00:15.656  render           | Time: 00:00.04 (Saving: 00:00.01)
00:15.656  render           | Rendering frame 323
00:15.656  render           | Start rendering: PNPLINE_MASTER_v003, ViewLayer
00:15.656  render           | Engine: Workbench
00:15.703  render           | Saved: 'F:\pnpline-landing\hero-section-video\blockout\blockout-master-v003\preview\frames\frame-0323.png'
00:15.703  render           | Time: 00:00.04 (Saving: 00:00.02)
00:15.703  render           | Rendering frame 324
00:15.703  render           | Start rendering: PNPLINE_MASTER_v003, ViewLayer
00:15.703  render           | Engine: Workbench
00:15.750  render           | Saved: 'F:\pnpline-landing\hero-section-video\blockout\blockout-master-v003\preview\frames\frame-0324.png'
00:15.750  render           | Time: 00:00.04 (Saving: 00:00.02)
00:15.750  render           | Rendering frame 325
00:15.750  render           | Start rendering: PNPLINE_MASTER_v003, ViewLayer
00:15.750  render           | Engine: Workbench
00:15.797  render           | Saved: 'F:\pnpline-landing\hero-section-video\blockout\blockout-master-v003\preview\frames\frame-0325.png'
00:15.797  render           | Time: 00:00.04 (Saving: 00:00.02)
00:15.797  render           | Rendering frame 326
00:15.797  render           | Start rendering: PNPLINE_MASTER_v003, ViewLayer
00:15.797  render           | Engine: Workbench
00:15.828  render           | Saved: 'F:\pnpline-landing\hero-section-video\blockout\blockout-master-v003\preview\frames\frame-0326.png'
00:15.828  render           | Time: 00:00.04 (Saving: 00:00.02)
00:15.828  render           | Rendering frame 327
00:15.828  render           | Start rendering: PNPLINE_MASTER_v003, ViewLayer
00:15.828  render           | Engine: Workbench
00:15.875  render           | Saved: 'F:\pnpline-landing\hero-section-video\blockout\blockout-master-v003\preview\frames\frame-0327.png'
00:15.875  render           | Time: 00:00.04 (Saving: 00:00.02)
00:15.875  render           | Rendering frame 328
00:15.875  render           | Start rendering: PNPLINE_MASTER_v003, ViewLayer
00:15.875  render           | Engine: Workbench
00:15.922  render           | Saved: 'F:\pnpline-landing\hero-section-video\blockout\blockout-master-v003\preview\frames\frame-0328.png'
00:15.922  render           | Time: 00:00.04 (Saving: 00:00.02)
00:15.922  render           | Rendering frame 329
00:15.922  render           | Start rendering: PNPLINE_MASTER_v003, ViewLayer
00:15.922  render           | Engine: Workbench
00:15.968  render           | Saved: 'F:\pnpline-landing\hero-section-video\blockout\blockout-master-v003\preview\frames\frame-0329.png'
00:15.968  render           | Time: 00:00.04 (Saving: 00:00.02)
00:15.968  render           | Rendering frame 330
00:15.968  render           | Start rendering: PNPLINE_MASTER_v003, ViewLayer
00:15.968  render           | Engine: Workbench
00:16.000  render           | Saved: 'F:\pnpline-landing\hero-section-video\blockout\blockout-master-v003\preview\frames\frame-0330.png'
00:16.000  render           | Time: 00:00.04 (Saving: 00:00.02)
00:16.000  render           | Rendering frame 331
00:16.000  render           | Start rendering: PNPLINE_MASTER_v003, ViewLayer
00:16.000  render           | Engine: Workbench
00:16.047  render           | Saved: 'F:\pnpline-landing\hero-section-video\blockout\blockout-master-v003\preview\frames\frame-0331.png'
00:16.047  render           | Time: 00:00.04 (Saving: 00:00.02)
00:16.047  render           | Rendering frame 332
00:16.047  render           | Start rendering: PNPLINE_MASTER_v003, ViewLayer
00:16.047  render           | Engine: Workbench
00:16.093  render           | Saved: 'F:\pnpline-landing\hero-section-video\blockout\blockout-master-v003\preview\frames\frame-0332.png'
00:16.093  render           | Time: 00:00.04 (Saving: 00:00.01)
00:16.093  render           | Rendering frame 333
00:16.093  render           | Start rendering: PNPLINE_MASTER_v003, ViewLayer
00:16.093  render           | Engine: Workbench
00:16.125  render           | Saved: 'F:\pnpline-landing\hero-section-video\blockout\blockout-master-v003\preview\frames\frame-0333.png'
00:16.125  render           | Time: 00:00.04 (Saving: 00:00.02)
00:16.125  render           | Rendering frame 334
00:16.125  render           | Start rendering: PNPLINE_MASTER_v003, ViewLayer
00:16.125  render           | Engine: Workbench
00:16.172  render           | Saved: 'F:\pnpline-landing\hero-section-video\blockout\blockout-master-v003\preview\frames\frame-0334.png'
00:16.172  render           | Time: 00:00.03 (Saving: 00:00.01)
00:16.172  render           | Rendering frame 335
00:16.172  render           | Start rendering: PNPLINE_MASTER_v003, ViewLayer
00:16.172  render           | Engine: Workbench
00:16.218  render           | Saved: 'F:\pnpline-landing\hero-section-video\blockout\blockout-master-v003\preview\frames\frame-0335.png'
00:16.218  render           | Time: 00:00.04 (Saving: 00:00.02)
00:16.218  render           | Rendering frame 336
00:16.218  render           | Start rendering: PNPLINE_MASTER_v003, ViewLayer
00:16.218  render           | Engine: Workbench
00:16.250  render           | Saved: 'F:\pnpline-landing\hero-section-video\blockout\blockout-master-v003\preview\frames\frame-0336.png'
00:16.250  render           | Time: 00:00.04 (Saving: 00:00.02)
00:16.250  render           | Rendering frame 337
00:16.250  render           | Start rendering: PNPLINE_MASTER_v003, ViewLayer
00:16.250  render           | Engine: Workbench
00:16.297  render           | Saved: 'F:\pnpline-landing\hero-section-video\blockout\blockout-master-v003\preview\frames\frame-0337.png'
00:16.297  render           | Time: 00:00.03 (Saving: 00:00.02)
00:16.297  render           | Rendering frame 338
00:16.297  render           | Start rendering: PNPLINE_MASTER_v003, ViewLayer
00:16.297  render           | Engine: Workbench
00:16.328  render           | Saved: 'F:\pnpline-landing\hero-section-video\blockout\blockout-master-v003\preview\frames\frame-0338.png'
00:16.328  render           | Time: 00:00.03 (Saving: 00:00.01)
00:16.328  render           | Rendering frame 339
00:16.328  render           | Start rendering: PNPLINE_MASTER_v003, ViewLayer
00:16.328  render           | Engine: Workbench
00:16.375  render           | Saved: 'F:\pnpline-landing\hero-section-video\blockout\blockout-master-v003\preview\frames\frame-0339.png'
00:16.375  render           | Time: 00:00.04 (Saving: 00:00.02)
00:16.375  render           | Rendering frame 340
00:16.375  render           | Start rendering: PNPLINE_MASTER_v003, ViewLayer
00:16.375  render           | Engine: Workbench
00:16.422  render           | Saved: 'F:\pnpline-landing\hero-section-video\blockout\blockout-master-v003\preview\frames\frame-0340.png'
00:16.422  render           | Time: 00:00.04 (Saving: 00:00.02)
00:16.422  render           | Rendering frame 341
00:16.422  render           | Start rendering: PNPLINE_MASTER_v003, ViewLayer
00:16.422  render           | Engine: Workbench
00:16.453  render           | Saved: 'F:\pnpline-landing\hero-section-video\blockout\blockout-master-v003\preview\frames\frame-0341.png'
00:16.453  render           | Time: 00:00.04 (Saving: 00:00.02)
00:16.453  render           | Rendering frame 342
00:16.453  render           | Start rendering: PNPLINE_MASTER_v003, ViewLayer
00:16.453  render           | Engine: Workbench
00:16.515  render           | Saved: 'F:\pnpline-landing\hero-section-video\blockout\blockout-master-v003\preview\frames\frame-0342.png'
00:16.515  render           | Time: 00:00.04 (Saving: 00:00.02)
00:16.515  render           | Rendering frame 343
00:16.515  render           | Start rendering: PNPLINE_MASTER_v003, ViewLayer
00:16.515  render           | Engine: Workbench
00:16.562  render           | Saved: 'F:\pnpline-landing\hero-section-video\blockout\blockout-master-v003\preview\frames\frame-0343.png'
00:16.562  render           | Time: 00:00.04 (Saving: 00:00.02)
00:16.562  render           | Rendering frame 344
00:16.562  render           | Start rendering: PNPLINE_MASTER_v003, ViewLayer
00:16.562  render           | Engine: Workbench
00:16.593  render           | Saved: 'F:\pnpline-landing\hero-section-video\blockout\blockout-master-v003\preview\frames\frame-0344.png'
00:16.593  render           | Time: 00:00.04 (Saving: 00:00.02)
00:16.593  render           | Rendering frame 345
00:16.593  render           | Start rendering: PNPLINE_MASTER_v003, ViewLayer
00:16.593  render           | Engine: Workbench
00:16.640  render           | Saved: 'F:\pnpline-landing\hero-section-video\blockout\blockout-master-v003\preview\frames\frame-0345.png'
00:16.640  render           | Time: 00:00.04 (Saving: 00:00.02)
00:16.640  render           | Rendering frame 346
00:16.640  render           | Start rendering: PNPLINE_MASTER_v003, ViewLayer
00:16.640  render           | Engine: Workbench
00:16.687  render           | Saved: 'F:\pnpline-landing\hero-section-video\blockout\blockout-master-v003\preview\frames\frame-0346.png'
00:16.687  render           | Time: 00:00.04 (Saving: 00:00.02)
00:16.687  render           | Rendering frame 347
00:16.687  render           | Start rendering: PNPLINE_MASTER_v003, ViewLayer
00:16.687  render           | Engine: Workbench
00:16.718  render           | Saved: 'F:\pnpline-landing\hero-section-video\blockout\blockout-master-v003\preview\frames\frame-0347.png'
00:16.718  render           | Time: 00:00.04 (Saving: 00:00.02)
00:16.718  render           | Rendering frame 348
00:16.718  render           | Start rendering: PNPLINE_MASTER_v003, ViewLayer
00:16.718  render           | Engine: Workbench
00:16.765  render           | Saved: 'F:\pnpline-landing\hero-section-video\blockout\blockout-master-v003\preview\frames\frame-0348.png'
00:16.765  render           | Time: 00:00.04 (Saving: 00:00.02)
00:16.765  render           | Rendering frame 349
00:16.765  render           | Start rendering: PNPLINE_MASTER_v003, ViewLayer
00:16.765  render           | Engine: Workbench
00:16.812  render           | Saved: 'F:\pnpline-landing\hero-section-video\blockout\blockout-master-v003\preview\frames\frame-0349.png'
00:16.812  render           | Time: 00:00.04 (Saving: 00:00.02)
00:16.812  render           | Rendering frame 350
00:16.812  render           | Start rendering: PNPLINE_MASTER_v003, ViewLayer
00:16.812  render           | Engine: Workbench
00:16.859  render           | Saved: 'F:\pnpline-landing\hero-section-video\blockout\blockout-master-v003\preview\frames\frame-0350.png'
00:16.859  render           | Time: 00:00.04 (Saving: 00:00.02)
00:16.859  render           | Rendering frame 351
00:16.859  render           | Start rendering: PNPLINE_MASTER_v003, ViewLayer
00:16.859  render           | Engine: Workbench
00:16.906  render           | Saved: 'F:\pnpline-landing\hero-section-video\blockout\blockout-master-v003\preview\frames\frame-0351.png'
00:16.906  render           | Time: 00:00.04 (Saving: 00:00.02)
00:16.906  render           | Rendering frame 352
00:16.906  render           | Start rendering: PNPLINE_MASTER_v003, ViewLayer
00:16.906  render           | Engine: Workbench
00:16.953  render           | Saved: 'F:\pnpline-landing\hero-section-video\blockout\blockout-master-v003\preview\frames\frame-0352.png'
00:16.953  render           | Time: 00:00.04 (Saving: 00:00.02)
00:16.953  render           | Rendering frame 353
00:16.953  render           | Start rendering: PNPLINE_MASTER_v003, ViewLayer
00:16.953  render           | Engine: Workbench
00:17.000  render           | Saved: 'F:\pnpline-landing\hero-section-video\blockout\blockout-master-v003\preview\frames\frame-0353.png'
00:17.000  render           | Time: 00:00.04 (Saving: 00:00.02)
00:17.000  render           | Rendering frame 354
00:17.000  render           | Start rendering: PNPLINE_MASTER_v003, ViewLayer
00:17.000  render           | Engine: Workbench
00:17.047  render           | Saved: 'F:\pnpline-landing\hero-section-video\blockout\blockout-master-v003\preview\frames\frame-0354.png'
00:17.047  render           | Time: 00:00.04 (Saving: 00:00.02)
00:17.047  render           | Rendering frame 355
00:17.047  render           | Start rendering: PNPLINE_MASTER_v003, ViewLayer
00:17.047  render           | Engine: Workbench
00:17.093  render           | Saved: 'F:\pnpline-landing\hero-section-video\blockout\blockout-master-v003\preview\frames\frame-0355.png'
00:17.093  render           | Time: 00:00.04 (Saving: 00:00.02)
00:17.093  render           | Rendering frame 356
00:17.093  render           | Start rendering: PNPLINE_MASTER_v003, ViewLayer
00:17.093  render           | Engine: Workbench
00:17.140  render           | Saved: 'F:\pnpline-landing\hero-section-video\blockout\blockout-master-v003\preview\frames\frame-0356.png'
00:17.140  render           | Time: 00:00.05 (Saving: 00:00.02)
00:17.140  render           | Rendering frame 357
00:17.140  render           | Start rendering: PNPLINE_MASTER_v003, ViewLayer
00:17.140  render           | Engine: Workbench
00:17.187  render           | Saved: 'F:\pnpline-landing\hero-section-video\blockout\blockout-master-v003\preview\frames\frame-0357.png'
00:17.187  render           | Time: 00:00.04 (Saving: 00:00.02)
00:17.187  render           | Rendering frame 358
00:17.187  render           | Start rendering: PNPLINE_MASTER_v003, ViewLayer
00:17.187  render           | Engine: Workbench
00:17.250  render           | Saved: 'F:\pnpline-landing\hero-section-video\blockout\blockout-master-v003\preview\frames\frame-0358.png'
00:17.250  render           | Time: 00:00.05 (Saving: 00:00.02)
00:17.250  render           | Rendering frame 359
00:17.250  render           | Start rendering: PNPLINE_MASTER_v003, ViewLayer
00:17.250  render           | Engine: Workbench
00:17.297  render           | Saved: 'F:\pnpline-landing\hero-section-video\blockout\blockout-master-v003\preview\frames\frame-0359.png'
00:17.297  render           | Time: 00:00.04 (Saving: 00:00.02)
00:17.297  render           | Rendering frame 360
00:17.297  render           | Start rendering: PNPLINE_MASTER_v003, ViewLayer
00:17.297  render           | Engine: Workbench
00:17.343  render           | Saved: 'F:\pnpline-landing\hero-section-video\blockout\blockout-master-v003\preview\frames\frame-0360.png'
00:17.343  render           | Time: 00:00.05 (Saving: 00:00.02)
00:17.343  render           | Rendering frame 361
00:17.343  render           | Start rendering: PNPLINE_MASTER_v003, ViewLayer
00:17.343  render           | Engine: Workbench
00:17.390  render           | Saved: 'F:\pnpline-landing\hero-section-video\blockout\blockout-master-v003\preview\frames\frame-0361.png'
00:17.390  render           | Time: 00:00.05 (Saving: 00:00.02)
00:17.390  render           | Rendering frame 362
00:17.390  render           | Start rendering: PNPLINE_MASTER_v003, ViewLayer
00:17.390  render           | Engine: Workbench
00:17.453  render           | Saved: 'F:\pnpline-landing\hero-section-video\blockout\blockout-master-v003\preview\frames\frame-0362.png'
00:17.453  render           | Time: 00:00.05 (Saving: 00:00.02)
00:17.453  render           | Rendering frame 363
00:17.453  render           | Start rendering: PNPLINE_MASTER_v003, ViewLayer
00:17.453  render           | Engine: Workbench
00:17.500  render           | Saved: 'F:\pnpline-landing\hero-section-video\blockout\blockout-master-v003\preview\frames\frame-0363.png'
00:17.500  render           | Time: 00:00.05 (Saving: 00:00.02)
00:17.500  render           | Rendering frame 364
00:17.500  render           | Start rendering: PNPLINE_MASTER_v003, ViewLayer
00:17.500  render           | Engine: Workbench
00:17.547  render           | Saved: 'F:\pnpline-landing\hero-section-video\blockout\blockout-master-v003\preview\frames\frame-0364.png'
00:17.547  render           | Time: 00:00.04 (Saving: 00:00.02)
00:17.547  render           | Rendering frame 365
00:17.547  render           | Start rendering: PNPLINE_MASTER_v003, ViewLayer
00:17.547  render           | Engine: Workbench
00:17.593  render           | Saved: 'F:\pnpline-landing\hero-section-video\blockout\blockout-master-v003\preview\frames\frame-0365.png'
00:17.593  render           | Time: 00:00.04 (Saving: 00:00.02)
00:17.593  render           | Rendering frame 366
00:17.593  render           | Start rendering: PNPLINE_MASTER_v003, ViewLayer
00:17.593  render           | Engine: Workbench
00:17.640  render           | Saved: 'F:\pnpline-landing\hero-section-video\blockout\blockout-master-v003\preview\frames\frame-0366.png'
00:17.640  render           | Time: 00:00.04 (Saving: 00:00.02)
00:17.640  render           | Rendering frame 367
00:17.640  render           | Start rendering: PNPLINE_MASTER_v003, ViewLayer
00:17.640  render           | Engine: Workbench
00:17.703  render           | Saved: 'F:\pnpline-landing\hero-section-video\blockout\blockout-master-v003\preview\frames\frame-0367.png'
00:17.703  render           | Time: 00:00.05 (Saving: 00:00.02)
00:17.703  render           | Rendering frame 368
00:17.703  render           | Start rendering: PNPLINE_MASTER_v003, ViewLayer
00:17.703  render           | Engine: Workbench
00:17.750  render           | Saved: 'F:\pnpline-landing\hero-section-video\blockout\blockout-master-v003\preview\frames\frame-0368.png'
00:17.750  render           | Time: 00:00.05 (Saving: 00:00.02)
00:17.750  render           | Rendering frame 369
00:17.750  render           | Start rendering: PNPLINE_MASTER_v003, ViewLayer
00:17.750  render           | Engine: Workbench
00:17.797  render           | Saved: 'F:\pnpline-landing\hero-section-video\blockout\blockout-master-v003\preview\frames\frame-0369.png'
00:17.797  render           | Time: 00:00.04 (Saving: 00:00.02)
00:17.797  render           | Rendering frame 370
00:17.797  render           | Start rendering: PNPLINE_MASTER_v003, ViewLayer
00:17.797  render           | Engine: Workbench
00:17.843  render           | Saved: 'F:\pnpline-landing\hero-section-video\blockout\blockout-master-v003\preview\frames\frame-0370.png'
00:17.843  render           | Time: 00:00.04 (Saving: 00:00.02)
00:17.843  render           | Rendering frame 371
00:17.843  render           | Start rendering: PNPLINE_MASTER_v003, ViewLayer
00:17.843  render           | Engine: Workbench
00:17.890  render           | Saved: 'F:\pnpline-landing\hero-section-video\blockout\blockout-master-v003\preview\frames\frame-0371.png'
00:17.890  render           | Time: 00:00.04 (Saving: 00:00.02)
00:17.890  render           | Rendering frame 372
00:17.890  render           | Start rendering: PNPLINE_MASTER_v003, ViewLayer
00:17.890  render           | Engine: Workbench
00:17.937  render           | Saved: 'F:\pnpline-landing\hero-section-video\blockout\blockout-master-v003\preview\frames\frame-0372.png'
00:17.937  render           | Time: 00:00.04 (Saving: 00:00.02)
00:17.937  render           | Rendering frame 373
00:17.937  render           | Start rendering: PNPLINE_MASTER_v003, ViewLayer
00:17.937  render           | Engine: Workbench
00:18.000  render           | Saved: 'F:\pnpline-landing\hero-section-video\blockout\blockout-master-v003\preview\frames\frame-0373.png'
00:18.000  render           | Time: 00:00.04 (Saving: 00:00.02)
00:18.000  render           | Rendering frame 374
00:18.000  render           | Start rendering: PNPLINE_MASTER_v003, ViewLayer
00:18.000  render           | Engine: Workbench
00:18.047  render           | Saved: 'F:\pnpline-landing\hero-section-video\blockout\blockout-master-v003\preview\frames\frame-0374.png'
00:18.047  render           | Time: 00:00.04 (Saving: 00:00.02)
00:18.047  render           | Rendering frame 375
00:18.047  render           | Start rendering: PNPLINE_MASTER_v003, ViewLayer
00:18.047  render           | Engine: Workbench
00:18.109  render           | Saved: 'F:\pnpline-landing\hero-section-video\blockout\blockout-master-v003\preview\frames\frame-0375.png'
00:18.109  render           | Time: 00:00.06 (Saving: 00:00.02)
00:18.109  render           | Rendering frame 376
00:18.109  render           | Start rendering: PNPLINE_MASTER_v003, ViewLayer
00:18.109  render           | Engine: Workbench
00:18.203  render           | Saved: 'F:\pnpline-landing\hero-section-video\blockout\blockout-master-v003\preview\frames\frame-0376.png'
00:18.203  render           | Time: 00:00.09 (Saving: 00:00.02)
00:18.203  render           | Rendering frame 377
00:18.203  render           | Start rendering: PNPLINE_MASTER_v003, ViewLayer
00:18.203  render           | Engine: Workbench
00:18.281  render           | Saved: 'F:\pnpline-landing\hero-section-video\blockout\blockout-master-v003\preview\frames\frame-0377.png'
00:18.281  render           | Time: 00:00.08 (Saving: 00:00.02)
00:18.281  render           | Rendering frame 378
00:18.281  render           | Start rendering: PNPLINE_MASTER_v003, ViewLayer
00:18.281  render           | Engine: Workbench
00:18.359  render           | Saved: 'F:\pnpline-landing\hero-section-video\blockout\blockout-master-v003\preview\frames\frame-0378.png'
00:18.359  render           | Time: 00:00.08 (Saving: 00:00.02)
00:18.359  render           | Rendering frame 379
00:18.359  render           | Start rendering: PNPLINE_MASTER_v003, ViewLayer
00:18.359  render           | Engine: Workbench
00:18.422  render           | Saved: 'F:\pnpline-landing\hero-section-video\blockout\blockout-master-v003\preview\frames\frame-0379.png'
00:18.422  render           | Time: 00:00.04 (Saving: 00:00.02)
00:18.422  render           | Rendering frame 380
00:18.422  render           | Start rendering: PNPLINE_MASTER_v003, ViewLayer
00:18.422  render           | Engine: Workbench
00:18.468  render           | Saved: 'F:\pnpline-landing\hero-section-video\blockout\blockout-master-v003\preview\frames\frame-0380.png'
00:18.468  render           | Time: 00:00.05 (Saving: 00:00.02)
00:18.468  render           | Rendering frame 381
00:18.468  render           | Start rendering: PNPLINE_MASTER_v003, ViewLayer
00:18.468  render           | Engine: Workbench
00:18.515  render           | Saved: 'F:\pnpline-landing\hero-section-video\blockout\blockout-master-v003\preview\frames\frame-0381.png'
00:18.515  render           | Time: 00:00.04 (Saving: 00:00.02)
00:18.515  render           | Rendering frame 382
00:18.515  render           | Start rendering: PNPLINE_MASTER_v003, ViewLayer
00:18.515  render           | Engine: Workbench
00:18.547  render           | Saved: 'F:\pnpline-landing\hero-section-video\blockout\blockout-master-v003\preview\frames\frame-0382.png'
00:18.547  render           | Time: 00:00.04 (Saving: 00:00.02)
00:18.547  render           | Rendering frame 383
00:18.547  render           | Start rendering: PNPLINE_MASTER_v003, ViewLayer
00:18.547  render           | Engine: Workbench
00:18.593  render           | Saved: 'F:\pnpline-landing\hero-section-video\blockout\blockout-master-v003\preview\frames\frame-0383.png'
00:18.593  render           | Time: 00:00.04 (Saving: 00:00.02)
00:18.593  render           | Rendering frame 384
00:18.593  render           | Start rendering: PNPLINE_MASTER_v003, ViewLayer
00:18.593  render           | Engine: Workbench
00:18.625  render           | Saved: 'F:\pnpline-landing\hero-section-video\blockout\blockout-master-v003\preview\frames\frame-0384.png'
00:18.625  render           | Time: 00:00.04 (Saving: 00:00.02)
00:18.625  render           | Rendering frame 385
00:18.625  render           | Start rendering: PNPLINE_MASTER_v003, ViewLayer
00:18.625  render           | Engine: Workbench
00:18.672  render           | Saved: 'F:\pnpline-landing\hero-section-video\blockout\blockout-master-v003\preview\frames\frame-0385.png'
00:18.672  render           | Time: 00:00.04 (Saving: 00:00.02)
00:18.672  render           | Rendering frame 386
00:18.672  render           | Start rendering: PNPLINE_MASTER_v003, ViewLayer
00:18.672  render           | Engine: Workbench
00:18.703  render           | Saved: 'F:\pnpline-landing\hero-section-video\blockout\blockout-master-v003\preview\frames\frame-0386.png'
00:18.703  render           | Time: 00:00.04 (Saving: 00:00.02)
00:18.703  render           | Rendering frame 387
00:18.718  render           | Start rendering: PNPLINE_MASTER_v003, ViewLayer
00:18.718  render           | Engine: Workbench
00:18.750  render           | Saved: 'F:\pnpline-landing\hero-section-video\blockout\blockout-master-v003\preview\frames\frame-0387.png'
00:18.750  render           | Time: 00:00.04 (Saving: 00:00.02)
00:18.750  render           | Rendering frame 388
00:18.750  render           | Start rendering: PNPLINE_MASTER_v003, ViewLayer
00:18.750  render           | Engine: Workbench
00:18.797  render           | Saved: 'F:\pnpline-landing\hero-section-video\blockout\blockout-master-v003\preview\frames\frame-0388.png'
00:18.797  render           | Time: 00:00.04 (Saving: 00:00.02)
00:18.797  render           | Rendering frame 389
00:18.797  render           | Start rendering: PNPLINE_MASTER_v003, ViewLayer
00:18.797  render           | Engine: Workbench
00:18.828  render           | Saved: 'F:\pnpline-landing\hero-section-video\blockout\blockout-master-v003\preview\frames\frame-0389.png'
00:18.828  render           | Time: 00:00.04 (Saving: 00:00.02)
00:18.828  render           | Rendering frame 390
00:18.828  render           | Start rendering: PNPLINE_MASTER_v003, ViewLayer
00:18.828  render           | Engine: Workbench
00:18.875  render           | Saved: 'F:\pnpline-landing\hero-section-video\blockout\blockout-master-v003\preview\frames\frame-0390.png'
00:18.875  render           | Time: 00:00.04 (Saving: 00:00.02)
00:18.875  render           | Rendering frame 391
00:18.875  render           | Start rendering: PNPLINE_MASTER_v003, ViewLayer
00:18.875  render           | Engine: Workbench
00:18.922  render           | Saved: 'F:\pnpline-landing\hero-section-video\blockout\blockout-master-v003\preview\frames\frame-0391.png'
00:18.922  render           | Time: 00:00.04 (Saving: 00:00.01)
00:18.922  render           | Rendering frame 392
00:18.922  render           | Start rendering: PNPLINE_MASTER_v003, ViewLayer
00:18.922  render           | Engine: Workbench
00:18.968  render           | Saved: 'F:\pnpline-landing\hero-section-video\blockout\blockout-master-v003\preview\frames\frame-0392.png'
00:18.968  render           | Time: 00:00.04 (Saving: 00:00.02)
00:18.968  render           | Rendering frame 393
00:18.968  render           | Start rendering: PNPLINE_MASTER_v003, ViewLayer
00:18.968  render           | Engine: Workbench
00:19.000  render           | Saved: 'F:\pnpline-landing\hero-section-video\blockout\blockout-master-v003\preview\frames\frame-0393.png'
00:19.000  render           | Time: 00:00.03 (Saving: 00:00.02)
00:19.000  render           | Rendering frame 394
00:19.000  render           | Start rendering: PNPLINE_MASTER_v003, ViewLayer
00:19.000  render           | Engine: Workbench
00:19.047  render           | Saved: 'F:\pnpline-landing\hero-section-video\blockout\blockout-master-v003\preview\frames\frame-0394.png'
00:19.047  render           | Time: 00:00.04 (Saving: 00:00.02)
00:19.047  render           | Rendering frame 395
00:19.047  render           | Start rendering: PNPLINE_MASTER_v003, ViewLayer
00:19.047  render           | Engine: Workbench
00:19.078  render           | Saved: 'F:\pnpline-landing\hero-section-video\blockout\blockout-master-v003\preview\frames\frame-0395.png'
00:19.078  render           | Time: 00:00.04 (Saving: 00:00.02)
00:19.078  render           | Rendering frame 396
00:19.078  render           | Start rendering: PNPLINE_MASTER_v003, ViewLayer
00:19.078  render           | Engine: Workbench
00:19.125  render           | Saved: 'F:\pnpline-landing\hero-section-video\blockout\blockout-master-v003\preview\frames\frame-0396.png'
00:19.125  render           | Time: 00:00.04 (Saving: 00:00.02)
00:19.125  render           | Rendering frame 397
00:19.125  render           | Start rendering: PNPLINE_MASTER_v003, ViewLayer
00:19.125  render           | Engine: Workbench
00:19.172  render           | Saved: 'F:\pnpline-landing\hero-section-video\blockout\blockout-master-v003\preview\frames\frame-0397.png'
00:19.172  render           | Time: 00:00.04 (Saving: 00:00.02)
00:19.172  render           | Rendering frame 398
00:19.172  render           | Start rendering: PNPLINE_MASTER_v003, ViewLayer
00:19.172  render           | Engine: Workbench
00:19.218  render           | Saved: 'F:\pnpline-landing\hero-section-video\blockout\blockout-master-v003\preview\frames\frame-0398.png'
00:19.218  render           | Time: 00:00.04 (Saving: 00:00.02)
00:19.218  render           | Rendering frame 399
00:19.218  render           | Start rendering: PNPLINE_MASTER_v003, ViewLayer
00:19.218  render           | Engine: Workbench
00:19.265  render           | Saved: 'F:\pnpline-landing\hero-section-video\blockout\blockout-master-v003\preview\frames\frame-0399.png'
00:19.265  render           | Time: 00:00.04 (Saving: 00:00.02)
00:19.265  render           | Rendering frame 400
00:19.265  render           | Start rendering: PNPLINE_MASTER_v003, ViewLayer
00:19.265  render           | Engine: Workbench
00:19.312  render           | Saved: 'F:\pnpline-landing\hero-section-video\blockout\blockout-master-v003\preview\frames\frame-0400.png'
00:19.312  render           | Time: 00:00.04 (Saving: 00:00.02)
00:19.312  render           | Rendering frame 401
00:19.312  render           | Start rendering: PNPLINE_MASTER_v003, ViewLayer
00:19.312  render           | Engine: Workbench
00:19.359  render           | Saved: 'F:\pnpline-landing\hero-section-video\blockout\blockout-master-v003\preview\frames\frame-0401.png'
00:19.359  render           | Time: 00:00.04 (Saving: 00:00.02)
00:19.359  render           | Rendering frame 402
00:19.359  render           | Start rendering: PNPLINE_MASTER_v003, ViewLayer
00:19.359  render           | Engine: Workbench
00:19.406  render           | Saved: 'F:\pnpline-landing\hero-section-video\blockout\blockout-master-v003\preview\frames\frame-0402.png'
00:19.406  render           | Time: 00:00.04 (Saving: 00:00.02)
00:19.406  render           | Rendering frame 403
00:19.406  render           | Start rendering: PNPLINE_MASTER_v003, ViewLayer
00:19.406  render           | Engine: Workbench
00:19.437  render           | Saved: 'F:\pnpline-landing\hero-section-video\blockout\blockout-master-v003\preview\frames\frame-0403.png'
00:19.437  render           | Time: 00:00.04 (Saving: 00:00.02)
00:19.437  render           | Rendering frame 404
00:19.437  render           | Start rendering: PNPLINE_MASTER_v003, ViewLayer
00:19.437  render           | Engine: Workbench
00:19.484  render           | Saved: 'F:\pnpline-landing\hero-section-video\blockout\blockout-master-v003\preview\frames\frame-0404.png'
00:19.484  render           | Time: 00:00.04 (Saving: 00:00.02)
00:19.484  render           | Rendering frame 405
00:19.484  render           | Start rendering: PNPLINE_MASTER_v003, ViewLayer
00:19.484  render           | Engine: Workbench
00:19.515  render           | Saved: 'F:\pnpline-landing\hero-section-video\blockout\blockout-master-v003\preview\frames\frame-0405.png'
00:19.515  render           | Time: 00:00.04 (Saving: 00:00.02)
00:19.515  render           | Rendering frame 406
00:19.515  render           | Start rendering: PNPLINE_MASTER_v003, ViewLayer
00:19.515  render           | Engine: Workbench
00:19.562  render           | Saved: 'F:\pnpline-landing\hero-section-video\blockout\blockout-master-v003\preview\frames\frame-0406.png'
00:19.562  render           | Time: 00:00.04 (Saving: 00:00.02)
00:19.562  render           | Rendering frame 407
00:19.562  render           | Start rendering: PNPLINE_MASTER_v003, ViewLayer
00:19.562  render           | Engine: Workbench
00:19.609  render           | Saved: 'F:\pnpline-landing\hero-section-video\blockout\blockout-master-v003\preview\frames\frame-0407.png'
00:19.609  render           | Time: 00:00.04 (Saving: 00:00.02)
00:19.609  render           | Rendering frame 408
00:19.609  render           | Start rendering: PNPLINE_MASTER_v003, ViewLayer
00:19.609  render           | Engine: Workbench
00:19.640  render           | Saved: 'F:\pnpline-landing\hero-section-video\blockout\blockout-master-v003\preview\frames\frame-0408.png'
00:19.640  render           | Time: 00:00.04 (Saving: 00:00.02)
00:19.640  render           | Rendering frame 409
00:19.640  render           | Start rendering: PNPLINE_MASTER_v003, ViewLayer
00:19.640  render           | Engine: Workbench
00:19.687  render           | Saved: 'F:\pnpline-landing\hero-section-video\blockout\blockout-master-v003\preview\frames\frame-0409.png'
00:19.687  render           | Time: 00:00.04 (Saving: 00:00.02)
00:19.687  render           | Rendering frame 410
00:19.687  render           | Start rendering: PNPLINE_MASTER_v003, ViewLayer
00:19.687  render           | Engine: Workbench
00:19.734  render           | Saved: 'F:\pnpline-landing\hero-section-video\blockout\blockout-master-v003\preview\frames\frame-0410.png'
00:19.734  render           | Time: 00:00.04 (Saving: 00:00.02)
00:19.734  render           | Rendering frame 411
00:19.734  render           | Start rendering: PNPLINE_MASTER_v003, ViewLayer
00:19.734  render           | Engine: Workbench
00:19.765  render           | Saved: 'F:\pnpline-landing\hero-section-video\blockout\blockout-master-v003\preview\frames\frame-0411.png'
00:19.765  render           | Time: 00:00.04 (Saving: 00:00.02)
00:19.765  render           | Rendering frame 412
00:19.765  render           | Start rendering: PNPLINE_MASTER_v003, ViewLayer
00:19.765  render           | Engine: Workbench
00:19.812  render           | Saved: 'F:\pnpline-landing\hero-section-video\blockout\blockout-master-v003\preview\frames\frame-0412.png'
00:19.812  render           | Time: 00:00.04 (Saving: 00:00.02)
00:19.812  render           | Rendering frame 413
00:19.812  render           | Start rendering: PNPLINE_MASTER_v003, ViewLayer
00:19.812  render           | Engine: Workbench
00:19.859  render           | Saved: 'F:\pnpline-landing\hero-section-video\blockout\blockout-master-v003\preview\frames\frame-0413.png'
00:19.859  render           | Time: 00:00.04 (Saving: 00:00.02)
00:19.859  render           | Rendering frame 414
00:19.859  render           | Start rendering: PNPLINE_MASTER_v003, ViewLayer
00:19.859  render           | Engine: Workbench
00:19.890  render           | Saved: 'F:\pnpline-landing\hero-section-video\blockout\blockout-master-v003\preview\frames\frame-0414.png'
00:19.890  render           | Time: 00:00.04 (Saving: 00:00.02)
00:19.890  render           | Rendering frame 415
00:19.890  render           | Start rendering: PNPLINE_MASTER_v003, ViewLayer
00:19.890  render           | Engine: Workbench
00:19.937  render           | Saved: 'F:\pnpline-landing\hero-section-video\blockout\blockout-master-v003\preview\frames\frame-0415.png'
00:19.937  render           | Time: 00:00.04 (Saving: 00:00.02)
00:19.937  render           | Rendering frame 416
00:19.937  render           | Start rendering: PNPLINE_MASTER_v003, ViewLayer
00:19.937  render           | Engine: Workbench
00:19.984  render           | Saved: 'F:\pnpline-landing\hero-section-video\blockout\blockout-master-v003\preview\frames\frame-0416.png'
00:19.984  render           | Time: 00:00.04 (Saving: 00:00.01)
00:19.984  render           | Rendering frame 417
00:19.984  render           | Start rendering: PNPLINE_MASTER_v003, ViewLayer
00:19.984  render           | Engine: Workbench
00:20.015  render           | Saved: 'F:\pnpline-landing\hero-section-video\blockout\blockout-master-v003\preview\frames\frame-0417.png'
00:20.015  render           | Time: 00:00.03 (Saving: 00:00.01)
00:20.015  render           | Rendering frame 418
00:20.015  render           | Start rendering: PNPLINE_MASTER_v003, ViewLayer
00:20.015  render           | Engine: Workbench
00:20.062  render           | Saved: 'F:\pnpline-landing\hero-section-video\blockout\blockout-master-v003\preview\frames\frame-0418.png'
00:20.062  render           | Time: 00:00.04 (Saving: 00:00.02)
00:20.062  render           | Rendering frame 419
00:20.062  render           | Start rendering: PNPLINE_MASTER_v003, ViewLayer
00:20.062  render           | Engine: Workbench
00:20.093  render           | Saved: 'F:\pnpline-landing\hero-section-video\blockout\blockout-master-v003\preview\frames\frame-0419.png'
00:20.093  render           | Time: 00:00.03 (Saving: 00:00.01)
00:20.093  render           | Rendering frame 420
00:20.093  render           | Start rendering: PNPLINE_MASTER_v003, ViewLayer
00:20.093  render           | Engine: Workbench
00:20.140  render           | Saved: 'F:\pnpline-landing\hero-section-video\blockout\blockout-master-v003\preview\frames\frame-0420.png'
00:20.140  render           | Time: 00:00.04 (Saving: 00:00.02)
00:20.140  render           | Rendering frame 421
00:20.140  render           | Start rendering: PNPLINE_MASTER_v003, ViewLayer
00:20.140  render           | Engine: Workbench
00:20.172  render           | Saved: 'F:\pnpline-landing\hero-section-video\blockout\blockout-master-v003\preview\frames\frame-0421.png'
00:20.172  render           | Time: 00:00.03 (Saving: 00:00.01)
00:20.172  render           | Rendering frame 422
00:20.172  render           | Start rendering: PNPLINE_MASTER_v003, ViewLayer
00:20.172  render           | Engine: Workbench
00:20.218  render           | Saved: 'F:\pnpline-landing\hero-section-video\blockout\blockout-master-v003\preview\frames\frame-0422.png'
00:20.218  render           | Time: 00:00.04 (Saving: 00:00.01)
00:20.218  render           | Rendering frame 423
00:20.218  render           | Start rendering: PNPLINE_MASTER_v003, ViewLayer
00:20.218  render           | Engine: Workbench
00:20.265  render           | Saved: 'F:\pnpline-landing\hero-section-video\blockout\blockout-master-v003\preview\frames\frame-0423.png'
00:20.265  render           | Time: 00:00.04 (Saving: 00:00.01)
00:20.265  render           | Rendering frame 424
00:20.265  render           | Start rendering: PNPLINE_MASTER_v003, ViewLayer
00:20.265  render           | Engine: Workbench
00:20.297  render           | Saved: 'F:\pnpline-landing\hero-section-video\blockout\blockout-master-v003\preview\frames\frame-0424.png'
00:20.297  render           | Time: 00:00.03 (Saving: 00:00.01)
00:20.297  render           | Rendering frame 425
00:20.297  render           | Start rendering: PNPLINE_MASTER_v003, ViewLayer
00:20.297  render           | Engine: Workbench
00:20.343  render           | Saved: 'F:\pnpline-landing\hero-section-video\blockout\blockout-master-v003\preview\frames\frame-0425.png'
00:20.343  render           | Time: 00:00.04 (Saving: 00:00.01)
00:20.343  render           | Rendering frame 426
00:20.343  render           | Start rendering: PNPLINE_MASTER_v003, ViewLayer
00:20.343  render           | Engine: Workbench
00:20.375  render           | Saved: 'F:\pnpline-landing\hero-section-video\blockout\blockout-master-v003\preview\frames\frame-0426.png'
00:20.375  render           | Time: 00:00.03 (Saving: 00:00.01)
00:20.375  render           | Rendering frame 427
00:20.375  render           | Start rendering: PNPLINE_MASTER_v003, ViewLayer
00:20.375  render           | Engine: Workbench
00:20.422  render           | Saved: 'F:\pnpline-landing\hero-section-video\blockout\blockout-master-v003\preview\frames\frame-0427.png'
00:20.422  render           | Time: 00:00.04 (Saving: 00:00.01)
00:20.422  render           | Rendering frame 428
00:20.422  render           | Start rendering: PNPLINE_MASTER_v003, ViewLayer
00:20.422  render           | Engine: Workbench
00:20.468  render           | Saved: 'F:\pnpline-landing\hero-section-video\blockout\blockout-master-v003\preview\frames\frame-0428.png'
00:20.468  render           | Time: 00:00.04 (Saving: 00:00.02)
00:20.468  render           | Rendering frame 429
00:20.468  render           | Start rendering: PNPLINE_MASTER_v003, ViewLayer
00:20.468  render           | Engine: Workbench
00:20.500  render           | Saved: 'F:\pnpline-landing\hero-section-video\blockout\blockout-master-v003\preview\frames\frame-0429.png'
00:20.500  render           | Time: 00:00.03 (Saving: 00:00.01)
00:20.500  render           | Rendering frame 430
00:20.500  render           | Start rendering: PNPLINE_MASTER_v003, ViewLayer
00:20.500  render           | Engine: Workbench
00:20.547  render           | Saved: 'F:\pnpline-landing\hero-section-video\blockout\blockout-master-v003\preview\frames\frame-0430.png'
00:20.547  render           | Time: 00:00.03 (Saving: 00:00.01)
00:20.547  render           | Rendering frame 431
00:20.547  render           | Start rendering: PNPLINE_MASTER_v003, ViewLayer
00:20.547  render           | Engine: Workbench
00:20.578  render           | Saved: 'F:\pnpline-landing\hero-section-video\blockout\blockout-master-v003\preview\frames\frame-0431.png'
00:20.578  render           | Time: 00:00.04 (Saving: 00:00.02)
00:20.578  render           | Rendering frame 432
00:20.578  render           | Start rendering: PNPLINE_MASTER_v003, ViewLayer
00:20.578  render           | Engine: Workbench
00:20.625  render           | Saved: 'F:\pnpline-landing\hero-section-video\blockout\blockout-master-v003\preview\frames\frame-0432.png'
00:20.625  render           | Time: 00:00.03 (Saving: 00:00.01)
00:20.625  render           | Rendering frame 433
00:20.625  render           | Start rendering: PNPLINE_MASTER_v003, ViewLayer
00:20.625  render           | Engine: Workbench
00:20.672  render           | Saved: 'F:\pnpline-landing\hero-section-video\blockout\blockout-master-v003\preview\frames\frame-0433.png'
00:20.672  render           | Time: 00:00.04 (Saving: 00:00.01)
00:20.672  render           | Rendering frame 434
00:20.672  render           | Start rendering: PNPLINE_MASTER_v003, ViewLayer
00:20.672  render           | Engine: Workbench
00:20.703  render           | Saved: 'F:\pnpline-landing\hero-section-video\blockout\blockout-master-v003\preview\frames\frame-0434.png'
00:20.703  render           | Time: 00:00.03 (Saving: 00:00.01)
00:20.703  render           | Rendering frame 435
00:20.703  render           | Start rendering: PNPLINE_MASTER_v003, ViewLayer
00:20.703  render           | Engine: Workbench
00:20.750  render           | Saved: 'F:\pnpline-landing\hero-section-video\blockout\blockout-master-v003\preview\frames\frame-0435.png'
00:20.750  render           | Time: 00:00.04 (Saving: 00:00.02)
00:20.750  render           | Rendering frame 436
00:20.750  render           | Start rendering: PNPLINE_MASTER_v003, ViewLayer
00:20.750  render           | Engine: Workbench
00:20.781  render           | Saved: 'F:\pnpline-landing\hero-section-video\blockout\blockout-master-v003\preview\frames\frame-0436.png'
00:20.781  render           | Time: 00:00.03 (Saving: 00:00.02)
00:20.781  render           | Rendering frame 437
00:20.781  render           | Start rendering: PNPLINE_MASTER_v003, ViewLayer
00:20.781  render           | Engine: Workbench
00:20.828  render           | Saved: 'F:\pnpline-landing\hero-section-video\blockout\blockout-master-v003\preview\frames\frame-0437.png'
00:20.828  render           | Time: 00:00.04 (Saving: 00:00.02)
00:20.828  render           | Rendering frame 438
00:20.828  render           | Start rendering: PNPLINE_MASTER_v003, ViewLayer
00:20.828  render           | Engine: Workbench
00:20.859  render           | Saved: 'F:\pnpline-landing\hero-section-video\blockout\blockout-master-v003\preview\frames\frame-0438.png'
00:20.859  render           | Time: 00:00.03 (Saving: 00:00.01)
00:20.859  render           | Rendering frame 439
00:20.859  render           | Start rendering: PNPLINE_MASTER_v003, ViewLayer
00:20.859  render           | Engine: Workbench
00:20.906  render           | Saved: 'F:\pnpline-landing\hero-section-video\blockout\blockout-master-v003\preview\frames\frame-0439.png'
00:20.906  render           | Time: 00:00.04 (Saving: 00:00.02)
00:20.906  render           | Rendering frame 440
00:20.906  render           | Start rendering: PNPLINE_MASTER_v003, ViewLayer
00:20.906  render           | Engine: Workbench
00:20.953  render           | Saved: 'F:\pnpline-landing\hero-section-video\blockout\blockout-master-v003\preview\frames\frame-0440.png'
00:20.953  render           | Time: 00:00.03 (Saving: 00:00.02)
00:20.953  render           | Rendering frame 441
00:20.953  render           | Start rendering: PNPLINE_MASTER_v003, ViewLayer
00:20.953  render           | Engine: Workbench
00:20.984  render           | Saved: 'F:\pnpline-landing\hero-section-video\blockout\blockout-master-v003\preview\frames\frame-0441.png'
00:20.984  render           | Time: 00:00.04 (Saving: 00:00.02)
00:20.984  render           | Rendering frame 442
00:20.984  render           | Start rendering: PNPLINE_MASTER_v003, ViewLayer
00:20.984  render           | Engine: Workbench
00:21.031  render           | Saved: 'F:\pnpline-landing\hero-section-video\blockout\blockout-master-v003\preview\frames\frame-0442.png'
00:21.031  render           | Time: 00:00.04 (Saving: 00:00.02)
00:21.031  render           | Rendering frame 443
00:21.031  render           | Start rendering: PNPLINE_MASTER_v003, ViewLayer
00:21.031  render           | Engine: Workbench
00:21.062  render           | Saved: 'F:\pnpline-landing\hero-section-video\blockout\blockout-master-v003\preview\frames\frame-0443.png'
00:21.062  render           | Time: 00:00.04 (Saving: 00:00.02)
00:21.062  render           | Rendering frame 444
00:21.062  render           | Start rendering: PNPLINE_MASTER_v003, ViewLayer
00:21.062  render           | Engine: Workbench
00:21.109  render           | Saved: 'F:\pnpline-landing\hero-section-video\blockout\blockout-master-v003\preview\frames\frame-0444.png'
00:21.109  render           | Time: 00:00.03 (Saving: 00:00.02)
00:21.109  render           | Rendering frame 445
00:21.109  render           | Start rendering: PNPLINE_MASTER_v003, ViewLayer
00:21.109  render           | Engine: Workbench
00:21.156  render           | Saved: 'F:\pnpline-landing\hero-section-video\blockout\blockout-master-v003\preview\frames\frame-0445.png'
00:21.156  render           | Time: 00:00.03 (Saving: 00:00.01)
00:21.156  render           | Rendering frame 446
00:21.156  render           | Start rendering: PNPLINE_MASTER_v003, ViewLayer
00:21.156  render           | Engine: Workbench
00:21.187  render           | Saved: 'F:\pnpline-landing\hero-section-video\blockout\blockout-master-v003\preview\frames\frame-0446.png'
00:21.187  render           | Time: 00:00.04 (Saving: 00:00.01)
00:21.187  render           | Rendering frame 447
00:21.187  render           | Start rendering: PNPLINE_MASTER_v003, ViewLayer
00:21.187  render           | Engine: Workbench
00:21.234  render           | Saved: 'F:\pnpline-landing\hero-section-video\blockout\blockout-master-v003\preview\frames\frame-0447.png'
00:21.234  render           | Time: 00:00.03 (Saving: 00:00.01)
00:21.234  render           | Rendering frame 448
00:21.234  render           | Start rendering: PNPLINE_MASTER_v003, ViewLayer
00:21.234  render           | Engine: Workbench
00:21.265  render           | Saved: 'F:\pnpline-landing\hero-section-video\blockout\blockout-master-v003\preview\frames\frame-0448.png'
00:21.265  render           | Time: 00:00.03 (Saving: 00:00.01)
00:21.265  render           | Rendering frame 449
00:21.265  render           | Start rendering: PNPLINE_MASTER_v003, ViewLayer
00:21.265  render           | Engine: Workbench
00:21.312  render           | Saved: 'F:\pnpline-landing\hero-section-video\blockout\blockout-master-v003\preview\frames\frame-0449.png'
00:21.312  render           | Time: 00:00.04 (Saving: 00:00.01)
00:21.312  render           | Rendering frame 450
00:21.312  render           | Start rendering: PNPLINE_MASTER_v003, ViewLayer
00:21.312  render           | Engine: Workbench
00:21.359  render           | Saved: 'F:\pnpline-landing\hero-section-video\blockout\blockout-master-v003\preview\frames\frame-0450.png'
00:21.359  render           | Time: 00:00.04 (Saving: 00:00.02)
00:21.359  render           | Rendering frame 451
00:21.359  render           | Start rendering: PNPLINE_MASTER_v003, ViewLayer
00:21.359  render           | Engine: Workbench
00:21.390  render           | Saved: 'F:\pnpline-landing\hero-section-video\blockout\blockout-master-v003\preview\frames\frame-0451.png'
00:21.390  render           | Time: 00:00.04 (Saving: 00:00.01)
00:21.390  render           | Rendering frame 452
00:21.390  render           | Start rendering: PNPLINE_MASTER_v003, ViewLayer
00:21.390  render           | Engine: Workbench
00:21.437  render           | Saved: 'F:\pnpline-landing\hero-section-video\blockout\blockout-master-v003\preview\frames\frame-0452.png'
00:21.437  render           | Time: 00:00.04 (Saving: 00:00.01)
00:21.437  render           | Rendering frame 453
00:21.437  render           | Start rendering: PNPLINE_MASTER_v003, ViewLayer
00:21.437  render           | Engine: Workbench
00:21.468  render           | Saved: 'F:\pnpline-landing\hero-section-video\blockout\blockout-master-v003\preview\frames\frame-0453.png'
00:21.468  render           | Time: 00:00.04 (Saving: 00:00.01)
00:21.468  render           | Rendering frame 454
00:21.468  render           | Start rendering: PNPLINE_MASTER_v003, ViewLayer
00:21.468  render           | Engine: Workbench
00:21.515  render           | Saved: 'F:\pnpline-landing\hero-section-video\blockout\blockout-master-v003\preview\frames\frame-0454.png'
00:21.515  render           | Time: 00:00.04 (Saving: 00:00.01)
00:21.515  render           | Rendering frame 455
00:21.515  render           | Start rendering: PNPLINE_MASTER_v003, ViewLayer
00:21.515  render           | Engine: Workbench
00:21.562  render           | Saved: 'F:\pnpline-landing\hero-section-video\blockout\blockout-master-v003\preview\frames\frame-0455.png'
00:21.562  render           | Time: 00:00.04 (Saving: 00:00.01)
00:21.562  render           | Rendering frame 456
00:21.562  render           | Start rendering: PNPLINE_MASTER_v003, ViewLayer
00:21.562  render           | Engine: Workbench
00:21.593  render           | Saved: 'F:\pnpline-landing\hero-section-video\blockout\blockout-master-v003\preview\frames\frame-0456.png'
00:21.593  render           | Time: 00:00.04 (Saving: 00:00.02)
00:21.593  render           | Rendering frame 457
00:21.593  render           | Start rendering: PNPLINE_MASTER_v003, ViewLayer
00:21.593  render           | Engine: Workbench
00:21.640  render           | Saved: 'F:\pnpline-landing\hero-section-video\blockout\blockout-master-v003\preview\frames\frame-0457.png'
00:21.640  render           | Time: 00:00.04 (Saving: 00:00.01)
00:21.640  render           | Rendering frame 458
00:21.640  render           | Start rendering: PNPLINE_MASTER_v003, ViewLayer
00:21.640  render           | Engine: Workbench
00:21.687  render           | Saved: 'F:\pnpline-landing\hero-section-video\blockout\blockout-master-v003\preview\frames\frame-0458.png'
00:21.687  render           | Time: 00:00.04 (Saving: 00:00.01)
00:21.687  render           | Rendering frame 459
00:21.687  render           | Start rendering: PNPLINE_MASTER_v003, ViewLayer
00:21.687  render           | Engine: Workbench
00:21.734  render           | Saved: 'F:\pnpline-landing\hero-section-video\blockout\blockout-master-v003\preview\frames\frame-0459.png'
00:21.734  render           | Time: 00:00.04 (Saving: 00:00.02)
00:21.734  render           | Rendering frame 460
00:21.734  render           | Start rendering: PNPLINE_MASTER_v003, ViewLayer
00:21.734  render           | Engine: Workbench
00:21.765  render           | Saved: 'F:\pnpline-landing\hero-section-video\blockout\blockout-master-v003\preview\frames\frame-0460.png'
00:21.765  render           | Time: 00:00.04 (Saving: 00:00.01)
00:21.765  render           | Rendering frame 461
00:21.765  render           | Start rendering: PNPLINE_MASTER_v003, ViewLayer
00:21.765  render           | Engine: Workbench
00:21.812  render           | Saved: 'F:\pnpline-landing\hero-section-video\blockout\blockout-master-v003\preview\frames\frame-0461.png'
00:21.812  render           | Time: 00:00.03 (Saving: 00:00.01)
00:21.812  render           | Rendering frame 462
00:21.812  render           | Start rendering: PNPLINE_MASTER_v003, ViewLayer
00:21.812  render           | Engine: Workbench
00:21.859  render           | Saved: 'F:\pnpline-landing\hero-section-video\blockout\blockout-master-v003\preview\frames\frame-0462.png'
00:21.859  render           | Time: 00:00.04 (Saving: 00:00.02)
00:21.859  render           | Rendering frame 463
00:21.859  render           | Start rendering: PNPLINE_MASTER_v003, ViewLayer
00:21.859  render           | Engine: Workbench
00:21.890  render           | Saved: 'F:\pnpline-landing\hero-section-video\blockout\blockout-master-v003\preview\frames\frame-0463.png'
00:21.890  render           | Time: 00:00.04 (Saving: 00:00.02)
00:21.890  render           | Rendering frame 464
00:21.890  render           | Start rendering: PNPLINE_MASTER_v003, ViewLayer
00:21.890  render           | Engine: Workbench
00:21.937  render           | Saved: 'F:\pnpline-landing\hero-section-video\blockout\blockout-master-v003\preview\frames\frame-0464.png'
00:21.937  render           | Time: 00:00.04 (Saving: 00:00.02)
00:21.937  render           | Rendering frame 465
00:21.937  render           | Start rendering: PNPLINE_MASTER_v003, ViewLayer
00:21.937  render           | Engine: Workbench
00:21.984  render           | Saved: 'F:\pnpline-landing\hero-section-video\blockout\blockout-master-v003\preview\frames\frame-0465.png'
00:21.984  render           | Time: 00:00.04 (Saving: 00:00.02)
00:21.984  render           | Rendering frame 466
00:21.984  render           | Start rendering: PNPLINE_MASTER_v003, ViewLayer
00:21.984  render           | Engine: Workbench
00:22.015  render           | Saved: 'F:\pnpline-landing\hero-section-video\blockout\blockout-master-v003\preview\frames\frame-0466.png'
00:22.015  render           | Time: 00:00.03 (Saving: 00:00.02)
00:22.015  render           | Rendering frame 467
00:22.015  render           | Start rendering: PNPLINE_MASTER_v003, ViewLayer
00:22.015  render           | Engine: Workbench
00:22.062  render           | Saved: 'F:\pnpline-landing\hero-section-video\blockout\blockout-master-v003\preview\frames\frame-0467.png'
00:22.062  render           | Time: 00:00.04 (Saving: 00:00.01)
00:22.062  render           | Rendering frame 468
00:22.062  render           | Start rendering: PNPLINE_MASTER_v003, ViewLayer
00:22.062  render           | Engine: Workbench
00:22.093  render           | Saved: 'F:\pnpline-landing\hero-section-video\blockout\blockout-master-v003\preview\frames\frame-0468.png'
00:22.093  render           | Time: 00:00.03 (Saving: 00:00.01)
00:22.093  render           | Rendering frame 469
00:22.093  render           | Start rendering: PNPLINE_MASTER_v003, ViewLayer
00:22.093  render           | Engine: Workbench
00:22.140  render           | Saved: 'F:\pnpline-landing\hero-section-video\blockout\blockout-master-v003\preview\frames\frame-0469.png'
00:22.140  render           | Time: 00:00.04 (Saving: 00:00.02)
00:22.140  render           | Rendering frame 470
00:22.140  render           | Start rendering: PNPLINE_MASTER_v003, ViewLayer
00:22.140  render           | Engine: Workbench
00:22.187  render           | Saved: 'F:\pnpline-landing\hero-section-video\blockout\blockout-master-v003\preview\frames\frame-0470.png'
00:22.187  render           | Time: 00:00.04 (Saving: 00:00.02)
00:22.187  render           | Rendering frame 471
00:22.187  render           | Start rendering: PNPLINE_MASTER_v003, ViewLayer
00:22.187  render           | Engine: Workbench
00:22.218  render           | Saved: 'F:\pnpline-landing\hero-section-video\blockout\blockout-master-v003\preview\frames\frame-0471.png'
00:22.218  render           | Time: 00:00.04 (Saving: 00:00.02)
00:22.218  render           | Rendering frame 472
00:22.218  render           | Start rendering: PNPLINE_MASTER_v003, ViewLayer
00:22.218  render           | Engine: Workbench
00:22.265  render           | Saved: 'F:\pnpline-landing\hero-section-video\blockout\blockout-master-v003\preview\frames\frame-0472.png'
00:22.265  render           | Time: 00:00.04 (Saving: 00:00.02)
00:22.265  render           | Rendering frame 473
00:22.265  render           | Start rendering: PNPLINE_MASTER_v003, ViewLayer
00:22.265  render           | Engine: Workbench
00:22.312  render           | Saved: 'F:\pnpline-landing\hero-section-video\blockout\blockout-master-v003\preview\frames\frame-0473.png'
00:22.312  render           | Time: 00:00.04 (Saving: 00:00.02)
00:22.312  render           | Rendering frame 474
00:22.312  render           | Start rendering: PNPLINE_MASTER_v003, ViewLayer
00:22.312  render           | Engine: Workbench
00:22.343  render           | Saved: 'F:\pnpline-landing\hero-section-video\blockout\blockout-master-v003\preview\frames\frame-0474.png'
00:22.343  render           | Time: 00:00.04 (Saving: 00:00.02)
00:22.343  render           | Rendering frame 475
00:22.359  render           | Start rendering: PNPLINE_MASTER_v003, ViewLayer
00:22.359  render           | Engine: Workbench
00:22.390  render           | Saved: 'F:\pnpline-landing\hero-section-video\blockout\blockout-master-v003\preview\frames\frame-0475.png'
00:22.390  render           | Time: 00:00.04 (Saving: 00:00.02)
00:22.390  render           | Rendering frame 476
00:22.390  render           | Start rendering: PNPLINE_MASTER_v003, ViewLayer
00:22.390  render           | Engine: Workbench
00:22.437  render           | Saved: 'F:\pnpline-landing\hero-section-video\blockout\blockout-master-v003\preview\frames\frame-0476.png'
00:22.437  render           | Time: 00:00.04 (Saving: 00:00.02)
00:22.437  render           | Rendering frame 477
00:22.437  render           | Start rendering: PNPLINE_MASTER_v003, ViewLayer
00:22.437  render           | Engine: Workbench
00:22.484  render           | Saved: 'F:\pnpline-landing\hero-section-video\blockout\blockout-master-v003\preview\frames\frame-0477.png'
00:22.484  render           | Time: 00:00.04 (Saving: 00:00.02)
00:22.484  render           | Rendering frame 478
00:22.484  render           | Start rendering: PNPLINE_MASTER_v003, ViewLayer
00:22.484  render           | Engine: Workbench
00:22.531  render           | Saved: 'F:\pnpline-landing\hero-section-video\blockout\blockout-master-v003\preview\frames\frame-0478.png'
00:22.531  render           | Time: 00:00.04 (Saving: 00:00.02)
00:22.531  render           | Rendering frame 479
00:22.531  render           | Start rendering: PNPLINE_MASTER_v003, ViewLayer
00:22.531  render           | Engine: Workbench
00:22.562  render           | Saved: 'F:\pnpline-landing\hero-section-video\blockout\blockout-master-v003\preview\frames\frame-0479.png'
00:22.562  render           | Time: 00:00.04 (Saving: 00:00.02)
00:22.562  render           | Rendering frame 480
00:22.562  render           | Start rendering: PNPLINE_MASTER_v003, ViewLayer
00:22.562  render           | Engine: Workbench
00:22.609  render           | Saved: 'F:\pnpline-landing\hero-section-video\blockout\blockout-master-v003\preview\frames\frame-0480.png'
00:22.609  render           | Time: 00:00.04 (Saving: 00:00.02)
00:22.609  render           | Rendering frame 481
00:22.609  render           | Start rendering: PNPLINE_MASTER_v003, ViewLayer
00:22.609  render           | Engine: Workbench
00:22.656  render           | Saved: 'F:\pnpline-landing\hero-section-video\blockout\blockout-master-v003\preview\frames\frame-0481.png'
00:22.656  render           | Time: 00:00.04 (Saving: 00:00.02)
00:22.656  render           | Rendering frame 482
00:22.656  render           | Start rendering: PNPLINE_MASTER_v003, ViewLayer
00:22.656  render           | Engine: Workbench
00:22.703  render           | Saved: 'F:\pnpline-landing\hero-section-video\blockout\blockout-master-v003\preview\frames\frame-0482.png'
00:22.703  render           | Time: 00:00.04 (Saving: 00:00.02)
00:22.703  render           | Rendering frame 483
00:22.703  render           | Start rendering: PNPLINE_MASTER_v003, ViewLayer
00:22.703  render           | Engine: Workbench
00:22.750  render           | Saved: 'F:\pnpline-landing\hero-section-video\blockout\blockout-master-v003\preview\frames\frame-0483.png'
00:22.750  render           | Time: 00:00.04 (Saving: 00:00.02)
00:22.750  render           | Rendering frame 484
00:22.750  render           | Start rendering: PNPLINE_MASTER_v003, ViewLayer
00:22.750  render           | Engine: Workbench
00:22.797  render           | Saved: 'F:\pnpline-landing\hero-section-video\blockout\blockout-master-v003\preview\frames\frame-0484.png'
00:22.797  render           | Time: 00:00.04 (Saving: 00:00.02)
00:22.797  render           | Rendering frame 485
00:22.797  render           | Start rendering: PNPLINE_MASTER_v003, ViewLayer
00:22.797  render           | Engine: Workbench
00:22.828  render           | Saved: 'F:\pnpline-landing\hero-section-video\blockout\blockout-master-v003\preview\frames\frame-0485.png'
00:22.828  render           | Time: 00:00.04 (Saving: 00:00.02)
00:22.828  render           | Rendering frame 486
00:22.828  render           | Start rendering: PNPLINE_MASTER_v003, ViewLayer
00:22.828  render           | Engine: Workbench
00:22.875  render           | Saved: 'F:\pnpline-landing\hero-section-video\blockout\blockout-master-v003\preview\frames\frame-0486.png'
00:22.875  render           | Time: 00:00.04 (Saving: 00:00.02)
00:22.875  render           | Rendering frame 487
00:22.875  render           | Start rendering: PNPLINE_MASTER_v003, ViewLayer
00:22.875  render           | Engine: Workbench
00:22.922  render           | Saved: 'F:\pnpline-landing\hero-section-video\blockout\blockout-master-v003\preview\frames\frame-0487.png'
00:22.922  render           | Time: 00:00.04 (Saving: 00:00.02)
00:22.922  render           | Rendering frame 488
00:22.922  render           | Start rendering: PNPLINE_MASTER_v003, ViewLayer
00:22.922  render           | Engine: Workbench
00:22.953  render           | Saved: 'F:\pnpline-landing\hero-section-video\blockout\blockout-master-v003\preview\frames\frame-0488.png'
00:22.953  render           | Time: 00:00.04 (Saving: 00:00.02)
00:22.953  render           | Rendering frame 489
00:22.953  render           | Start rendering: PNPLINE_MASTER_v003, ViewLayer
00:22.953  render           | Engine: Workbench
00:23.000  render           | Saved: 'F:\pnpline-landing\hero-section-video\blockout\blockout-master-v003\preview\frames\frame-0489.png'
00:23.000  render           | Time: 00:00.04 (Saving: 00:00.02)
00:23.000  render           | Rendering frame 490
00:23.000  render           | Start rendering: PNPLINE_MASTER_v003, ViewLayer
00:23.000  render           | Engine: Workbench
00:23.047  render           | Saved: 'F:\pnpline-landing\hero-section-video\blockout\blockout-master-v003\preview\frames\frame-0490.png'
00:23.047  render           | Time: 00:00.04 (Saving: 00:00.02)
00:23.047  render           | Rendering frame 491
00:23.047  render           | Start rendering: PNPLINE_MASTER_v003, ViewLayer
00:23.047  render           | Engine: Workbench
00:23.078  render           | Saved: 'F:\pnpline-landing\hero-section-video\blockout\blockout-master-v003\preview\frames\frame-0491.png'
00:23.078  render           | Time: 00:00.04 (Saving: 00:00.02)
00:23.078  render           | Rendering frame 492
00:23.078  render           | Start rendering: PNPLINE_MASTER_v003, ViewLayer
00:23.078  render           | Engine: Workbench
00:23.125  render           | Saved: 'F:\pnpline-landing\hero-section-video\blockout\blockout-master-v003\preview\frames\frame-0492.png'
00:23.125  render           | Time: 00:00.04 (Saving: 00:00.02)
00:23.125  render           | Rendering frame 493
00:23.125  render           | Start rendering: PNPLINE_MASTER_v003, ViewLayer
00:23.125  render           | Engine: Workbench
00:23.172  render           | Saved: 'F:\pnpline-landing\hero-section-video\blockout\blockout-master-v003\preview\frames\frame-0493.png'
00:23.172  render           | Time: 00:00.04 (Saving: 00:00.02)
00:23.172  render           | Rendering frame 494
00:23.172  render           | Start rendering: PNPLINE_MASTER_v003, ViewLayer
00:23.172  render           | Engine: Workbench
00:23.203  render           | Saved: 'F:\pnpline-landing\hero-section-video\blockout\blockout-master-v003\preview\frames\frame-0494.png'
00:23.203  render           | Time: 00:00.03 (Saving: 00:00.02)
00:23.203  render           | Rendering frame 495
00:23.203  render           | Start rendering: PNPLINE_MASTER_v003, ViewLayer
00:23.203  render           | Engine: Workbench
00:23.250  render           | Saved: 'F:\pnpline-landing\hero-section-video\blockout\blockout-master-v003\preview\frames\frame-0495.png'
00:23.250  render           | Time: 00:00.04 (Saving: 00:00.02)
00:23.250  render           | Rendering frame 496
00:23.250  render           | Start rendering: PNPLINE_MASTER_v003, ViewLayer
00:23.250  render           | Engine: Workbench
00:23.281  render           | Saved: 'F:\pnpline-landing\hero-section-video\blockout\blockout-master-v003\preview\frames\frame-0496.png'
00:23.281  render           | Time: 00:00.04 (Saving: 00:00.02)
00:23.281  render           | Rendering frame 497
00:23.281  render           | Start rendering: PNPLINE_MASTER_v003, ViewLayer
00:23.281  render           | Engine: Workbench
00:23.328  render           | Saved: 'F:\pnpline-landing\hero-section-video\blockout\blockout-master-v003\preview\frames\frame-0497.png'
00:23.328  render           | Time: 00:00.04 (Saving: 00:00.02)
00:23.328  render           | Rendering frame 498
00:23.328  render           | Start rendering: PNPLINE_MASTER_v003, ViewLayer
00:23.328  render           | Engine: Workbench
00:23.375  render           | Saved: 'F:\pnpline-landing\hero-section-video\blockout\blockout-master-v003\preview\frames\frame-0498.png'
00:23.375  render           | Time: 00:00.04 (Saving: 00:00.02)
00:23.375  render           | Rendering frame 499
00:23.375  render           | Start rendering: PNPLINE_MASTER_v003, ViewLayer
00:23.375  render           | Engine: Workbench
00:23.422  render           | Saved: 'F:\pnpline-landing\hero-section-video\blockout\blockout-master-v003\preview\frames\frame-0499.png'
00:23.422  render           | Time: 00:00.04 (Saving: 00:00.02)
00:23.422  render           | Rendering frame 500
00:23.422  render           | Start rendering: PNPLINE_MASTER_v003, ViewLayer
00:23.422  render           | Engine: Workbench
00:23.453  render           | Saved: 'F:\pnpline-landing\hero-section-video\blockout\blockout-master-v003\preview\frames\frame-0500.png'
00:23.453  render           | Time: 00:00.04 (Saving: 00:00.02)
00:23.453  render           | Rendering frame 501
00:23.453  render           | Start rendering: PNPLINE_MASTER_v003, ViewLayer
00:23.453  render           | Engine: Workbench
00:23.500  render           | Saved: 'F:\pnpline-landing\hero-section-video\blockout\blockout-master-v003\preview\frames\frame-0501.png'
00:23.500  render           | Time: 00:00.04 (Saving: 00:00.02)
00:23.500  render           | Rendering frame 502
00:23.500  render           | Start rendering: PNPLINE_MASTER_v003, ViewLayer
00:23.500  render           | Engine: Workbench
00:23.531  render           | Saved: 'F:\pnpline-landing\hero-section-video\blockout\blockout-master-v003\preview\frames\frame-0502.png'
00:23.547  render           | Time: 00:00.04 (Saving: 00:00.02)
00:23.547  render           | Rendering frame 503
00:23.547  render           | Start rendering: PNPLINE_MASTER_v003, ViewLayer
00:23.547  render           | Engine: Workbench
00:23.578  render           | Saved: 'F:\pnpline-landing\hero-section-video\blockout\blockout-master-v003\preview\frames\frame-0503.png'
00:23.578  render           | Time: 00:00.04 (Saving: 00:00.02)
00:23.578  render           | Rendering frame 504
00:23.578  render           | Start rendering: PNPLINE_MASTER_v003, ViewLayer
00:23.578  render           | Engine: Workbench
00:23.625  render           | Saved: 'F:\pnpline-landing\hero-section-video\blockout\blockout-master-v003\preview\frames\frame-0504.png'
00:23.625  render           | Time: 00:00.04 (Saving: 00:00.02)
00:23.625  render           | Rendering frame 505
00:23.625  render           | Start rendering: PNPLINE_MASTER_v003, ViewLayer
00:23.625  render           | Engine: Workbench
00:23.656  render           | Saved: 'F:\pnpline-landing\hero-section-video\blockout\blockout-master-v003\preview\frames\frame-0505.png'
00:23.656  render           | Time: 00:00.04 (Saving: 00:00.02)
00:23.656  render           | Rendering frame 506
00:23.656  render           | Start rendering: PNPLINE_MASTER_v003, ViewLayer
00:23.656  render           | Engine: Workbench
00:23.703  render           | Saved: 'F:\pnpline-landing\hero-section-video\blockout\blockout-master-v003\preview\frames\frame-0506.png'
00:23.703  render           | Time: 00:00.04 (Saving: 00:00.02)
00:23.703  render           | Rendering frame 507
00:23.703  render           | Start rendering: PNPLINE_MASTER_v003, ViewLayer
00:23.703  render           | Engine: Workbench
00:23.750  render           | Saved: 'F:\pnpline-landing\hero-section-video\blockout\blockout-master-v003\preview\frames\frame-0507.png'
00:23.750  render           | Time: 00:00.04 (Saving: 00:00.02)
00:23.750  render           | Rendering frame 508
00:23.750  render           | Start rendering: PNPLINE_MASTER_v003, ViewLayer
00:23.750  render           | Engine: Workbench
00:23.781  render           | Saved: 'F:\pnpline-landing\hero-section-video\blockout\blockout-master-v003\preview\frames\frame-0508.png'
00:23.781  render           | Time: 00:00.04 (Saving: 00:00.02)
00:23.781  render           | Rendering frame 509
00:23.781  render           | Start rendering: PNPLINE_MASTER_v003, ViewLayer
00:23.781  render           | Engine: Workbench
00:23.828  render           | Saved: 'F:\pnpline-landing\hero-section-video\blockout\blockout-master-v003\preview\frames\frame-0509.png'
00:23.828  render           | Time: 00:00.04 (Saving: 00:00.02)
00:23.828  render           | Rendering frame 510
00:23.828  render           | Start rendering: PNPLINE_MASTER_v003, ViewLayer
00:23.828  render           | Engine: Workbench
00:23.875  render           | Saved: 'F:\pnpline-landing\hero-section-video\blockout\blockout-master-v003\preview\frames\frame-0510.png'
00:23.875  render           | Time: 00:00.04 (Saving: 00:00.02)
00:23.875  render           | Rendering frame 511
00:23.875  render           | Start rendering: PNPLINE_MASTER_v003, ViewLayer
00:23.875  render           | Engine: Workbench
00:23.922  render           | Saved: 'F:\pnpline-landing\hero-section-video\blockout\blockout-master-v003\preview\frames\frame-0511.png'
00:23.922  render           | Time: 00:00.04 (Saving: 00:00.02)
00:23.922  render           | Rendering frame 512
00:23.922  render           | Start rendering: PNPLINE_MASTER_v003, ViewLayer
00:23.922  render           | Engine: Workbench
00:23.953  render           | Saved: 'F:\pnpline-landing\hero-section-video\blockout\blockout-master-v003\preview\frames\frame-0512.png'
00:23.953  render           | Time: 00:00.04 (Saving: 00:00.02)
00:23.953  render           | Rendering frame 513
00:23.953  render           | Start rendering: PNPLINE_MASTER_v003, ViewLayer
00:23.953  render           | Engine: Workbench
00:24.000  render           | Saved: 'F:\pnpline-landing\hero-section-video\blockout\blockout-master-v003\preview\frames\frame-0513.png'
00:24.000  render           | Time: 00:00.04 (Saving: 00:00.02)
00:24.000  render           | Rendering frame 514
00:24.000  render           | Start rendering: PNPLINE_MASTER_v003, ViewLayer
00:24.000  render           | Engine: Workbench
00:24.047  render           | Saved: 'F:\pnpline-landing\hero-section-video\blockout\blockout-master-v003\preview\frames\frame-0514.png'
00:24.047  render           | Time: 00:00.04 (Saving: 00:00.02)
00:24.047  render           | Rendering frame 515
00:24.047  render           | Start rendering: PNPLINE_MASTER_v003, ViewLayer
00:24.047  render           | Engine: Workbench
00:24.078  render           | Saved: 'F:\pnpline-landing\hero-section-video\blockout\blockout-master-v003\preview\frames\frame-0515.png'
00:24.078  render           | Time: 00:00.04 (Saving: 00:00.02)
00:24.078  render           | Rendering frame 516
00:24.078  render           | Start rendering: PNPLINE_MASTER_v003, ViewLayer
00:24.078  render           | Engine: Workbench
00:24.125  render           | Saved: 'F:\pnpline-landing\hero-section-video\blockout\blockout-master-v003\preview\frames\frame-0516.png'
00:24.125  render           | Time: 00:00.04 (Saving: 00:00.02)
00:24.125  render           | Rendering frame 517
00:24.125  render           | Start rendering: PNPLINE_MASTER_v003, ViewLayer
00:24.125  render           | Engine: Workbench
00:24.172  render           | Saved: 'F:\pnpline-landing\hero-section-video\blockout\blockout-master-v003\preview\frames\frame-0517.png'
00:24.172  render           | Time: 00:00.04 (Saving: 00:00.02)
00:24.172  render           | Rendering frame 518
00:24.172  render           | Start rendering: PNPLINE_MASTER_v003, ViewLayer
00:24.172  render           | Engine: Workbench
00:24.218  render           | Saved: 'F:\pnpline-landing\hero-section-video\blockout\blockout-master-v003\preview\frames\frame-0518.png'
00:24.218  render           | Time: 00:00.04 (Saving: 00:00.02)
00:24.218  render           | Rendering frame 519
00:24.218  render           | Start rendering: PNPLINE_MASTER_v003, ViewLayer
00:24.218  render           | Engine: Workbench
00:24.250  render           | Saved: 'F:\pnpline-landing\hero-section-video\blockout\blockout-master-v003\preview\frames\frame-0519.png'
00:24.250  render           | Time: 00:00.04 (Saving: 00:00.02)
00:24.250  render           | Rendering frame 520
00:24.250  render           | Start rendering: PNPLINE_MASTER_v003, ViewLayer
00:24.250  render           | Engine: Workbench
00:24.297  render           | Saved: 'F:\pnpline-landing\hero-section-video\blockout\blockout-master-v003\preview\frames\frame-0520.png'
00:24.297  render           | Time: 00:00.04 (Saving: 00:00.02)
00:24.297  render           | Rendering frame 521
00:24.297  render           | Start rendering: PNPLINE_MASTER_v003, ViewLayer
00:24.297  render           | Engine: Workbench
00:24.343  render           | Saved: 'F:\pnpline-landing\hero-section-video\blockout\blockout-master-v003\preview\frames\frame-0521.png'
00:24.343  render           | Time: 00:00.04 (Saving: 00:00.02)
00:24.343  render           | Rendering frame 522
00:24.343  render           | Start rendering: PNPLINE_MASTER_v003, ViewLayer
00:24.343  render           | Engine: Workbench
00:24.390  render           | Saved: 'F:\pnpline-landing\hero-section-video\blockout\blockout-master-v003\preview\frames\frame-0522.png'
00:24.390  render           | Time: 00:00.04 (Saving: 00:00.02)
00:24.390  render           | Rendering frame 523
00:24.390  render           | Start rendering: PNPLINE_MASTER_v003, ViewLayer
00:24.390  render           | Engine: Workbench
00:24.422  render           | Saved: 'F:\pnpline-landing\hero-section-video\blockout\blockout-master-v003\preview\frames\frame-0523.png'
00:24.422  render           | Time: 00:00.04 (Saving: 00:00.02)
00:24.422  render           | Rendering frame 524
00:24.422  render           | Start rendering: PNPLINE_MASTER_v003, ViewLayer
00:24.437  render           | Engine: Workbench
00:24.468  render           | Saved: 'F:\pnpline-landing\hero-section-video\blockout\blockout-master-v003\preview\frames\frame-0524.png'
00:24.468  render           | Time: 00:00.04 (Saving: 00:00.02)
00:24.468  render           | Rendering frame 525
00:24.468  render           | Start rendering: PNPLINE_MASTER_v003, ViewLayer
00:24.468  render           | Engine: Workbench
00:24.515  render           | Saved: 'F:\pnpline-landing\hero-section-video\blockout\blockout-master-v003\preview\frames\frame-0525.png'
00:24.515  render           | Time: 00:00.04 (Saving: 00:00.02)
00:24.515  render           | Rendering frame 526
00:24.515  render           | Start rendering: PNPLINE_MASTER_v003, ViewLayer
00:24.515  render           | Engine: Workbench
00:24.562  render           | Saved: 'F:\pnpline-landing\hero-section-video\blockout\blockout-master-v003\preview\frames\frame-0526.png'
00:24.562  render           | Time: 00:00.04 (Saving: 00:00.02)
00:24.562  render           | Rendering frame 527
00:24.562  render           | Start rendering: PNPLINE_MASTER_v003, ViewLayer
00:24.562  render           | Engine: Workbench
00:24.609  render           | Saved: 'F:\pnpline-landing\hero-section-video\blockout\blockout-master-v003\preview\frames\frame-0527.png'
00:24.609  render           | Time: 00:00.04 (Saving: 00:00.02)
00:24.609  render           | Rendering frame 528
00:24.609  render           | Start rendering: PNPLINE_MASTER_v003, ViewLayer
00:24.609  render           | Engine: Workbench
00:24.640  render           | Saved: 'F:\pnpline-landing\hero-section-video\blockout\blockout-master-v003\preview\frames\frame-0528.png'
00:24.640  render           | Time: 00:00.04 (Saving: 00:00.02)
00:24.640  render           | Rendering frame 529
00:24.640  render           | Start rendering: PNPLINE_MASTER_v003, ViewLayer
00:24.640  render           | Engine: Workbench
00:24.687  render           | Saved: 'F:\pnpline-landing\hero-section-video\blockout\blockout-master-v003\preview\frames\frame-0529.png'
00:24.687  render           | Time: 00:00.04 (Saving: 00:00.02)
00:24.687  render           | Rendering frame 530
00:24.687  render           | Start rendering: PNPLINE_MASTER_v003, ViewLayer
00:24.687  render           | Engine: Workbench
00:24.734  render           | Saved: 'F:\pnpline-landing\hero-section-video\blockout\blockout-master-v003\preview\frames\frame-0530.png'
00:24.734  render           | Time: 00:00.04 (Saving: 00:00.02)
00:24.734  render           | Rendering frame 531
00:24.734  render           | Start rendering: PNPLINE_MASTER_v003, ViewLayer
00:24.734  render           | Engine: Workbench
00:24.781  render           | Saved: 'F:\pnpline-landing\hero-section-video\blockout\blockout-master-v003\preview\frames\frame-0531.png'
00:24.781  render           | Time: 00:00.04 (Saving: 00:00.02)
00:24.781  render           | Rendering frame 532
00:24.781  render           | Start rendering: PNPLINE_MASTER_v003, ViewLayer
00:24.781  render           | Engine: Workbench
00:24.828  render           | Saved: 'F:\pnpline-landing\hero-section-video\blockout\blockout-master-v003\preview\frames\frame-0532.png'
00:24.828  render           | Time: 00:00.04 (Saving: 00:00.02)
00:24.828  render           | Rendering frame 533
00:24.828  render           | Start rendering: PNPLINE_MASTER_v003, ViewLayer
00:24.828  render           | Engine: Workbench
00:24.859  render           | Saved: 'F:\pnpline-landing\hero-section-video\blockout\blockout-master-v003\preview\frames\frame-0533.png'
00:24.859  render           | Time: 00:00.04 (Saving: 00:00.02)
00:24.859  render           | Rendering frame 534
00:24.859  render           | Start rendering: PNPLINE_MASTER_v003, ViewLayer
00:24.859  render           | Engine: Workbench
00:24.906  render           | Saved: 'F:\pnpline-landing\hero-section-video\blockout\blockout-master-v003\preview\frames\frame-0534.png'
00:24.906  render           | Time: 00:00.04 (Saving: 00:00.02)
00:24.906  render           | Rendering frame 535
00:24.906  render           | Start rendering: PNPLINE_MASTER_v003, ViewLayer
00:24.906  render           | Engine: Workbench
00:24.953  render           | Saved: 'F:\pnpline-landing\hero-section-video\blockout\blockout-master-v003\preview\frames\frame-0535.png'
00:24.953  render           | Time: 00:00.04 (Saving: 00:00.02)
00:24.953  render           | Rendering frame 536
00:24.953  render           | Start rendering: PNPLINE_MASTER_v003, ViewLayer
00:24.953  render           | Engine: Workbench
00:25.000  render           | Saved: 'F:\pnpline-landing\hero-section-video\blockout\blockout-master-v003\preview\frames\frame-0536.png'
00:25.000  render           | Time: 00:00.04 (Saving: 00:00.02)
00:25.000  render           | Rendering frame 537
00:25.000  render           | Start rendering: PNPLINE_MASTER_v003, ViewLayer
00:25.000  render           | Engine: Workbench
00:25.047  render           | Saved: 'F:\pnpline-landing\hero-section-video\blockout\blockout-master-v003\preview\frames\frame-0537.png'
00:25.047  render           | Time: 00:00.04 (Saving: 00:00.02)
00:25.047  render           | Rendering frame 538
00:25.047  render           | Start rendering: PNPLINE_MASTER_v003, ViewLayer
00:25.047  render           | Engine: Workbench
00:25.078  render           | Saved: 'F:\pnpline-landing\hero-section-video\blockout\blockout-master-v003\preview\frames\frame-0538.png'
00:25.078  render           | Time: 00:00.04 (Saving: 00:00.02)
00:25.078  render           | Rendering frame 539
00:25.078  render           | Start rendering: PNPLINE_MASTER_v003, ViewLayer
00:25.078  render           | Engine: Workbench
00:25.125  render           | Saved: 'F:\pnpline-landing\hero-section-video\blockout\blockout-master-v003\preview\frames\frame-0539.png'
00:25.125  render           | Time: 00:00.04 (Saving: 00:00.02)
00:25.125  render           | Rendering frame 540
00:25.125  render           | Start rendering: PNPLINE_MASTER_v003, ViewLayer
00:25.125  render           | Engine: Workbench
00:25.172  render           | Saved: 'F:\pnpline-landing\hero-section-video\blockout\blockout-master-v003\preview\frames\frame-0540.png'
00:25.172  render           | Time: 00:00.04 (Saving: 00:00.02)
00:25.172  render           | Rendering frame 541
00:25.172  render           | Start rendering: PNPLINE_MASTER_v003, ViewLayer
00:25.172  render           | Engine: Workbench
00:25.218  render           | Saved: 'F:\pnpline-landing\hero-section-video\blockout\blockout-master-v003\preview\frames\frame-0541.png'
00:25.218  render           | Time: 00:00.04 (Saving: 00:00.02)
00:25.218  render           | Rendering frame 542
00:25.218  render           | Start rendering: PNPLINE_MASTER_v003, ViewLayer
00:25.218  render           | Engine: Workbench
00:25.265  render           | Saved: 'F:\pnpline-landing\hero-section-video\blockout\blockout-master-v003\preview\frames\frame-0542.png'
00:25.265  render           | Time: 00:00.04 (Saving: 00:00.02)
00:25.265  render           | Rendering frame 543
00:25.265  render           | Start rendering: PNPLINE_MASTER_v003, ViewLayer
00:25.265  render           | Engine: Workbench
00:25.297  render           | Saved: 'F:\pnpline-landing\hero-section-video\blockout\blockout-master-v003\preview\frames\frame-0543.png'
00:25.297  render           | Time: 00:00.04 (Saving: 00:00.02)
00:25.297  render           | Rendering frame 544
00:25.297  render           | Start rendering: PNPLINE_MASTER_v003, ViewLayer
00:25.297  render           | Engine: Workbench
00:25.343  render           | Saved: 'F:\pnpline-landing\hero-section-video\blockout\blockout-master-v003\preview\frames\frame-0544.png'
00:25.343  render           | Time: 00:00.04 (Saving: 00:00.02)
00:25.343  render           | Rendering frame 545
00:25.343  render           | Start rendering: PNPLINE_MASTER_v003, ViewLayer
00:25.343  render           | Engine: Workbench
00:25.390  render           | Saved: 'F:\pnpline-landing\hero-section-video\blockout\blockout-master-v003\preview\frames\frame-0545.png'
00:25.390  render           | Time: 00:00.04 (Saving: 00:00.02)
00:25.390  render           | Rendering frame 546
00:25.390  render           | Start rendering: PNPLINE_MASTER_v003, ViewLayer
00:25.390  render           | Engine: Workbench
00:25.437  render           | Saved: 'F:\pnpline-landing\hero-section-video\blockout\blockout-master-v003\preview\frames\frame-0546.png'
00:25.437  render           | Time: 00:00.04 (Saving: 00:00.02)
00:25.437  render           | Rendering frame 547
00:25.437  render           | Start rendering: PNPLINE_MASTER_v003, ViewLayer
00:25.437  render           | Engine: Workbench
00:25.484  render           | Saved: 'F:\pnpline-landing\hero-section-video\blockout\blockout-master-v003\preview\frames\frame-0547.png'
00:25.484  render           | Time: 00:00.04 (Saving: 00:00.02)
00:25.484  render           | Rendering frame 548
00:25.484  render           | Start rendering: PNPLINE_MASTER_v003, ViewLayer
00:25.484  render           | Engine: Workbench
00:25.531  render           | Saved: 'F:\pnpline-landing\hero-section-video\blockout\blockout-master-v003\preview\frames\frame-0548.png'
00:25.531  render           | Time: 00:00.04 (Saving: 00:00.02)
00:25.531  render           | Rendering frame 549
00:25.531  render           | Start rendering: PNPLINE_MASTER_v003, ViewLayer
00:25.531  render           | Engine: Workbench
00:25.578  render           | Saved: 'F:\pnpline-landing\hero-section-video\blockout\blockout-master-v003\preview\frames\frame-0549.png'
00:25.578  render           | Time: 00:00.04 (Saving: 00:00.02)
00:25.578  render           | Rendering frame 550
00:25.578  render           | Start rendering: PNPLINE_MASTER_v003, ViewLayer
00:25.578  render           | Engine: Workbench
00:25.625  render           | Saved: 'F:\pnpline-landing\hero-section-video\blockout\blockout-master-v003\preview\frames\frame-0550.png'
00:25.625  render           | Time: 00:00.04 (Saving: 00:00.02)
00:25.625  render           | Rendering frame 551
00:25.625  render           | Start rendering: PNPLINE_MASTER_v003, ViewLayer
00:25.625  render           | Engine: Workbench
00:25.672  render           | Saved: 'F:\pnpline-landing\hero-section-video\blockout\blockout-master-v003\preview\frames\frame-0551.png'
00:25.672  render           | Time: 00:00.04 (Saving: 00:00.02)
00:25.672  render           | Rendering frame 552
00:25.672  render           | Start rendering: PNPLINE_MASTER_v003, ViewLayer
00:25.672  render           | Engine: Workbench
00:25.703  render           | Saved: 'F:\pnpline-landing\hero-section-video\blockout\blockout-master-v003\preview\frames\frame-0552.png'
00:25.703  render           | Time: 00:00.04 (Saving: 00:00.02)
00:25.703  render           | Rendering frame 553
00:25.703  render           | Start rendering: PNPLINE_MASTER_v003, ViewLayer
00:25.703  render           | Engine: Workbench
00:25.750  render           | Saved: 'F:\pnpline-landing\hero-section-video\blockout\blockout-master-v003\preview\frames\frame-0553.png'
00:25.750  render           | Time: 00:00.04 (Saving: 00:00.02)
00:25.750  render           | Rendering frame 554
00:25.750  render           | Start rendering: PNPLINE_MASTER_v003, ViewLayer
00:25.750  render           | Engine: Workbench
00:25.797  render           | Saved: 'F:\pnpline-landing\hero-section-video\blockout\blockout-master-v003\preview\frames\frame-0554.png'
00:25.797  render           | Time: 00:00.04 (Saving: 00:00.02)
00:25.797  render           | Rendering frame 555
00:25.797  render           | Start rendering: PNPLINE_MASTER_v003, ViewLayer
00:25.797  render           | Engine: Workbench
00:25.843  render           | Saved: 'F:\pnpline-landing\hero-section-video\blockout\blockout-master-v003\preview\frames\frame-0555.png'
00:25.843  render           | Time: 00:00.04 (Saving: 00:00.02)
00:25.843  render           | Rendering frame 556
00:25.843  render           | Start rendering: PNPLINE_MASTER_v003, ViewLayer
00:25.843  render           | Engine: Workbench
00:25.890  render           | Saved: 'F:\pnpline-landing\hero-section-video\blockout\blockout-master-v003\preview\frames\frame-0556.png'
00:25.890  render           | Time: 00:00.04 (Saving: 00:00.02)
00:25.890  render           | Rendering frame 557
00:25.890  render           | Start rendering: PNPLINE_MASTER_v003, ViewLayer
00:25.890  render           | Engine: Workbench
00:25.937  render           | Saved: 'F:\pnpline-landing\hero-section-video\blockout\blockout-master-v003\preview\frames\frame-0557.png'
00:25.937  render           | Time: 00:00.04 (Saving: 00:00.02)
00:25.937  render           | Rendering frame 558
00:25.937  render           | Start rendering: PNPLINE_MASTER_v003, ViewLayer
00:25.937  render           | Engine: Workbench
00:25.984  render           | Saved: 'F:\pnpline-landing\hero-section-video\blockout\blockout-master-v003\preview\frames\frame-0558.png'
00:25.984  render           | Time: 00:00.04 (Saving: 00:00.02)
00:25.984  render           | Rendering frame 559
00:25.984  render           | Start rendering: PNPLINE_MASTER_v003, ViewLayer
00:25.984  render           | Engine: Workbench
00:26.031  render           | Saved: 'F:\pnpline-landing\hero-section-video\blockout\blockout-master-v003\preview\frames\frame-0559.png'
00:26.031  render           | Time: 00:00.04 (Saving: 00:00.02)
00:26.031  render           | Rendering frame 560
00:26.031  render           | Start rendering: PNPLINE_MASTER_v003, ViewLayer
00:26.031  render           | Engine: Workbench
00:26.093  render           | Saved: 'F:\pnpline-landing\hero-section-video\blockout\blockout-master-v003\preview\frames\frame-0560.png'
00:26.093  render           | Time: 00:00.05 (Saving: 00:00.02)
00:26.093  render           | Rendering frame 561
00:26.093  render           | Start rendering: PNPLINE_MASTER_v003, ViewLayer
00:26.093  render           | Engine: Workbench
00:26.140  render           | Saved: 'F:\pnpline-landing\hero-section-video\blockout\blockout-master-v003\preview\frames\frame-0561.png'
00:26.140  render           | Time: 00:00.04 (Saving: 00:00.02)
00:26.140  render           | Rendering frame 562
00:26.140  render           | Start rendering: PNPLINE_MASTER_v003, ViewLayer
00:26.140  render           | Engine: Workbench
00:26.187  render           | Saved: 'F:\pnpline-landing\hero-section-video\blockout\blockout-master-v003\preview\frames\frame-0562.png'
00:26.187  render           | Time: 00:00.04 (Saving: 00:00.02)
00:26.187  render           | Rendering frame 563
00:26.187  render           | Start rendering: PNPLINE_MASTER_v003, ViewLayer
00:26.187  render           | Engine: Workbench
00:26.218  render           | Saved: 'F:\pnpline-landing\hero-section-video\blockout\blockout-master-v003\preview\frames\frame-0563.png'
00:26.218  render           | Time: 00:00.04 (Saving: 00:00.02)
00:26.218  render           | Rendering frame 564
00:26.218  render           | Start rendering: PNPLINE_MASTER_v003, ViewLayer
00:26.218  render           | Engine: Workbench
00:26.265  render           | Saved: 'F:\pnpline-landing\hero-section-video\blockout\blockout-master-v003\preview\frames\frame-0564.png'
00:26.265  render           | Time: 00:00.04 (Saving: 00:00.02)
00:26.265  render           | Rendering frame 565
00:26.265  render           | Start rendering: PNPLINE_MASTER_v003, ViewLayer
00:26.265  render           | Engine: Workbench
00:26.312  render           | Saved: 'F:\pnpline-landing\hero-section-video\blockout\blockout-master-v003\preview\frames\frame-0565.png'
00:26.312  render           | Time: 00:00.04 (Saving: 00:00.02)
00:26.312  render           | Rendering frame 566
00:26.312  render           | Start rendering: PNPLINE_MASTER_v003, ViewLayer
00:26.312  render           | Engine: Workbench
00:26.359  render           | Saved: 'F:\pnpline-landing\hero-section-video\blockout\blockout-master-v003\preview\frames\frame-0566.png'
00:26.359  render           | Time: 00:00.04 (Saving: 00:00.02)
00:26.359  render           | Rendering frame 567
00:26.359  render           | Start rendering: PNPLINE_MASTER_v003, ViewLayer
00:26.359  render           | Engine: Workbench
00:26.390  render           | Saved: 'F:\pnpline-landing\hero-section-video\blockout\blockout-master-v003\preview\frames\frame-0567.png'
00:26.390  render           | Time: 00:00.04 (Saving: 00:00.02)
00:26.390  render           | Rendering frame 568
00:26.390  render           | Start rendering: PNPLINE_MASTER_v003, ViewLayer
00:26.390  render           | Engine: Workbench
00:26.437  render           | Saved: 'F:\pnpline-landing\hero-section-video\blockout\blockout-master-v003\preview\frames\frame-0568.png'
00:26.437  render           | Time: 00:00.04 (Saving: 00:00.02)
00:26.437  render           | Rendering frame 569
00:26.437  render           | Start rendering: PNPLINE_MASTER_v003, ViewLayer
00:26.437  render           | Engine: Workbench
00:26.484  render           | Saved: 'F:\pnpline-landing\hero-section-video\blockout\blockout-master-v003\preview\frames\frame-0569.png'
00:26.484  render           | Time: 00:00.04 (Saving: 00:00.02)
00:26.484  render           | Rendering frame 570
00:26.484  render           | Start rendering: PNPLINE_MASTER_v003, ViewLayer
00:26.484  render           | Engine: Workbench
00:26.531  render           | Saved: 'F:\pnpline-landing\hero-section-video\blockout\blockout-master-v003\preview\frames\frame-0570.png'
00:26.531  render           | Time: 00:00.04 (Saving: 00:00.02)
00:26.531  render           | Rendering frame 571
00:26.531  render           | Start rendering: PNPLINE_MASTER_v003, ViewLayer
00:26.531  render           | Engine: Workbench
00:26.578  render           | Saved: 'F:\pnpline-landing\hero-section-video\blockout\blockout-master-v003\preview\frames\frame-0571.png'
00:26.578  render           | Time: 00:00.04 (Saving: 00:00.02)
00:26.578  render           | Rendering frame 572
00:26.578  render           | Start rendering: PNPLINE_MASTER_v003, ViewLayer
00:26.578  render           | Engine: Workbench
00:26.625  render           | Saved: 'F:\pnpline-landing\hero-section-video\blockout\blockout-master-v003\preview\frames\frame-0572.png'
00:26.625  render           | Time: 00:00.04 (Saving: 00:00.02)
00:26.625  render           | Rendering frame 573
00:26.625  render           | Start rendering: PNPLINE_MASTER_v003, ViewLayer
00:26.625  render           | Engine: Workbench
00:26.672  render           | Saved: 'F:\pnpline-landing\hero-section-video\blockout\blockout-master-v003\preview\frames\frame-0573.png'
00:26.672  render           | Time: 00:00.04 (Saving: 00:00.02)
00:26.672  render           | Rendering frame 574
00:26.672  render           | Start rendering: PNPLINE_MASTER_v003, ViewLayer
00:26.672  render           | Engine: Workbench
00:26.718  render           | Saved: 'F:\pnpline-landing\hero-section-video\blockout\blockout-master-v003\preview\frames\frame-0574.png'
00:26.718  render           | Time: 00:00.04 (Saving: 00:00.02)
00:26.718  render           | Rendering frame 575
00:26.718  render           | Start rendering: PNPLINE_MASTER_v003, ViewLayer
00:26.718  render           | Engine: Workbench
00:26.781  render           | Saved: 'F:\pnpline-landing\hero-section-video\blockout\blockout-master-v003\preview\frames\frame-0575.png'
00:26.781  render           | Time: 00:00.05 (Saving: 00:00.02)
00:26.781  render           | Rendering frame 576
00:26.781  render           | Start rendering: PNPLINE_MASTER_v003, ViewLayer
00:26.781  render           | Engine: Workbench
00:26.828  render           | Saved: 'F:\pnpline-landing\hero-section-video\blockout\blockout-master-v003\preview\frames\frame-0576.png'
00:26.828  render           | Time: 00:00.05 (Saving: 00:00.02)
00:26.828  render           | Rendering frame 577
00:26.828  render           | Start rendering: PNPLINE_MASTER_v003, ViewLayer
00:26.828  render           | Engine: Workbench
00:26.875  render           | Saved: 'F:\pnpline-landing\hero-section-video\blockout\blockout-master-v003\preview\frames\frame-0577.png'
00:26.875  render           | Time: 00:00.05 (Saving: 00:00.02)
00:26.875  render           | Rendering frame 578
00:26.875  render           | Start rendering: PNPLINE_MASTER_v003, ViewLayer
00:26.875  render           | Engine: Workbench
00:26.937  render           | Saved: 'F:\pnpline-landing\hero-section-video\blockout\blockout-master-v003\preview\frames\frame-0578.png'
00:26.937  render           | Time: 00:00.05 (Saving: 00:00.02)
00:26.937  render           | Rendering frame 579
00:26.937  render           | Start rendering: PNPLINE_MASTER_v003, ViewLayer
00:26.937  render           | Engine: Workbench
00:26.984  render           | Saved: 'F:\pnpline-landing\hero-section-video\blockout\blockout-master-v003\preview\frames\frame-0579.png'
00:26.984  render           | Time: 00:00.04 (Saving: 00:00.02)
00:26.984  render           | Rendering frame 580
00:26.984  render           | Start rendering: PNPLINE_MASTER_v003, ViewLayer
00:26.984  render           | Engine: Workbench
00:27.047  render           | Saved: 'F:\pnpline-landing\hero-section-video\blockout\blockout-master-v003\preview\frames\frame-0580.png'
00:27.047  render           | Time: 00:00.05 (Saving: 00:00.02)
00:27.047  render           | Rendering frame 581
00:27.047  render           | Start rendering: PNPLINE_MASTER_v003, ViewLayer
00:27.047  render           | Engine: Workbench
00:27.093  render           | Saved: 'F:\pnpline-landing\hero-section-video\blockout\blockout-master-v003\preview\frames\frame-0581.png'
00:27.093  render           | Time: 00:00.05 (Saving: 00:00.02)
00:27.093  render           | Rendering frame 582
00:27.093  render           | Start rendering: PNPLINE_MASTER_v003, ViewLayer
00:27.093  render           | Engine: Workbench
00:27.156  render           | Saved: 'F:\pnpline-landing\hero-section-video\blockout\blockout-master-v003\preview\frames\frame-0582.png'
00:27.156  render           | Time: 00:00.05 (Saving: 00:00.02)
00:27.156  render           | Rendering frame 583
00:27.156  render           | Start rendering: PNPLINE_MASTER_v003, ViewLayer
00:27.156  render           | Engine: Workbench
00:27.203  render           | Saved: 'F:\pnpline-landing\hero-section-video\blockout\blockout-master-v003\preview\frames\frame-0583.png'
00:27.203  render           | Time: 00:00.05 (Saving: 00:00.02)
00:27.203  render           | Rendering frame 584
00:27.203  render           | Start rendering: PNPLINE_MASTER_v003, ViewLayer
00:27.203  render           | Engine: Workbench
00:27.250  render           | Saved: 'F:\pnpline-landing\hero-section-video\blockout\blockout-master-v003\preview\frames\frame-0584.png'
00:27.250  render           | Time: 00:00.04 (Saving: 00:00.02)
00:27.250  render           | Rendering frame 585
00:27.250  render           | Start rendering: PNPLINE_MASTER_v003, ViewLayer
00:27.250  render           | Engine: Workbench
00:27.312  render           | Saved: 'F:\pnpline-landing\hero-section-video\blockout\blockout-master-v003\preview\frames\frame-0585.png'
00:27.312  render           | Time: 00:00.05 (Saving: 00:00.02)
00:27.312  render           | Rendering frame 586
00:27.312  render           | Start rendering: PNPLINE_MASTER_v003, ViewLayer
00:27.312  render           | Engine: Workbench
00:27.359  render           | Saved: 'F:\pnpline-landing\hero-section-video\blockout\blockout-master-v003\preview\frames\frame-0586.png'
00:27.359  render           | Time: 00:00.05 (Saving: 00:00.02)
00:27.359  render           | Rendering frame 587
00:27.359  render           | Start rendering: PNPLINE_MASTER_v003, ViewLayer
00:27.359  render           | Engine: Workbench
00:27.422  render           | Saved: 'F:\pnpline-landing\hero-section-video\blockout\blockout-master-v003\preview\frames\frame-0587.png'
00:27.422  render           | Time: 00:00.05 (Saving: 00:00.02)
00:27.422  render           | Rendering frame 588
00:27.422  render           | Start rendering: PNPLINE_MASTER_v003, ViewLayer
00:27.422  render           | Engine: Workbench
00:27.484  render           | Saved: 'F:\pnpline-landing\hero-section-video\blockout\blockout-master-v003\preview\frames\frame-0588.png'
00:27.484  render           | Time: 00:00.05 (Saving: 00:00.02)
00:27.484  render           | Rendering frame 589
00:27.484  render           | Start rendering: PNPLINE_MASTER_v003, ViewLayer
00:27.484  render           | Engine: Workbench
00:27.531  render           | Saved: 'F:\pnpline-landing\hero-section-video\blockout\blockout-master-v003\preview\frames\frame-0589.png'
00:27.531  render           | Time: 00:00.05 (Saving: 00:00.02)
00:27.531  render           | Rendering frame 590
00:27.531  render           | Start rendering: PNPLINE_MASTER_v003, ViewLayer
00:27.531  render           | Engine: Workbench
00:27.593  render           | Saved: 'F:\pnpline-landing\hero-section-video\blockout\blockout-master-v003\preview\frames\frame-0590.png'
00:27.593  render           | Time: 00:00.05 (Saving: 00:00.02)
00:27.593  render           | Rendering frame 591
00:27.593  render           | Start rendering: PNPLINE_MASTER_v003, ViewLayer
00:27.593  render           | Engine: Workbench
00:27.656  render           | Saved: 'F:\pnpline-landing\hero-section-video\blockout\blockout-master-v003\preview\frames\frame-0591.png'
00:27.656  render           | Time: 00:00.05 (Saving: 00:00.02)
00:27.656  render           | Rendering frame 592
00:27.656  render           | Start rendering: PNPLINE_MASTER_v003, ViewLayer
00:27.656  render           | Engine: Workbench
00:27.718  render           | Saved: 'F:\pnpline-landing\hero-section-video\blockout\blockout-master-v003\preview\frames\frame-0592.png'
00:27.718  render           | Time: 00:00.06 (Saving: 00:00.02)
00:27.718  render           | Rendering frame 593
00:27.718  render           | Start rendering: PNPLINE_MASTER_v003, ViewLayer
00:27.718  render           | Engine: Workbench
00:27.781  render           | Saved: 'F:\pnpline-landing\hero-section-video\blockout\blockout-master-v003\preview\frames\frame-0593.png'
00:27.781  render           | Time: 00:00.06 (Saving: 00:00.02)
00:27.781  render           | Rendering frame 594
00:27.781  render           | Start rendering: PNPLINE_MASTER_v003, ViewLayer
00:27.781  render           | Engine: Workbench
00:27.843  render           | Saved: 'F:\pnpline-landing\hero-section-video\blockout\blockout-master-v003\preview\frames\frame-0594.png'
00:27.843  render           | Time: 00:00.05 (Saving: 00:00.02)
00:27.843  render           | Rendering frame 595
00:27.843  render           | Start rendering: PNPLINE_MASTER_v003, ViewLayer
00:27.843  render           | Engine: Workbench
00:27.890  render           | Saved: 'F:\pnpline-landing\hero-section-video\blockout\blockout-master-v003\preview\frames\frame-0595.png'
00:27.890  render           | Time: 00:00.05 (Saving: 00:00.02)
00:27.890  render           | Rendering frame 596
00:27.890  render           | Start rendering: PNPLINE_MASTER_v003, ViewLayer
00:27.890  render           | Engine: Workbench
00:27.937  render           | Saved: 'F:\pnpline-landing\hero-section-video\blockout\blockout-master-v003\preview\frames\frame-0596.png'
00:27.937  render           | Time: 00:00.04 (Saving: 00:00.02)
00:27.937  render           | Rendering frame 597
00:27.937  render           | Start rendering: PNPLINE_MASTER_v003, ViewLayer
00:27.937  render           | Engine: Workbench
00:28.000  render           | Saved: 'F:\pnpline-landing\hero-section-video\blockout\blockout-master-v003\preview\frames\frame-0597.png'
00:28.000  render           | Time: 00:00.06 (Saving: 00:00.02)
00:28.000  render           | Rendering frame 598
00:28.000  render           | Start rendering: PNPLINE_MASTER_v003, ViewLayer
00:28.000  render           | Engine: Workbench
00:28.062  render           | Saved: 'F:\pnpline-landing\hero-section-video\blockout\blockout-master-v003\preview\frames\frame-0598.png'
00:28.062  render           | Time: 00:00.05 (Saving: 00:00.02)
00:28.062  render           | Rendering frame 599
00:28.062  render           | Start rendering: PNPLINE_MASTER_v003, ViewLayer
00:28.062  render           | Engine: Workbench
00:28.109  render           | Saved: 'F:\pnpline-landing\hero-section-video\blockout\blockout-master-v003\preview\frames\frame-0599.png'
00:28.109  render           | Time: 00:00.05 (Saving: 00:00.02)
00:28.109  render           | Rendering frame 600
00:28.109  render           | Start rendering: PNPLINE_MASTER_v003, ViewLayer
00:28.109  render           | Engine: Workbench
00:28.156  render           | Saved: 'F:\pnpline-landing\hero-section-video\blockout\blockout-master-v003\preview\frames\frame-0600.png'
00:28.156  render           | Time: 00:00.05 (Saving: 00:00.02)
00:28.156  render           | Rendering frame 601
00:28.156  render           | Start rendering: PNPLINE_MASTER_v003, ViewLayer
00:28.156  render           | Engine: Workbench
00:28.218  render           | Saved: 'F:\pnpline-landing\hero-section-video\blockout\blockout-master-v003\preview\frames\frame-0601.png'
00:28.218  render           | Time: 00:00.05 (Saving: 00:00.02)
00:28.218  render           | Rendering frame 602
00:28.218  render           | Start rendering: PNPLINE_MASTER_v003, ViewLayer
00:28.218  render           | Engine: Workbench
00:28.265  render           | Saved: 'F:\pnpline-landing\hero-section-video\blockout\blockout-master-v003\preview\frames\frame-0602.png'
00:28.265  render           | Time: 00:00.04 (Saving: 00:00.02)
00:28.265  render           | Rendering frame 603
00:28.265  render           | Start rendering: PNPLINE_MASTER_v003, ViewLayer
00:28.265  render           | Engine: Workbench
00:28.312  render           | Saved: 'F:\pnpline-landing\hero-section-video\blockout\blockout-master-v003\preview\frames\frame-0603.png'
00:28.312  render           | Time: 00:00.04 (Saving: 00:00.02)
00:28.312  render           | Rendering frame 604
00:28.312  render           | Start rendering: PNPLINE_MASTER_v003, ViewLayer
00:28.312  render           | Engine: Workbench
00:28.359  render           | Saved: 'F:\pnpline-landing\hero-section-video\blockout\blockout-master-v003\preview\frames\frame-0604.png'
00:28.359  render           | Time: 00:00.04 (Saving: 00:00.02)
00:28.359  render           | Rendering frame 605
00:28.359  render           | Start rendering: PNPLINE_MASTER_v003, ViewLayer
00:28.359  render           | Engine: Workbench
00:28.406  render           | Saved: 'F:\pnpline-landing\hero-section-video\blockout\blockout-master-v003\preview\frames\frame-0605.png'
00:28.406  render           | Time: 00:00.04 (Saving: 00:00.02)
00:28.406  render           | Rendering frame 606
00:28.406  render           | Start rendering: PNPLINE_MASTER_v003, ViewLayer
00:28.406  render           | Engine: Workbench
00:28.453  render           | Saved: 'F:\pnpline-landing\hero-section-video\blockout\blockout-master-v003\preview\frames\frame-0606.png'
00:28.453  render           | Time: 00:00.04 (Saving: 00:00.02)
00:28.453  render           | Rendering frame 607
00:28.453  render           | Start rendering: PNPLINE_MASTER_v003, ViewLayer
00:28.453  render           | Engine: Workbench
00:28.500  render           | Saved: 'F:\pnpline-landing\hero-section-video\blockout\blockout-master-v003\preview\frames\frame-0607.png'
00:28.500  render           | Time: 00:00.04 (Saving: 00:00.02)
00:28.500  render           | Rendering frame 608
00:28.500  render           | Start rendering: PNPLINE_MASTER_v003, ViewLayer
00:28.500  render           | Engine: Workbench
00:28.547  render           | Saved: 'F:\pnpline-landing\hero-section-video\blockout\blockout-master-v003\preview\frames\frame-0608.png'
00:28.547  render           | Time: 00:00.04 (Saving: 00:00.02)
00:28.547  render           | Rendering frame 609
00:28.547  render           | Start rendering: PNPLINE_MASTER_v003, ViewLayer
00:28.547  render           | Engine: Workbench
00:28.593  render           | Saved: 'F:\pnpline-landing\hero-section-video\blockout\blockout-master-v003\preview\frames\frame-0609.png'
00:28.593  render           | Time: 00:00.04 (Saving: 00:00.02)
00:28.593  render           | Rendering frame 610
00:28.593  render           | Start rendering: PNPLINE_MASTER_v003, ViewLayer
00:28.593  render           | Engine: Workbench
00:28.640  render           | Saved: 'F:\pnpline-landing\hero-section-video\blockout\blockout-master-v003\preview\frames\frame-0610.png'
00:28.640  render           | Time: 00:00.04 (Saving: 00:00.02)
00:28.640  render           | Rendering frame 611
00:28.640  render           | Start rendering: PNPLINE_MASTER_v003, ViewLayer
00:28.640  render           | Engine: Workbench
00:28.687  render           | Saved: 'F:\pnpline-landing\hero-section-video\blockout\blockout-master-v003\preview\frames\frame-0611.png'
00:28.687  render           | Time: 00:00.04 (Saving: 00:00.02)
00:28.687  render           | Rendering frame 612
00:28.687  render           | Start rendering: PNPLINE_MASTER_v003, ViewLayer
00:28.687  render           | Engine: Workbench
00:28.734  render           | Saved: 'F:\pnpline-landing\hero-section-video\blockout\blockout-master-v003\preview\frames\frame-0612.png'
00:28.734  render           | Time: 00:00.04 (Saving: 00:00.02)
00:28.734  render           | Rendering frame 613
00:28.734  render           | Start rendering: PNPLINE_MASTER_v003, ViewLayer
00:28.734  render           | Engine: Workbench
00:28.781  render           | Saved: 'F:\pnpline-landing\hero-section-video\blockout\blockout-master-v003\preview\frames\frame-0613.png'
00:28.781  render           | Time: 00:00.04 (Saving: 00:00.02)
00:28.781  render           | Rendering frame 614
00:28.781  render           | Start rendering: PNPLINE_MASTER_v003, ViewLayer
00:28.781  render           | Engine: Workbench
00:28.828  render           | Saved: 'F:\pnpline-landing\hero-section-video\blockout\blockout-master-v003\preview\frames\frame-0614.png'
00:28.828  render           | Time: 00:00.04 (Saving: 00:00.02)
00:28.828  render           | Rendering frame 615
00:28.828  render           | Start rendering: PNPLINE_MASTER_v003, ViewLayer
00:28.828  render           | Engine: Workbench
00:28.875  render           | Saved: 'F:\pnpline-landing\hero-section-video\blockout\blockout-master-v003\preview\frames\frame-0615.png'
00:28.875  render           | Time: 00:00.04 (Saving: 00:00.02)
00:28.875  render           | Rendering frame 616
00:28.875  render           | Start rendering: PNPLINE_MASTER_v003, ViewLayer
00:28.875  render           | Engine: Workbench
00:28.922  render           | Saved: 'F:\pnpline-landing\hero-section-video\blockout\blockout-master-v003\preview\frames\frame-0616.png'
00:28.922  render           | Time: 00:00.04 (Saving: 00:00.02)
00:28.922  render           | Rendering frame 617
00:28.922  render           | Start rendering: PNPLINE_MASTER_v003, ViewLayer
00:28.922  render           | Engine: Workbench
00:28.984  render           | Saved: 'F:\pnpline-landing\hero-section-video\blockout\blockout-master-v003\preview\frames\frame-0617.png'
00:28.984  render           | Time: 00:00.04 (Saving: 00:00.02)
00:28.984  render           | Rendering frame 618
00:28.984  render           | Start rendering: PNPLINE_MASTER_v003, ViewLayer
00:28.984  render           | Engine: Workbench
00:29.015  render           | Saved: 'F:\pnpline-landing\hero-section-video\blockout\blockout-master-v003\preview\frames\frame-0618.png'
00:29.015  render           | Time: 00:00.04 (Saving: 00:00.02)
00:29.015  render           | Rendering frame 619
00:29.015  render           | Start rendering: PNPLINE_MASTER_v003, ViewLayer
00:29.015  render           | Engine: Workbench
00:29.078  render           | Saved: 'F:\pnpline-landing\hero-section-video\blockout\blockout-master-v003\preview\frames\frame-0619.png'
00:29.078  render           | Time: 00:00.04 (Saving: 00:00.02)
00:29.078  render           | Rendering frame 620
00:29.078  render           | Start rendering: PNPLINE_MASTER_v003, ViewLayer
00:29.078  render           | Engine: Workbench
00:29.125  render           | Saved: 'F:\pnpline-landing\hero-section-video\blockout\blockout-master-v003\preview\frames\frame-0620.png'
00:29.125  render           | Time: 00:00.05 (Saving: 00:00.02)
00:29.125  render           | Rendering frame 621
00:29.125  render           | Start rendering: PNPLINE_MASTER_v003, ViewLayer
00:29.125  render           | Engine: Workbench
00:29.172  render           | Saved: 'F:\pnpline-landing\hero-section-video\blockout\blockout-master-v003\preview\frames\frame-0621.png'
00:29.172  render           | Time: 00:00.05 (Saving: 00:00.02)
00:29.172  render           | Rendering frame 622
00:29.172  render           | Start rendering: PNPLINE_MASTER_v003, ViewLayer
00:29.172  render           | Engine: Workbench
00:29.234  render           | Saved: 'F:\pnpline-landing\hero-section-video\blockout\blockout-master-v003\preview\frames\frame-0622.png'
00:29.234  render           | Time: 00:00.05 (Saving: 00:00.02)
00:29.234  render           | Rendering frame 623
00:29.234  render           | Start rendering: PNPLINE_MASTER_v003, ViewLayer
00:29.234  render           | Engine: Workbench
00:29.281  render           | Saved: 'F:\pnpline-landing\hero-section-video\blockout\blockout-master-v003\preview\frames\frame-0623.png'
00:29.281  render           | Time: 00:00.05 (Saving: 00:00.02)
00:29.281  render           | Rendering frame 624
00:29.281  render           | Start rendering: PNPLINE_MASTER_v003, ViewLayer
00:29.281  render           | Engine: Workbench
00:29.343  render           | Saved: 'F:\pnpline-landing\hero-section-video\blockout\blockout-master-v003\preview\frames\frame-0624.png'
00:29.343  render           | Time: 00:00.06 (Saving: 00:00.02)
00:29.343  render           | Rendering frame 625
00:29.343  render           | Start rendering: PNPLINE_MASTER_v003, ViewLayer
00:29.343  render           | Engine: Workbench
00:29.406  render           | Saved: 'F:\pnpline-landing\hero-section-video\blockout\blockout-master-v003\preview\frames\frame-0625.png'
00:29.406  render           | Time: 00:00.05 (Saving: 00:00.02)
00:29.406  render           | Rendering frame 626
00:29.406  render           | Start rendering: PNPLINE_MASTER_v003, ViewLayer
00:29.406  render           | Engine: Workbench
00:29.453  render           | Saved: 'F:\pnpline-landing\hero-section-video\blockout\blockout-master-v003\preview\frames\frame-0626.png'
00:29.453  render           | Time: 00:00.05 (Saving: 00:00.02)
00:29.453  render           | Rendering frame 627
00:29.453  render           | Start rendering: PNPLINE_MASTER_v003, ViewLayer
00:29.453  render           | Engine: Workbench
00:29.515  render           | Saved: 'F:\pnpline-landing\hero-section-video\blockout\blockout-master-v003\preview\frames\frame-0627.png'
00:29.515  render           | Time: 00:00.05 (Saving: 00:00.02)
00:29.515  render           | Rendering frame 628
00:29.515  render           | Start rendering: PNPLINE_MASTER_v003, ViewLayer
00:29.515  render           | Engine: Workbench
00:29.562  render           | Saved: 'F:\pnpline-landing\hero-section-video\blockout\blockout-master-v003\preview\frames\frame-0628.png'
00:29.562  render           | Time: 00:00.04 (Saving: 00:00.02)
00:29.562  render           | Rendering frame 629
00:29.562  render           | Start rendering: PNPLINE_MASTER_v003, ViewLayer
00:29.562  render           | Engine: Workbench
00:29.609  render           | Saved: 'F:\pnpline-landing\hero-section-video\blockout\blockout-master-v003\preview\frames\frame-0629.png'
00:29.609  render           | Time: 00:00.04 (Saving: 00:00.02)
00:29.609  render           | Rendering frame 630
00:29.609  render           | Start rendering: PNPLINE_MASTER_v003, ViewLayer
00:29.609  render           | Engine: Workbench
00:29.656  render           | Saved: 'F:\pnpline-landing\hero-section-video\blockout\blockout-master-v003\preview\frames\frame-0630.png'
00:29.656  render           | Time: 00:00.04 (Saving: 00:00.02)
00:29.656  render           | Rendering frame 631
00:29.656  render           | Start rendering: PNPLINE_MASTER_v003, ViewLayer
00:29.656  render           | Engine: Workbench
00:29.703  render           | Saved: 'F:\pnpline-landing\hero-section-video\blockout\blockout-master-v003\preview\frames\frame-0631.png'
00:29.703  render           | Time: 00:00.04 (Saving: 00:00.02)
00:29.703  render           | Rendering frame 632
00:29.703  render           | Start rendering: PNPLINE_MASTER_v003, ViewLayer
00:29.703  render           | Engine: Workbench
00:29.750  render           | Saved: 'F:\pnpline-landing\hero-section-video\blockout\blockout-master-v003\preview\frames\frame-0632.png'
00:29.750  render           | Time: 00:00.04 (Saving: 00:00.02)
00:29.750  render           | Rendering frame 633
00:29.750  render           | Start rendering: PNPLINE_MASTER_v003, ViewLayer
00:29.750  render           | Engine: Workbench
00:29.797  render           | Saved: 'F:\pnpline-landing\hero-section-video\blockout\blockout-master-v003\preview\frames\frame-0633.png'
00:29.797  render           | Time: 00:00.04 (Saving: 00:00.02)
00:29.797  render           | Rendering frame 634
00:29.797  render           | Start rendering: PNPLINE_MASTER_v003, ViewLayer
00:29.797  render           | Engine: Workbench
00:29.843  render           | Saved: 'F:\pnpline-landing\hero-section-video\blockout\blockout-master-v003\preview\frames\frame-0634.png'
00:29.843  render           | Time: 00:00.04 (Saving: 00:00.02)
00:29.843  render           | Rendering frame 635
00:29.843  render           | Start rendering: PNPLINE_MASTER_v003, ViewLayer
00:29.843  render           | Engine: Workbench
00:29.890  render           | Saved: 'F:\pnpline-landing\hero-section-video\blockout\blockout-master-v003\preview\frames\frame-0635.png'
00:29.890  render           | Time: 00:00.04 (Saving: 00:00.02)
00:29.890  render           | Rendering frame 636
00:29.890  render           | Start rendering: PNPLINE_MASTER_v003, ViewLayer
00:29.890  render           | Engine: Workbench
00:29.937  render           | Saved: 'F:\pnpline-landing\hero-section-video\blockout\blockout-master-v003\preview\frames\frame-0636.png'
00:29.937  render           | Time: 00:00.04 (Saving: 00:00.02)
00:29.937  render           | Rendering frame 637
00:29.937  render           | Start rendering: PNPLINE_MASTER_v003, ViewLayer
00:29.937  render           | Engine: Workbench
00:29.984  render           | Saved: 'F:\pnpline-landing\hero-section-video\blockout\blockout-master-v003\preview\frames\frame-0637.png'
00:29.984  render           | Time: 00:00.04 (Saving: 00:00.02)
00:29.984  render           | Rendering frame 638
00:29.984  render           | Start rendering: PNPLINE_MASTER_v003, ViewLayer
00:29.984  render           | Engine: Workbench
00:30.031  render           | Saved: 'F:\pnpline-landing\hero-section-video\blockout\blockout-master-v003\preview\frames\frame-0638.png'
00:30.031  render           | Time: 00:00.05 (Saving: 00:00.02)
00:30.031  render           | Rendering frame 639
00:30.031  render           | Start rendering: PNPLINE_MASTER_v003, ViewLayer
00:30.031  render           | Engine: Workbench
00:30.093  render           | Saved: 'F:\pnpline-landing\hero-section-video\blockout\blockout-master-v003\preview\frames\frame-0639.png'
00:30.093  render           | Time: 00:00.05 (Saving: 00:00.02)
00:30.093  render           | Rendering frame 640
00:30.093  render           | Start rendering: PNPLINE_MASTER_v003, ViewLayer
00:30.093  render           | Engine: Workbench
00:30.140  render           | Saved: 'F:\pnpline-landing\hero-section-video\blockout\blockout-master-v003\preview\frames\frame-0640.png'
00:30.140  render           | Time: 00:00.04 (Saving: 00:00.02)
00:30.140  render           | Rendering frame 641
00:30.140  render           | Start rendering: PNPLINE_MASTER_v003, ViewLayer
00:30.140  render           | Engine: Workbench
00:30.187  render           | Saved: 'F:\pnpline-landing\hero-section-video\blockout\blockout-master-v003\preview\frames\frame-0641.png'
00:30.187  render           | Time: 00:00.04 (Saving: 00:00.02)
00:30.187  render           | Rendering frame 642
00:30.187  render           | Start rendering: PNPLINE_MASTER_v003, ViewLayer
00:30.187  render           | Engine: Workbench
00:30.234  render           | Saved: 'F:\pnpline-landing\hero-section-video\blockout\blockout-master-v003\preview\frames\frame-0642.png'
00:30.234  render           | Time: 00:00.04 (Saving: 00:00.02)
00:30.234  render           | Rendering frame 643
00:30.234  render           | Start rendering: PNPLINE_MASTER_v003, ViewLayer
00:30.234  render           | Engine: Workbench
00:30.281  render           | Saved: 'F:\pnpline-landing\hero-section-video\blockout\blockout-master-v003\preview\frames\frame-0643.png'
00:30.281  render           | Time: 00:00.04 (Saving: 00:00.02)
00:30.281  render           | Rendering frame 644
00:30.281  render           | Start rendering: PNPLINE_MASTER_v003, ViewLayer
00:30.281  render           | Engine: Workbench
00:30.328  render           | Saved: 'F:\pnpline-landing\hero-section-video\blockout\blockout-master-v003\preview\frames\frame-0644.png'
00:30.328  render           | Time: 00:00.04 (Saving: 00:00.02)
00:30.328  render           | Rendering frame 645
00:30.328  render           | Start rendering: PNPLINE_MASTER_v003, ViewLayer
00:30.328  render           | Engine: Workbench
00:30.359  render           | Saved: 'F:\pnpline-landing\hero-section-video\blockout\blockout-master-v003\preview\frames\frame-0645.png'
00:30.359  render           | Time: 00:00.04 (Saving: 00:00.02)
00:30.359  render           | Rendering frame 646
00:30.359  render           | Start rendering: PNPLINE_MASTER_v003, ViewLayer
00:30.359  render           | Engine: Workbench
00:30.406  render           | Saved: 'F:\pnpline-landing\hero-section-video\blockout\blockout-master-v003\preview\frames\frame-0646.png'
00:30.406  render           | Time: 00:00.04 (Saving: 00:00.02)
00:30.406  render           | Rendering frame 647
00:30.406  render           | Start rendering: PNPLINE_MASTER_v003, ViewLayer
00:30.406  render           | Engine: Workbench
00:30.453  render           | Saved: 'F:\pnpline-landing\hero-section-video\blockout\blockout-master-v003\preview\frames\frame-0647.png'
00:30.453  render           | Time: 00:00.04 (Saving: 00:00.02)
00:30.453  render           | Rendering frame 648
00:30.453  render           | Start rendering: PNPLINE_MASTER_v003, ViewLayer
00:30.453  render           | Engine: Workbench
00:30.500  render           | Saved: 'F:\pnpline-landing\hero-section-video\blockout\blockout-master-v003\preview\frames\frame-0648.png'
00:30.500  render           | Time: 00:00.04 (Saving: 00:00.02)
00:30.500  render           | Rendering frame 649
00:30.500  render           | Start rendering: PNPLINE_MASTER_v003, ViewLayer
00:30.500  render           | Engine: Workbench
00:30.547  render           | Saved: 'F:\pnpline-landing\hero-section-video\blockout\blockout-master-v003\preview\frames\frame-0649.png'
00:30.547  render           | Time: 00:00.04 (Saving: 00:00.02)
00:30.547  render           | Rendering frame 650
00:30.547  render           | Start rendering: PNPLINE_MASTER_v003, ViewLayer
00:30.547  render           | Engine: Workbench
00:30.593  render           | Saved: 'F:\pnpline-landing\hero-section-video\blockout\blockout-master-v003\preview\frames\frame-0650.png'
00:30.593  render           | Time: 00:00.04 (Saving: 00:00.02)
00:30.593  render           | Rendering frame 651
00:30.593  render           | Start rendering: PNPLINE_MASTER_v003, ViewLayer
00:30.593  render           | Engine: Workbench
00:30.640  render           | Saved: 'F:\pnpline-landing\hero-section-video\blockout\blockout-master-v003\preview\frames\frame-0651.png'
00:30.640  render           | Time: 00:00.04 (Saving: 00:00.02)
00:30.640  render           | Rendering frame 652
00:30.640  render           | Start rendering: PNPLINE_MASTER_v003, ViewLayer
00:30.640  render           | Engine: Workbench
00:30.672  render           | Saved: 'F:\pnpline-landing\hero-section-video\blockout\blockout-master-v003\preview\frames\frame-0652.png'
00:30.672  render           | Time: 00:00.04 (Saving: 00:00.01)
00:30.672  render           | Rendering frame 653
00:30.672  render           | Start rendering: PNPLINE_MASTER_v003, ViewLayer
00:30.672  render           | Engine: Workbench
00:30.718  render           | Saved: 'F:\pnpline-landing\hero-section-video\blockout\blockout-master-v003\preview\frames\frame-0653.png'
00:30.718  render           | Time: 00:00.04 (Saving: 00:00.02)
00:30.718  render           | Rendering frame 654
00:30.718  render           | Start rendering: PNPLINE_MASTER_v003, ViewLayer
00:30.718  render           | Engine: Workbench
00:30.765  render           | Saved: 'F:\pnpline-landing\hero-section-video\blockout\blockout-master-v003\preview\frames\frame-0654.png'
00:30.765  render           | Time: 00:00.04 (Saving: 00:00.02)
00:30.765  render           | Rendering frame 655
00:30.765  render           | Start rendering: PNPLINE_MASTER_v003, ViewLayer
00:30.765  render           | Engine: Workbench
00:30.812  render           | Saved: 'F:\pnpline-landing\hero-section-video\blockout\blockout-master-v003\preview\frames\frame-0655.png'
00:30.812  render           | Time: 00:00.04 (Saving: 00:00.02)
00:30.812  render           | Rendering frame 656
00:30.812  render           | Start rendering: PNPLINE_MASTER_v003, ViewLayer
00:30.812  render           | Engine: Workbench
00:30.859  render           | Saved: 'F:\pnpline-landing\hero-section-video\blockout\blockout-master-v003\preview\frames\frame-0656.png'
00:30.859  render           | Time: 00:00.04 (Saving: 00:00.02)
00:30.859  render           | Rendering frame 657
00:30.859  render           | Start rendering: PNPLINE_MASTER_v003, ViewLayer
00:30.859  render           | Engine: Workbench
00:30.906  render           | Saved: 'F:\pnpline-landing\hero-section-video\blockout\blockout-master-v003\preview\frames\frame-0657.png'
00:30.906  render           | Time: 00:00.04 (Saving: 00:00.02)
00:30.906  render           | Rendering frame 658
00:30.906  render           | Start rendering: PNPLINE_MASTER_v003, ViewLayer
00:30.906  render           | Engine: Workbench
00:30.937  render           | Saved: 'F:\pnpline-landing\hero-section-video\blockout\blockout-master-v003\preview\frames\frame-0658.png'
00:30.937  render           | Time: 00:00.04 (Saving: 00:00.02)
00:30.937  render           | Rendering frame 659
00:30.937  render           | Start rendering: PNPLINE_MASTER_v003, ViewLayer
00:30.937  render           | Engine: Workbench
00:30.984  render           | Saved: 'F:\pnpline-landing\hero-section-video\blockout\blockout-master-v003\preview\frames\frame-0659.png'
00:30.984  render           | Time: 00:00.04 (Saving: 00:00.02)
00:30.984  render           | Rendering frame 660
00:30.984  render           | Start rendering: PNPLINE_MASTER_v003, ViewLayer
00:30.984  render           | Engine: Workbench
00:31.031  render           | Saved: 'F:\pnpline-landing\hero-section-video\blockout\blockout-master-v003\preview\frames\frame-0660.png'
00:31.031  render           | Time: 00:00.04 (Saving: 00:00.02)
00:31.031  render           | Rendering frame 661
00:31.031  render           | Start rendering: PNPLINE_MASTER_v003, ViewLayer
00:31.031  render           | Engine: Workbench
00:31.078  render           | Saved: 'F:\pnpline-landing\hero-section-video\blockout\blockout-master-v003\preview\frames\frame-0661.png'
00:31.078  render           | Time: 00:00.04 (Saving: 00:00.02)
00:31.078  render           | Rendering frame 662
00:31.078  render           | Start rendering: PNPLINE_MASTER_v003, ViewLayer
00:31.078  render           | Engine: Workbench
00:31.125  render           | Saved: 'F:\pnpline-landing\hero-section-video\blockout\blockout-master-v003\preview\frames\frame-0662.png'
00:31.125  render           | Time: 00:00.04 (Saving: 00:00.02)
00:31.125  render           | Rendering frame 663
00:31.125  render           | Start rendering: PNPLINE_MASTER_v003, ViewLayer
00:31.125  render           | Engine: Workbench
00:31.172  render           | Saved: 'F:\pnpline-landing\hero-section-video\blockout\blockout-master-v003\preview\frames\frame-0663.png'
00:31.172  render           | Time: 00:00.04 (Saving: 00:00.02)
00:31.172  render           | Rendering frame 664
00:31.172  render           | Start rendering: PNPLINE_MASTER_v003, ViewLayer
00:31.172  render           | Engine: Workbench
00:31.218  render           | Saved: 'F:\pnpline-landing\hero-section-video\blockout\blockout-master-v003\preview\frames\frame-0664.png'
00:31.218  render           | Time: 00:00.04 (Saving: 00:00.02)
00:31.218  render           | Rendering frame 665
00:31.218  render           | Start rendering: PNPLINE_MASTER_v003, ViewLayer
00:31.218  render           | Engine: Workbench
00:31.265  render           | Saved: 'F:\pnpline-landing\hero-section-video\blockout\blockout-master-v003\preview\frames\frame-0665.png'
00:31.265  render           | Time: 00:00.04 (Saving: 00:00.02)
00:31.265  render           | Rendering frame 666
00:31.265  render           | Start rendering: PNPLINE_MASTER_v003, ViewLayer
00:31.265  render           | Engine: Workbench
00:31.297  render           | Saved: 'F:\pnpline-landing\hero-section-video\blockout\blockout-master-v003\preview\frames\frame-0666.png'
00:31.297  render           | Time: 00:00.04 (Saving: 00:00.02)
00:31.297  render           | Rendering frame 667
00:31.297  render           | Start rendering: PNPLINE_MASTER_v003, ViewLayer
00:31.297  render           | Engine: Workbench
00:31.343  render           | Saved: 'F:\pnpline-landing\hero-section-video\blockout\blockout-master-v003\preview\frames\frame-0667.png'
00:31.343  render           | Time: 00:00.04 (Saving: 00:00.02)
00:31.343  render           | Rendering frame 668
00:31.343  render           | Start rendering: PNPLINE_MASTER_v003, ViewLayer
00:31.343  render           | Engine: Workbench
00:31.390  render           | Saved: 'F:\pnpline-landing\hero-section-video\blockout\blockout-master-v003\preview\frames\frame-0668.png'
00:31.390  render           | Time: 00:00.04 (Saving: 00:00.02)
00:31.390  render           | Rendering frame 669
00:31.390  render           | Start rendering: PNPLINE_MASTER_v003, ViewLayer
00:31.390  render           | Engine: Workbench
00:31.437  render           | Saved: 'F:\pnpline-landing\hero-section-video\blockout\blockout-master-v003\preview\frames\frame-0669.png'
00:31.437  render           | Time: 00:00.04 (Saving: 00:00.02)
00:31.437  render           | Rendering frame 670
00:31.437  render           | Start rendering: PNPLINE_MASTER_v003, ViewLayer
00:31.437  render           | Engine: Workbench
00:31.484  render           | Saved: 'F:\pnpline-landing\hero-section-video\blockout\blockout-master-v003\preview\frames\frame-0670.png'
00:31.484  render           | Time: 00:00.04 (Saving: 00:00.02)
00:31.484  render           | Rendering frame 671
00:31.484  render           | Start rendering: PNPLINE_MASTER_v003, ViewLayer
00:31.484  render           | Engine: Workbench
00:31.515  render           | Saved: 'F:\pnpline-landing\hero-section-video\blockout\blockout-master-v003\preview\frames\frame-0671.png'
00:31.515  render           | Time: 00:00.04 (Saving: 00:00.02)
00:31.515  render           | Rendering frame 672
00:31.515  render           | Start rendering: PNPLINE_MASTER_v003, ViewLayer
00:31.515  render           | Engine: Workbench
00:31.562  render           | Saved: 'F:\pnpline-landing\hero-section-video\blockout\blockout-master-v003\preview\frames\frame-0672.png'
00:31.562  render           | Time: 00:00.04 (Saving: 00:00.02)
00:31.562  render           | Rendering frame 673
00:31.562  render           | Start rendering: PNPLINE_MASTER_v003, ViewLayer
00:31.562  render           | Engine: Workbench
00:31.609  render           | Saved: 'F:\pnpline-landing\hero-section-video\blockout\blockout-master-v003\preview\frames\frame-0673.png'
00:31.609  render           | Time: 00:00.04 (Saving: 00:00.02)
00:31.609  render           | Rendering frame 674
00:31.609  render           | Start rendering: PNPLINE_MASTER_v003, ViewLayer
00:31.609  render           | Engine: Workbench
00:31.656  render           | Saved: 'F:\pnpline-landing\hero-section-video\blockout\blockout-master-v003\preview\frames\frame-0674.png'
00:31.656  render           | Time: 00:00.04 (Saving: 00:00.02)
00:31.656  render           | Rendering frame 675
00:31.656  render           | Start rendering: PNPLINE_MASTER_v003, ViewLayer
00:31.656  render           | Engine: Workbench
00:31.703  render           | Saved: 'F:\pnpline-landing\hero-section-video\blockout\blockout-master-v003\preview\frames\frame-0675.png'
00:31.703  render           | Time: 00:00.04 (Saving: 00:00.02)
00:31.703  render           | Rendering frame 676
00:31.703  render           | Start rendering: PNPLINE_MASTER_v003, ViewLayer
00:31.703  render           | Engine: Workbench
00:31.734  render           | Saved: 'F:\pnpline-landing\hero-section-video\blockout\blockout-master-v003\preview\frames\frame-0676.png'
00:31.734  render           | Time: 00:00.04 (Saving: 00:00.02)
00:31.734  render           | Rendering frame 677
00:31.734  render           | Start rendering: PNPLINE_MASTER_v003, ViewLayer
00:31.734  render           | Engine: Workbench
00:31.781  render           | Saved: 'F:\pnpline-landing\hero-section-video\blockout\blockout-master-v003\preview\frames\frame-0677.png'
00:31.781  render           | Time: 00:00.04 (Saving: 00:00.02)
00:31.781  render           | Rendering frame 678
00:31.781  render           | Start rendering: PNPLINE_MASTER_v003, ViewLayer
00:31.781  render           | Engine: Workbench
00:31.828  render           | Saved: 'F:\pnpline-landing\hero-section-video\blockout\blockout-master-v003\preview\frames\frame-0678.png'
00:31.828  render           | Time: 00:00.04 (Saving: 00:00.02)
00:31.828  render           | Rendering frame 679
00:31.828  render           | Start rendering: PNPLINE_MASTER_v003, ViewLayer
00:31.828  render           | Engine: Workbench
00:31.875  render           | Saved: 'F:\pnpline-landing\hero-section-video\blockout\blockout-master-v003\preview\frames\frame-0679.png'
00:31.875  render           | Time: 00:00.04 (Saving: 00:00.02)
00:31.875  render           | Rendering frame 680
00:31.875  render           | Start rendering: PNPLINE_MASTER_v003, ViewLayer
00:31.875  render           | Engine: Workbench
00:31.906  render           | Saved: 'F:\pnpline-landing\hero-section-video\blockout\blockout-master-v003\preview\frames\frame-0680.png'
00:31.906  render           | Time: 00:00.04 (Saving: 00:00.02)
00:31.906  render           | Rendering frame 681
00:31.906  render           | Start rendering: PNPLINE_MASTER_v003, ViewLayer
00:31.906  render           | Engine: Workbench
00:31.953  render           | Saved: 'F:\pnpline-landing\hero-section-video\blockout\blockout-master-v003\preview\frames\frame-0681.png'
00:31.953  render           | Time: 00:00.04 (Saving: 00:00.02)
00:31.953  render           | Rendering frame 682
00:31.953  render           | Start rendering: PNPLINE_MASTER_v003, ViewLayer
00:31.953  render           | Engine: Workbench
00:32.000  render           | Saved: 'F:\pnpline-landing\hero-section-video\blockout\blockout-master-v003\preview\frames\frame-0682.png'
00:32.000  render           | Time: 00:00.04 (Saving: 00:00.02)
00:32.000  render           | Rendering frame 683
00:32.000  render           | Start rendering: PNPLINE_MASTER_v003, ViewLayer
00:32.000  render           | Engine: Workbench
00:32.047  render           | Saved: 'F:\pnpline-landing\hero-section-video\blockout\blockout-master-v003\preview\frames\frame-0683.png'
00:32.047  render           | Time: 00:00.04 (Saving: 00:00.02)
00:32.047  render           | Rendering frame 684
00:32.047  render           | Start rendering: PNPLINE_MASTER_v003, ViewLayer
00:32.047  render           | Engine: Workbench
00:32.093  render           | Saved: 'F:\pnpline-landing\hero-section-video\blockout\blockout-master-v003\preview\frames\frame-0684.png'
00:32.093  render           | Time: 00:00.04 (Saving: 00:00.02)
00:32.093  render           | Rendering frame 685
00:32.093  render           | Start rendering: PNPLINE_MASTER_v003, ViewLayer
00:32.093  render           | Engine: Workbench
00:32.140  render           | Saved: 'F:\pnpline-landing\hero-section-video\blockout\blockout-master-v003\preview\frames\frame-0685.png'
00:32.140  render           | Time: 00:00.04 (Saving: 00:00.02)
00:32.140  render           | Rendering frame 686
00:32.140  render           | Start rendering: PNPLINE_MASTER_v003, ViewLayer
00:32.140  render           | Engine: Workbench
00:32.172  render           | Saved: 'F:\pnpline-landing\hero-section-video\blockout\blockout-master-v003\preview\frames\frame-0686.png'
00:32.172  render           | Time: 00:00.04 (Saving: 00:00.02)
00:32.172  render           | Rendering frame 687
00:32.172  render           | Start rendering: PNPLINE_MASTER_v003, ViewLayer
00:32.172  render           | Engine: Workbench
00:32.218  render           | Saved: 'F:\pnpline-landing\hero-section-video\blockout\blockout-master-v003\preview\frames\frame-0687.png'
00:32.218  render           | Time: 00:00.04 (Saving: 00:00.02)
00:32.218  render           | Rendering frame 688
00:32.218  render           | Start rendering: PNPLINE_MASTER_v003, ViewLayer
00:32.218  render           | Engine: Workbench
00:32.265  render           | Saved: 'F:\pnpline-landing\hero-section-video\blockout\blockout-master-v003\preview\frames\frame-0688.png'
00:32.265  render           | Time: 00:00.04 (Saving: 00:00.02)
00:32.265  render           | Rendering frame 689
00:32.265  render           | Start rendering: PNPLINE_MASTER_v003, ViewLayer
00:32.265  render           | Engine: Workbench
00:32.312  render           | Saved: 'F:\pnpline-landing\hero-section-video\blockout\blockout-master-v003\preview\frames\frame-0689.png'
00:32.312  render           | Time: 00:00.04 (Saving: 00:00.02)
00:32.312  render           | Rendering frame 690
00:32.312  render           | Start rendering: PNPLINE_MASTER_v003, ViewLayer
00:32.312  render           | Engine: Workbench
00:32.343  render           | Saved: 'F:\pnpline-landing\hero-section-video\blockout\blockout-master-v003\preview\frames\frame-0690.png'
00:32.343  render           | Time: 00:00.04 (Saving: 00:00.02)
00:32.343  render           | Rendering frame 691
00:32.343  render           | Start rendering: PNPLINE_MASTER_v003, ViewLayer
00:32.343  render           | Engine: Workbench
00:32.390  render           | Saved: 'F:\pnpline-landing\hero-section-video\blockout\blockout-master-v003\preview\frames\frame-0691.png'
00:32.390  render           | Time: 00:00.04 (Saving: 00:00.02)
00:32.390  render           | Rendering frame 692
00:32.390  render           | Start rendering: PNPLINE_MASTER_v003, ViewLayer
00:32.390  render           | Engine: Workbench
00:32.437  render           | Saved: 'F:\pnpline-landing\hero-section-video\blockout\blockout-master-v003\preview\frames\frame-0692.png'
00:32.437  render           | Time: 00:00.04 (Saving: 00:00.02)
00:32.437  render           | Rendering frame 693
00:32.437  render           | Start rendering: PNPLINE_MASTER_v003, ViewLayer
00:32.437  render           | Engine: Workbench
00:32.484  render           | Saved: 'F:\pnpline-landing\hero-section-video\blockout\blockout-master-v003\preview\frames\frame-0693.png'
00:32.484  render           | Time: 00:00.04 (Saving: 00:00.02)
00:32.484  render           | Rendering frame 694
00:32.484  render           | Start rendering: PNPLINE_MASTER_v003, ViewLayer
00:32.484  render           | Engine: Workbench
00:32.531  render           | Saved: 'F:\pnpline-landing\hero-section-video\blockout\blockout-master-v003\preview\frames\frame-0694.png'
00:32.531  render           | Time: 00:00.04 (Saving: 00:00.02)
00:32.531  render           | Rendering frame 695
00:32.531  render           | Start rendering: PNPLINE_MASTER_v003, ViewLayer
00:32.531  render           | Engine: Workbench
00:32.578  render           | Saved: 'F:\pnpline-landing\hero-section-video\blockout\blockout-master-v003\preview\frames\frame-0695.png'
00:32.578  render           | Time: 00:00.04 (Saving: 00:00.02)
00:32.578  render           | Rendering frame 696
00:32.578  render           | Start rendering: PNPLINE_MASTER_v003, ViewLayer
00:32.578  render           | Engine: Workbench
00:32.625  render           | Saved: 'F:\pnpline-landing\hero-section-video\blockout\blockout-master-v003\preview\frames\frame-0696.png'
00:32.625  render           | Time: 00:00.04 (Saving: 00:00.02)
00:32.625  render           | Rendering frame 697
00:32.625  render           | Start rendering: PNPLINE_MASTER_v003, ViewLayer
00:32.625  render           | Engine: Workbench
00:32.672  render           | Saved: 'F:\pnpline-landing\hero-section-video\blockout\blockout-master-v003\preview\frames\frame-0697.png'
00:32.672  render           | Time: 00:00.04 (Saving: 00:00.02)
00:32.672  render           | Rendering frame 698
00:32.672  render           | Start rendering: PNPLINE_MASTER_v003, ViewLayer
00:32.672  render           | Engine: Workbench
00:32.703  render           | Saved: 'F:\pnpline-landing\hero-section-video\blockout\blockout-master-v003\preview\frames\frame-0698.png'
00:32.703  render           | Time: 00:00.04 (Saving: 00:00.02)
00:32.703  render           | Rendering frame 699
00:32.703  render           | Start rendering: PNPLINE_MASTER_v003, ViewLayer
00:32.703  render           | Engine: Workbench
00:32.750  render           | Saved: 'F:\pnpline-landing\hero-section-video\blockout\blockout-master-v003\preview\frames\frame-0699.png'
00:32.750  render           | Time: 00:00.04 (Saving: 00:00.02)
00:32.750  render           | Rendering frame 700
00:32.750  render           | Start rendering: PNPLINE_MASTER_v003, ViewLayer
00:32.750  render           | Engine: Workbench
00:32.797  render           | Saved: 'F:\pnpline-landing\hero-section-video\blockout\blockout-master-v003\preview\frames\frame-0700.png'
00:32.797  render           | Time: 00:00.04 (Saving: 00:00.02)
00:32.797  render           | Rendering frame 701
00:32.797  render           | Start rendering: PNPLINE_MASTER_v003, ViewLayer
00:32.797  render           | Engine: Workbench
00:32.843  render           | Saved: 'F:\pnpline-landing\hero-section-video\blockout\blockout-master-v003\preview\frames\frame-0701.png'
00:32.843  render           | Time: 00:00.04 (Saving: 00:00.02)
00:32.843  render           | Rendering frame 702
00:32.843  render           | Start rendering: PNPLINE_MASTER_v003, ViewLayer
00:32.843  render           | Engine: Workbench
00:32.890  render           | Saved: 'F:\pnpline-landing\hero-section-video\blockout\blockout-master-v003\preview\frames\frame-0702.png'
00:32.890  render           | Time: 00:00.04 (Saving: 00:00.02)
00:32.890  render           | Rendering frame 703
00:32.890  render           | Start rendering: PNPLINE_MASTER_v003, ViewLayer
00:32.890  render           | Engine: Workbench
00:32.937  render           | Saved: 'F:\pnpline-landing\hero-section-video\blockout\blockout-master-v003\preview\frames\frame-0703.png'
00:32.937  render           | Time: 00:00.04 (Saving: 00:00.02)
00:32.937  render           | Rendering frame 704
00:32.937  render           | Start rendering: PNPLINE_MASTER_v003, ViewLayer
00:32.937  render           | Engine: Workbench
00:32.984  render           | Saved: 'F:\pnpline-landing\hero-section-video\blockout\blockout-master-v003\preview\frames\frame-0704.png'
00:32.984  render           | Time: 00:00.04 (Saving: 00:00.02)
00:32.984  render           | Rendering frame 705
00:32.984  render           | Start rendering: PNPLINE_MASTER_v003, ViewLayer
00:32.984  render           | Engine: Workbench
00:33.031  render           | Saved: 'F:\pnpline-landing\hero-section-video\blockout\blockout-master-v003\preview\frames\frame-0705.png'
00:33.031  render           | Time: 00:00.04 (Saving: 00:00.02)
00:33.031  render           | Rendering frame 706
00:33.031  render           | Start rendering: PNPLINE_MASTER_v003, ViewLayer
00:33.031  render           | Engine: Workbench
00:33.062  render           | Saved: 'F:\pnpline-landing\hero-section-video\blockout\blockout-master-v003\preview\frames\frame-0706.png'
00:33.062  render           | Time: 00:00.04 (Saving: 00:00.02)
00:33.062  render           | Rendering frame 707
00:33.062  render           | Start rendering: PNPLINE_MASTER_v003, ViewLayer
00:33.062  render           | Engine: Workbench
00:33.109  render           | Saved: 'F:\pnpline-landing\hero-section-video\blockout\blockout-master-v003\preview\frames\frame-0707.png'
00:33.109  render           | Time: 00:00.04 (Saving: 00:00.02)
00:33.109  render           | Rendering frame 708
00:33.109  render           | Start rendering: PNPLINE_MASTER_v003, ViewLayer
00:33.109  render           | Engine: Workbench
00:33.156  render           | Saved: 'F:\pnpline-landing\hero-section-video\blockout\blockout-master-v003\preview\frames\frame-0708.png'
00:33.156  render           | Time: 00:00.04 (Saving: 00:00.02)
00:33.156  render           | Rendering frame 709
00:33.156  render           | Start rendering: PNPLINE_MASTER_v003, ViewLayer
00:33.156  render           | Engine: Workbench
00:33.203  render           | Saved: 'F:\pnpline-landing\hero-section-video\blockout\blockout-master-v003\preview\frames\frame-0709.png'
00:33.203  render           | Time: 00:00.04 (Saving: 00:00.02)
00:33.203  render           | Rendering frame 710
00:33.203  render           | Start rendering: PNPLINE_MASTER_v003, ViewLayer
00:33.203  render           | Engine: Workbench
00:33.250  render           | Saved: 'F:\pnpline-landing\hero-section-video\blockout\blockout-master-v003\preview\frames\frame-0710.png'
00:33.250  render           | Time: 00:00.04 (Saving: 00:00.02)
00:33.250  render           | Rendering frame 711
00:33.250  render           | Start rendering: PNPLINE_MASTER_v003, ViewLayer
00:33.250  render           | Engine: Workbench
00:33.297  render           | Saved: 'F:\pnpline-landing\hero-section-video\blockout\blockout-master-v003\preview\frames\frame-0711.png'
00:33.297  render           | Time: 00:00.04 (Saving: 00:00.02)
00:33.297  render           | Rendering frame 712
00:33.297  render           | Start rendering: PNPLINE_MASTER_v003, ViewLayer
00:33.297  render           | Engine: Workbench
00:33.328  render           | Saved: 'F:\pnpline-landing\hero-section-video\blockout\blockout-master-v003\preview\frames\frame-0712.png'
00:33.328  render           | Time: 00:00.04 (Saving: 00:00.02)
00:33.328  render           | Rendering frame 713
00:33.328  render           | Start rendering: PNPLINE_MASTER_v003, ViewLayer
00:33.328  render           | Engine: Workbench
00:33.375  render           | Saved: 'F:\pnpline-landing\hero-section-video\blockout\blockout-master-v003\preview\frames\frame-0713.png'
00:33.375  render           | Time: 00:00.04 (Saving: 00:00.02)
00:33.375  render           | Rendering frame 714
00:33.375  render           | Start rendering: PNPLINE_MASTER_v003, ViewLayer
00:33.375  render           | Engine: Workbench
00:33.422  render           | Saved: 'F:\pnpline-landing\hero-section-video\blockout\blockout-master-v003\preview\frames\frame-0714.png'
00:33.422  render           | Time: 00:00.04 (Saving: 00:00.02)
00:33.422  render           | Rendering frame 715
00:33.422  render           | Start rendering: PNPLINE_MASTER_v003, ViewLayer
00:33.422  render           | Engine: Workbench
00:33.468  render           | Saved: 'F:\pnpline-landing\hero-section-video\blockout\blockout-master-v003\preview\frames\frame-0715.png'
00:33.468  render           | Time: 00:00.04 (Saving: 00:00.02)
00:33.468  render           | Rendering frame 716
00:33.468  render           | Start rendering: PNPLINE_MASTER_v003, ViewLayer
00:33.468  render           | Engine: Workbench
00:33.515  render           | Saved: 'F:\pnpline-landing\hero-section-video\blockout\blockout-master-v003\preview\frames\frame-0716.png'
00:33.515  render           | Time: 00:00.04 (Saving: 00:00.02)
00:33.515  render           | Rendering frame 717
00:33.515  render           | Start rendering: PNPLINE_MASTER_v003, ViewLayer
00:33.515  render           | Engine: Workbench
00:33.562  render           | Saved: 'F:\pnpline-landing\hero-section-video\blockout\blockout-master-v003\preview\frames\frame-0717.png'
00:33.562  render           | Time: 00:00.04 (Saving: 00:00.02)
00:33.562  render           | Rendering frame 718
00:33.562  render           | Start rendering: PNPLINE_MASTER_v003, ViewLayer
00:33.562  render           | Engine: Workbench
00:33.593  render           | Saved: 'F:\pnpline-landing\hero-section-video\blockout\blockout-master-v003\preview\frames\frame-0718.png'
00:33.593  render           | Time: 00:00.04 (Saving: 00:00.02)
00:33.593  render           | Rendering frame 719
00:33.593  render           | Start rendering: PNPLINE_MASTER_v003, ViewLayer
00:33.593  render           | Engine: Workbench
00:33.640  render           | Saved: 'F:\pnpline-landing\hero-section-video\blockout\blockout-master-v003\preview\frames\frame-0719.png'
00:33.640  render           | Time: 00:00.04 (Saving: 00:00.02)
00:33.640  render           | Rendering frame 720
00:33.640  render           | Start rendering: PNPLINE_MASTER_v003, ViewLayer
00:33.640  render           | Engine: Workbench
00:33.687  render           | Saved: 'F:\pnpline-landing\hero-section-video\blockout\blockout-master-v003\preview\frames\frame-0720.png'
00:33.687  render           | Time: 00:00.04 (Saving: 00:00.02)
00:33.687  render           | Rendering frame 721
00:33.687  render           | Start rendering: PNPLINE_MASTER_v003, ViewLayer
00:33.687  render           | Engine: Workbench
00:33.734  render           | Saved: 'F:\pnpline-landing\hero-section-video\blockout\blockout-master-v003\preview\frames\frame-0721.png'
00:33.734  render           | Time: 00:00.04 (Saving: 00:00.02)
00:33.734  render           | Rendering frame 722
00:33.734  render           | Start rendering: PNPLINE_MASTER_v003, ViewLayer
00:33.734  render           | Engine: Workbench
00:33.781  render           | Saved: 'F:\pnpline-landing\hero-section-video\blockout\blockout-master-v003\preview\frames\frame-0722.png'
00:33.781  render           | Time: 00:00.04 (Saving: 00:00.02)
00:33.781  render           | Rendering frame 723
00:33.781  render           | Start rendering: PNPLINE_MASTER_v003, ViewLayer
00:33.781  render           | Engine: Workbench
00:33.812  render           | Saved: 'F:\pnpline-landing\hero-section-video\blockout\blockout-master-v003\preview\frames\frame-0723.png'
00:33.812  render           | Time: 00:00.04 (Saving: 00:00.02)
00:33.812  render           | Rendering frame 724
00:33.812  render           | Start rendering: PNPLINE_MASTER_v003, ViewLayer
00:33.812  render           | Engine: Workbench
00:33.859  render           | Saved: 'F:\pnpline-landing\hero-section-video\blockout\blockout-master-v003\preview\frames\frame-0724.png'
00:33.859  render           | Time: 00:00.04 (Saving: 00:00.02)
00:33.859  render           | Rendering frame 725
00:33.859  render           | Start rendering: PNPLINE_MASTER_v003, ViewLayer
00:33.859  render           | Engine: Workbench
00:33.906  render           | Saved: 'F:\pnpline-landing\hero-section-video\blockout\blockout-master-v003\preview\frames\frame-0725.png'
00:33.906  render           | Time: 00:00.04 (Saving: 00:00.02)
00:33.906  render           | Rendering frame 726
00:33.906  render           | Start rendering: PNPLINE_MASTER_v003, ViewLayer
00:33.906  render           | Engine: Workbench
00:33.953  render           | Saved: 'F:\pnpline-landing\hero-section-video\blockout\blockout-master-v003\preview\frames\frame-0726.png'
00:33.953  render           | Time: 00:00.04 (Saving: 00:00.02)
00:33.953  render           | Rendering frame 727
00:33.953  render           | Start rendering: PNPLINE_MASTER_v003, ViewLayer
00:33.953  render           | Engine: Workbench
00:33.984  render           | Saved: 'F:\pnpline-landing\hero-section-video\blockout\blockout-master-v003\preview\frames\frame-0727.png'
00:33.984  render           | Time: 00:00.04 (Saving: 00:00.02)
00:33.984  render           | Rendering frame 728
00:33.984  render           | Start rendering: PNPLINE_MASTER_v003, ViewLayer
00:33.984  render           | Engine: Workbench
00:34.031  render           | Saved: 'F:\pnpline-landing\hero-section-video\blockout\blockout-master-v003\preview\frames\frame-0728.png'
00:34.031  render           | Time: 00:00.04 (Saving: 00:00.02)
00:34.031  render           | Rendering frame 729
00:34.031  render           | Start rendering: PNPLINE_MASTER_v003, ViewLayer
00:34.031  render           | Engine: Workbench
00:34.078  render           | Saved: 'F:\pnpline-landing\hero-section-video\blockout\blockout-master-v003\preview\frames\frame-0729.png'
00:34.078  render           | Time: 00:00.04 (Saving: 00:00.02)
00:34.078  render           | Rendering frame 730
00:34.078  render           | Start rendering: PNPLINE_MASTER_v003, ViewLayer
00:34.078  render           | Engine: Workbench
00:34.125  render           | Saved: 'F:\pnpline-landing\hero-section-video\blockout\blockout-master-v003\preview\frames\frame-0730.png'
00:34.125  render           | Time: 00:00.04 (Saving: 00:00.02)
00:34.125  render           | Rendering frame 731
00:34.125  render           | Start rendering: PNPLINE_MASTER_v003, ViewLayer
00:34.125  render           | Engine: Workbench
00:34.172  render           | Saved: 'F:\pnpline-landing\hero-section-video\blockout\blockout-master-v003\preview\frames\frame-0731.png'
00:34.172  render           | Time: 00:00.04 (Saving: 00:00.02)
00:34.172  render           | Rendering frame 732
00:34.172  render           | Start rendering: PNPLINE_MASTER_v003, ViewLayer
00:34.172  render           | Engine: Workbench
00:34.218  render           | Saved: 'F:\pnpline-landing\hero-section-video\blockout\blockout-master-v003\preview\frames\frame-0732.png'
00:34.218  render           | Time: 00:00.04 (Saving: 00:00.02)
00:34.218  render           | Rendering frame 733
00:34.218  render           | Start rendering: PNPLINE_MASTER_v003, ViewLayer
00:34.218  render           | Engine: Workbench
00:34.250  render           | Saved: 'F:\pnpline-landing\hero-section-video\blockout\blockout-master-v003\preview\frames\frame-0733.png'
00:34.250  render           | Time: 00:00.04 (Saving: 00:00.02)
00:34.250  render           | Rendering frame 734
00:34.250  render           | Start rendering: PNPLINE_MASTER_v003, ViewLayer
00:34.250  render           | Engine: Workbench
00:34.297  render           | Saved: 'F:\pnpline-landing\hero-section-video\blockout\blockout-master-v003\preview\frames\frame-0734.png'
00:34.297  render           | Time: 00:00.04 (Saving: 00:00.02)
00:34.297  render           | Rendering frame 735
00:34.297  render           | Start rendering: PNPLINE_MASTER_v003, ViewLayer
00:34.297  render           | Engine: Workbench
00:34.343  render           | Saved: 'F:\pnpline-landing\hero-section-video\blockout\blockout-master-v003\preview\frames\frame-0735.png'
00:34.343  render           | Time: 00:00.04 (Saving: 00:00.02)
00:34.343  render           | Rendering frame 736
00:34.343  render           | Start rendering: PNPLINE_MASTER_v003, ViewLayer
00:34.343  render           | Engine: Workbench
00:34.390  render           | Saved: 'F:\pnpline-landing\hero-section-video\blockout\blockout-master-v003\preview\frames\frame-0736.png'
00:34.390  render           | Time: 00:00.04 (Saving: 00:00.02)
00:34.390  render           | Rendering frame 737
00:34.390  render           | Start rendering: PNPLINE_MASTER_v003, ViewLayer
00:34.390  render           | Engine: Workbench
00:34.437  render           | Saved: 'F:\pnpline-landing\hero-section-video\blockout\blockout-master-v003\preview\frames\frame-0737.png'
00:34.437  render           | Time: 00:00.04 (Saving: 00:00.02)
00:34.437  render           | Rendering frame 738
00:34.437  render           | Start rendering: PNPLINE_MASTER_v003, ViewLayer
00:34.437  render           | Engine: Workbench
00:34.468  render           | Saved: 'F:\pnpline-landing\hero-section-video\blockout\blockout-master-v003\preview\frames\frame-0738.png'
00:34.468  render           | Time: 00:00.04 (Saving: 00:00.02)
00:34.468  render           | Rendering frame 739
00:34.468  render           | Start rendering: PNPLINE_MASTER_v003, ViewLayer
00:34.468  render           | Engine: Workbench
00:34.515  render           | Saved: 'F:\pnpline-landing\hero-section-video\blockout\blockout-master-v003\preview\frames\frame-0739.png'
00:34.515  render           | Time: 00:00.04 (Saving: 00:00.02)
00:34.515  render           | Rendering frame 740
00:34.515  render           | Start rendering: PNPLINE_MASTER_v003, ViewLayer
00:34.515  render           | Engine: Workbench
00:34.562  render           | Saved: 'F:\pnpline-landing\hero-section-video\blockout\blockout-master-v003\preview\frames\frame-0740.png'
00:34.562  render           | Time: 00:00.04 (Saving: 00:00.02)
00:34.562  render           | Rendering frame 741
00:34.562  render           | Start rendering: PNPLINE_MASTER_v003, ViewLayer
00:34.562  render           | Engine: Workbench
00:34.609  render           | Saved: 'F:\pnpline-landing\hero-section-video\blockout\blockout-master-v003\preview\frames\frame-0741.png'
00:34.609  render           | Time: 00:00.04 (Saving: 00:00.02)
00:34.609  render           | Rendering frame 742
00:34.609  render           | Start rendering: PNPLINE_MASTER_v003, ViewLayer
00:34.609  render           | Engine: Workbench
00:34.672  render           | Saved: 'F:\pnpline-landing\hero-section-video\blockout\blockout-master-v003\preview\frames\frame-0742.png'
00:34.672  render           | Time: 00:00.04 (Saving: 00:00.02)
00:34.672  render           | Rendering frame 743
00:34.672  render           | Start rendering: PNPLINE_MASTER_v003, ViewLayer
00:34.672  render           | Engine: Workbench
00:34.765  render           | Saved: 'F:\pnpline-landing\hero-section-video\blockout\blockout-master-v003\preview\frames\frame-0743.png'
00:34.765  render           | Time: 00:00.10 (Saving: 00:00.02)
00:34.765  render           | Rendering frame 744
00:34.765  render           | Start rendering: PNPLINE_MASTER_v003, ViewLayer
00:34.765  render           | Engine: Workbench
00:34.828  render           | Saved: 'F:\pnpline-landing\hero-section-video\blockout\blockout-master-v003\preview\frames\frame-0744.png'
00:34.828  render           | Time: 00:00.04 (Saving: 00:00.02)
00:34.828  render           | Rendering frame 745
00:34.828  render           | Start rendering: PNPLINE_MASTER_v003, ViewLayer
00:34.828  render           | Engine: Workbench
00:34.875  render           | Saved: 'F:\pnpline-landing\hero-section-video\blockout\blockout-master-v003\preview\frames\frame-0745.png'
00:34.875  render           | Time: 00:00.04 (Saving: 00:00.02)
00:34.875  render           | Rendering frame 746
00:34.875  render           | Start rendering: PNPLINE_MASTER_v003, ViewLayer
00:34.875  render           | Engine: Workbench
00:34.906  render           | Saved: 'F:\pnpline-landing\hero-section-video\blockout\blockout-master-v003\preview\frames\frame-0746.png'
00:34.906  render           | Time: 00:00.04 (Saving: 00:00.02)
00:34.906  render           | Rendering frame 747
00:34.906  render           | Start rendering: PNPLINE_MASTER_v003, ViewLayer
00:34.906  render           | Engine: Workbench
00:34.968  render           | Saved: 'F:\pnpline-landing\hero-section-video\blockout\blockout-master-v003\preview\frames\frame-0747.png'
00:34.968  render           | Time: 00:00.04 (Saving: 00:00.02)
00:34.968  render           | Rendering frame 748
00:34.968  render           | Start rendering: PNPLINE_MASTER_v003, ViewLayer
00:34.968  render           | Engine: Workbench
00:35.015  render           | Saved: 'F:\pnpline-landing\hero-section-video\blockout\blockout-master-v003\preview\frames\frame-0748.png'
00:35.015  render           | Time: 00:00.04 (Saving: 00:00.02)
00:35.015  render           | Rendering frame 749
00:35.015  render           | Start rendering: PNPLINE_MASTER_v003, ViewLayer
00:35.015  render           | Engine: Workbench
00:35.062  render           | Saved: 'F:\pnpline-landing\hero-section-video\blockout\blockout-master-v003\preview\frames\frame-0749.png'
00:35.062  render           | Time: 00:00.05 (Saving: 00:00.02)
00:35.062  render           | Rendering frame 750
00:35.062  render           | Start rendering: PNPLINE_MASTER_v003, ViewLayer
00:35.062  render           | Engine: Workbench
00:35.109  render           | Saved: 'F:\pnpline-landing\hero-section-video\blockout\blockout-master-v003\preview\frames\frame-0750.png'
00:35.109  render           | Time: 00:00.04 (Saving: 00:00.02)
00:35.109  render           | Rendering frame 751
00:35.109  render           | Start rendering: PNPLINE_MASTER_v003, ViewLayer
00:35.109  render           | Engine: Workbench
00:35.156  render           | Saved: 'F:\pnpline-landing\hero-section-video\blockout\blockout-master-v003\preview\frames\frame-0751.png'
00:35.156  render           | Time: 00:00.04 (Saving: 00:00.02)
00:35.156  render           | Rendering frame 752
00:35.156  render           | Start rendering: PNPLINE_MASTER_v003, ViewLayer
00:35.156  render           | Engine: Workbench
00:35.203  render           | Saved: 'F:\pnpline-landing\hero-section-video\blockout\blockout-master-v003\preview\frames\frame-0752.png'
00:35.203  render           | Time: 00:00.04 (Saving: 00:00.02)
00:35.203  render           | Rendering frame 753
00:35.203  render           | Start rendering: PNPLINE_MASTER_v003, ViewLayer
00:35.203  render           | Engine: Workbench
00:35.250  render           | Saved: 'F:\pnpline-landing\hero-section-video\blockout\blockout-master-v003\preview\frames\frame-0753.png'
00:35.250  render           | Time: 00:00.04 (Saving: 00:00.01)
00:35.250  render           | Rendering frame 754
00:35.250  render           | Start rendering: PNPLINE_MASTER_v003, ViewLayer
00:35.250  render           | Engine: Workbench
00:35.297  render           | Saved: 'F:\pnpline-landing\hero-section-video\blockout\blockout-master-v003\preview\frames\frame-0754.png'
00:35.297  render           | Time: 00:00.05 (Saving: 00:00.02)
00:35.297  render           | Rendering frame 755
00:35.297  render           | Start rendering: PNPLINE_MASTER_v003, ViewLayer
00:35.297  render           | Engine: Workbench
00:35.343  render           | Saved: 'F:\pnpline-landing\hero-section-video\blockout\blockout-master-v003\preview\frames\frame-0755.png'
00:35.343  render           | Time: 00:00.04 (Saving: 00:00.02)
00:35.343  render           | Rendering frame 756
00:35.343  render           | Start rendering: PNPLINE_MASTER_v003, ViewLayer
00:35.343  render           | Engine: Workbench
00:35.390  render           | Saved: 'F:\pnpline-landing\hero-section-video\blockout\blockout-master-v003\preview\frames\frame-0756.png'
00:35.390  render           | Time: 00:00.04 (Saving: 00:00.02)
00:35.390  render           | Rendering frame 757
00:35.390  render           | Start rendering: PNPLINE_MASTER_v003, ViewLayer
00:35.390  render           | Engine: Workbench
00:35.437  render           | Saved: 'F:\pnpline-landing\hero-section-video\blockout\blockout-master-v003\preview\frames\frame-0757.png'
00:35.437  render           | Time: 00:00.04 (Saving: 00:00.02)
00:35.437  render           | Rendering frame 758
00:35.437  render           | Start rendering: PNPLINE_MASTER_v003, ViewLayer
00:35.437  render           | Engine: Workbench
00:35.484  render           | Saved: 'F:\pnpline-landing\hero-section-video\blockout\blockout-master-v003\preview\frames\frame-0758.png'
00:35.484  render           | Time: 00:00.05 (Saving: 00:00.02)
00:35.484  render           | Rendering frame 759
00:35.484  render           | Start rendering: PNPLINE_MASTER_v003, ViewLayer
00:35.484  render           | Engine: Workbench
00:35.531  render           | Saved: 'F:\pnpline-landing\hero-section-video\blockout\blockout-master-v003\preview\frames\frame-0759.png'
00:35.531  render           | Time: 00:00.04 (Saving: 00:00.02)
00:35.531  render           | Rendering frame 760
00:35.531  render           | Start rendering: PNPLINE_MASTER_v003, ViewLayer
00:35.531  render           | Engine: Workbench
00:35.578  render           | Saved: 'F:\pnpline-landing\hero-section-video\blockout\blockout-master-v003\preview\frames\frame-0760.png'
00:35.578  render           | Time: 00:00.04 (Saving: 00:00.02)
00:35.578  render           | Rendering frame 761
00:35.578  render           | Start rendering: PNPLINE_MASTER_v003, ViewLayer
00:35.578  render           | Engine: Workbench
00:35.625  render           | Saved: 'F:\pnpline-landing\hero-section-video\blockout\blockout-master-v003\preview\frames\frame-0761.png'
00:35.625  render           | Time: 00:00.04 (Saving: 00:00.02)
00:35.625  render           | Rendering frame 762
00:35.625  render           | Start rendering: PNPLINE_MASTER_v003, ViewLayer
00:35.625  render           | Engine: Workbench
00:35.656  render           | Saved: 'F:\pnpline-landing\hero-section-video\blockout\blockout-master-v003\preview\frames\frame-0762.png'
00:35.656  render           | Time: 00:00.04 (Saving: 00:00.02)
00:35.656  render           | Rendering frame 763
00:35.656  render           | Start rendering: PNPLINE_MASTER_v003, ViewLayer
00:35.656  render           | Engine: Workbench
00:35.703  render           | Saved: 'F:\pnpline-landing\hero-section-video\blockout\blockout-master-v003\preview\frames\frame-0763.png'
00:35.703  render           | Time: 00:00.04 (Saving: 00:00.02)
00:35.703  render           | Rendering frame 764
00:35.703  render           | Start rendering: PNPLINE_MASTER_v003, ViewLayer
00:35.703  render           | Engine: Workbench
00:35.750  render           | Saved: 'F:\pnpline-landing\hero-section-video\blockout\blockout-master-v003\preview\frames\frame-0764.png'
00:35.750  render           | Time: 00:00.05 (Saving: 00:00.02)
00:35.750  render           | Rendering frame 765
00:35.765  render           | Start rendering: PNPLINE_MASTER_v003, ViewLayer
00:35.765  render           | Engine: Workbench
00:35.797  render           | Saved: 'F:\pnpline-landing\hero-section-video\blockout\blockout-master-v003\preview\frames\frame-0765.png'
00:35.797  render           | Time: 00:00.04 (Saving: 00:00.02)
00:35.797  render           | Rendering frame 766
00:35.797  render           | Start rendering: PNPLINE_MASTER_v003, ViewLayer
00:35.797  render           | Engine: Workbench
00:35.843  render           | Saved: 'F:\pnpline-landing\hero-section-video\blockout\blockout-master-v003\preview\frames\frame-0766.png'
00:35.843  render           | Time: 00:00.04 (Saving: 00:00.02)
00:35.843  render           | Rendering frame 767
00:35.843  render           | Start rendering: PNPLINE_MASTER_v003, ViewLayer
00:35.843  render           | Engine: Workbench
00:35.890  render           | Saved: 'F:\pnpline-landing\hero-section-video\blockout\blockout-master-v003\preview\frames\frame-0767.png'
00:35.890  render           | Time: 00:00.04 (Saving: 00:00.02)
00:35.890  render           | Rendering frame 768
00:35.890  render           | Start rendering: PNPLINE_MASTER_v003, ViewLayer
00:35.890  render           | Engine: Workbench
00:35.937  render           | Saved: 'F:\pnpline-landing\hero-section-video\blockout\blockout-master-v003\preview\frames\frame-0768.png'
00:35.937  render           | Time: 00:00.04 (Saving: 00:00.02)
00:35.937  render           | Rendering frame 769
00:35.937  render           | Start rendering: PNPLINE_MASTER_v003, ViewLayer
00:35.937  render           | Engine: Workbench
00:35.984  render           | Saved: 'F:\pnpline-landing\hero-section-video\blockout\blockout-master-v003\preview\frames\frame-0769.png'
00:35.984  render           | Time: 00:00.04 (Saving: 00:00.02)
00:35.984  render           | Rendering frame 770
00:35.984  render           | Start rendering: PNPLINE_MASTER_v003, ViewLayer
00:35.984  render           | Engine: Workbench
00:36.031  render           | Saved: 'F:\pnpline-landing\hero-section-video\blockout\blockout-master-v003\preview\frames\frame-0770.png'
00:36.031  render           | Time: 00:00.04 (Saving: 00:00.02)
00:36.031  render           | Rendering frame 771
00:36.031  render           | Start rendering: PNPLINE_MASTER_v003, ViewLayer
00:36.031  render           | Engine: Workbench
00:36.078  render           | Saved: 'F:\pnpline-landing\hero-section-video\blockout\blockout-master-v003\preview\frames\frame-0771.png'
00:36.078  render           | Time: 00:00.04 (Saving: 00:00.02)
00:36.078  render           | Rendering frame 772
00:36.078  render           | Start rendering: PNPLINE_MASTER_v003, ViewLayer
00:36.078  render           | Engine: Workbench
00:36.125  render           | Saved: 'F:\pnpline-landing\hero-section-video\blockout\blockout-master-v003\preview\frames\frame-0772.png'
00:36.125  render           | Time: 00:00.04 (Saving: 00:00.02)
00:36.125  render           | Rendering frame 773
00:36.125  render           | Start rendering: PNPLINE_MASTER_v003, ViewLayer
00:36.125  render           | Engine: Workbench
00:36.172  render           | Saved: 'F:\pnpline-landing\hero-section-video\blockout\blockout-master-v003\preview\frames\frame-0773.png'
00:36.172  render           | Time: 00:00.04 (Saving: 00:00.02)
00:36.172  render           | Rendering frame 774
00:36.172  render           | Start rendering: PNPLINE_MASTER_v003, ViewLayer
00:36.172  render           | Engine: Workbench
00:36.218  render           | Saved: 'F:\pnpline-landing\hero-section-video\blockout\blockout-master-v003\preview\frames\frame-0774.png'
00:36.218  render           | Time: 00:00.04 (Saving: 00:00.02)
00:36.218  render           | Rendering frame 775
00:36.218  render           | Start rendering: PNPLINE_MASTER_v003, ViewLayer
00:36.218  render           | Engine: Workbench
00:36.250  render           | Saved: 'F:\pnpline-landing\hero-section-video\blockout\blockout-master-v003\preview\frames\frame-0775.png'
00:36.250  render           | Time: 00:00.04 (Saving: 00:00.02)
00:36.250  render           | Rendering frame 776
00:36.250  render           | Start rendering: PNPLINE_MASTER_v003, ViewLayer
00:36.250  render           | Engine: Workbench
00:36.297  render           | Saved: 'F:\pnpline-landing\hero-section-video\blockout\blockout-master-v003\preview\frames\frame-0776.png'
00:36.297  render           | Time: 00:00.04 (Saving: 00:00.02)
00:36.297  render           | Rendering frame 777
00:36.297  render           | Start rendering: PNPLINE_MASTER_v003, ViewLayer
00:36.297  render           | Engine: Workbench
00:36.343  render           | Saved: 'F:\pnpline-landing\hero-section-video\blockout\blockout-master-v003\preview\frames\frame-0777.png'
00:36.343  render           | Time: 00:00.04 (Saving: 00:00.02)
00:36.343  render           | Rendering frame 778
00:36.343  render           | Start rendering: PNPLINE_MASTER_v003, ViewLayer
00:36.343  render           | Engine: Workbench
00:36.406  render           | Saved: 'F:\pnpline-landing\hero-section-video\blockout\blockout-master-v003\preview\frames\frame-0778.png'
00:36.406  render           | Time: 00:00.06 (Saving: 00:00.02)
00:36.406  render           | Rendering frame 779
00:36.406  render           | Start rendering: PNPLINE_MASTER_v003, ViewLayer
00:36.406  render           | Engine: Workbench
00:36.453  render           | Saved: 'F:\pnpline-landing\hero-section-video\blockout\blockout-master-v003\preview\frames\frame-0779.png'
00:36.453  render           | Time: 00:00.04 (Saving: 00:00.02)
00:36.453  render           | Rendering frame 780
00:36.453  render           | Start rendering: PNPLINE_MASTER_v003, ViewLayer
00:36.453  render           | Engine: Workbench
00:36.500  render           | Saved: 'F:\pnpline-landing\hero-section-video\blockout\blockout-master-v003\preview\frames\frame-0780.png'
00:36.500  render           | Time: 00:00.04 (Saving: 00:00.02)
00:36.500  render           | Rendering frame 781
00:36.500  render           | Start rendering: PNPLINE_MASTER_v003, ViewLayer
00:36.500  render           | Engine: Workbench
00:36.547  render           | Saved: 'F:\pnpline-landing\hero-section-video\blockout\blockout-master-v003\preview\frames\frame-0781.png'
00:36.547  render           | Time: 00:00.04 (Saving: 00:00.02)
00:36.547  render           | Rendering frame 782
00:36.547  render           | Start rendering: PNPLINE_MASTER_v003, ViewLayer
00:36.547  render           | Engine: Workbench
00:36.593  render           | Saved: 'F:\pnpline-landing\hero-section-video\blockout\blockout-master-v003\preview\frames\frame-0782.png'
00:36.593  render           | Time: 00:00.04 (Saving: 00:00.02)
00:36.593  render           | Rendering frame 783
00:36.593  render           | Start rendering: PNPLINE_MASTER_v003, ViewLayer
00:36.593  render           | Engine: Workbench
00:36.640  render           | Saved: 'F:\pnpline-landing\hero-section-video\blockout\blockout-master-v003\preview\frames\frame-0783.png'
00:36.640  render           | Time: 00:00.04 (Saving: 00:00.02)
00:36.640  render           | Rendering frame 784
00:36.640  render           | Start rendering: PNPLINE_MASTER_v003, ViewLayer
00:36.640  render           | Engine: Workbench
00:36.687  render           | Saved: 'F:\pnpline-landing\hero-section-video\blockout\blockout-master-v003\preview\frames\frame-0784.png'
00:36.687  render           | Time: 00:00.04 (Saving: 00:00.02)
00:36.687  render           | Rendering frame 785
00:36.687  render           | Start rendering: PNPLINE_MASTER_v003, ViewLayer
00:36.687  render           | Engine: Workbench
00:36.750  render           | Saved: 'F:\pnpline-landing\hero-section-video\blockout\blockout-master-v003\preview\frames\frame-0785.png'
00:36.750  render           | Time: 00:00.06 (Saving: 00:00.02)
00:36.750  render           | Rendering frame 786
00:36.750  render           | Start rendering: PNPLINE_MASTER_v003, ViewLayer
00:36.750  render           | Engine: Workbench
00:36.812  render           | Saved: 'F:\pnpline-landing\hero-section-video\blockout\blockout-master-v003\preview\frames\frame-0786.png'
00:36.812  render           | Time: 00:00.05 (Saving: 00:00.02)
00:36.812  render           | Rendering frame 787
00:36.812  render           | Start rendering: PNPLINE_MASTER_v003, ViewLayer
00:36.812  render           | Engine: Workbench
00:36.859  render           | Saved: 'F:\pnpline-landing\hero-section-video\blockout\blockout-master-v003\preview\frames\frame-0787.png'
00:36.859  render           | Time: 00:00.05 (Saving: 00:00.02)
00:36.859  render           | Rendering frame 788
00:36.859  render           | Start rendering: PNPLINE_MASTER_v003, ViewLayer
00:36.859  render           | Engine: Workbench
00:36.906  render           | Saved: 'F:\pnpline-landing\hero-section-video\blockout\blockout-master-v003\preview\frames\frame-0788.png'
00:36.906  render           | Time: 00:00.04 (Saving: 00:00.02)
00:36.906  render           | Rendering frame 789
00:36.906  render           | Start rendering: PNPLINE_MASTER_v003, ViewLayer
00:36.906  render           | Engine: Workbench
00:36.968  render           | Saved: 'F:\pnpline-landing\hero-section-video\blockout\blockout-master-v003\preview\frames\frame-0789.png'
00:36.968  render           | Time: 00:00.05 (Saving: 00:00.02)
00:36.968  render           | Rendering frame 790
00:36.968  render           | Start rendering: PNPLINE_MASTER_v003, ViewLayer
00:36.968  render           | Engine: Workbench
00:37.000  render           | Saved: 'F:\pnpline-landing\hero-section-video\blockout\blockout-master-v003\preview\frames\frame-0790.png'
00:37.000  render           | Time: 00:00.04 (Saving: 00:00.02)
00:37.000  render           | Rendering frame 791
00:37.000  render           | Start rendering: PNPLINE_MASTER_v003, ViewLayer
00:37.000  render           | Engine: Workbench
00:37.047  render           | Saved: 'F:\pnpline-landing\hero-section-video\blockout\blockout-master-v003\preview\frames\frame-0791.png'
00:37.047  render           | Time: 00:00.04 (Saving: 00:00.02)
00:37.047  render           | Rendering frame 792
00:37.047  render           | Start rendering: PNPLINE_MASTER_v003, ViewLayer
00:37.047  render           | Engine: Workbench
00:37.093  render           | Saved: 'F:\pnpline-landing\hero-section-video\blockout\blockout-master-v003\preview\frames\frame-0792.png'
00:37.093  render           | Time: 00:00.04 (Saving: 00:00.02)
00:37.093  render           | Rendering frame 793
00:37.093  render           | Start rendering: PNPLINE_MASTER_v003, ViewLayer
00:37.093  render           | Engine: Workbench
00:37.140  render           | Saved: 'F:\pnpline-landing\hero-section-video\blockout\blockout-master-v003\preview\frames\frame-0793.png'
00:37.140  render           | Time: 00:00.04 (Saving: 00:00.02)
00:37.140  render           | Rendering frame 794
00:37.140  render           | Start rendering: PNPLINE_MASTER_v003, ViewLayer
00:37.140  render           | Engine: Workbench
00:37.187  render           | Saved: 'F:\pnpline-landing\hero-section-video\blockout\blockout-master-v003\preview\frames\frame-0794.png'
00:37.187  render           | Time: 00:00.04 (Saving: 00:00.02)
00:37.187  render           | Rendering frame 795
00:37.187  render           | Start rendering: PNPLINE_MASTER_v003, ViewLayer
00:37.187  render           | Engine: Workbench
00:37.218  render           | Saved: 'F:\pnpline-landing\hero-section-video\blockout\blockout-master-v003\preview\frames\frame-0795.png'
00:37.218  render           | Time: 00:00.04 (Saving: 00:00.02)
00:37.218  render           | Rendering frame 796
00:37.234  render           | Start rendering: PNPLINE_MASTER_v003, ViewLayer
00:37.234  render           | Engine: Workbench
00:37.265  render           | Saved: 'F:\pnpline-landing\hero-section-video\blockout\blockout-master-v003\preview\frames\frame-0796.png'
00:37.265  render           | Time: 00:00.04 (Saving: 00:00.02)
00:37.265  render           | Rendering frame 797
00:37.265  render           | Start rendering: PNPLINE_MASTER_v003, ViewLayer
00:37.265  render           | Engine: Workbench
00:37.312  render           | Saved: 'F:\pnpline-landing\hero-section-video\blockout\blockout-master-v003\preview\frames\frame-0797.png'
00:37.312  render           | Time: 00:00.04 (Saving: 00:00.02)
00:37.312  render           | Rendering frame 798
00:37.312  render           | Start rendering: PNPLINE_MASTER_v003, ViewLayer
00:37.312  render           | Engine: Workbench
00:37.359  render           | Saved: 'F:\pnpline-landing\hero-section-video\blockout\blockout-master-v003\preview\frames\frame-0798.png'
00:37.359  render           | Time: 00:00.04 (Saving: 00:00.02)
00:37.359  render           | Rendering frame 799
00:37.359  render           | Start rendering: PNPLINE_MASTER_v003, ViewLayer
00:37.359  render           | Engine: Workbench
00:37.406  render           | Saved: 'F:\pnpline-landing\hero-section-video\blockout\blockout-master-v003\preview\frames\frame-0799.png'
00:37.406  render           | Time: 00:00.04 (Saving: 00:00.02)
00:37.406  render           | Rendering frame 800
00:37.406  render           | Start rendering: PNPLINE_MASTER_v003, ViewLayer
00:37.406  render           | Engine: Workbench
00:37.437  render           | Saved: 'F:\pnpline-landing\hero-section-video\blockout\blockout-master-v003\preview\frames\frame-0800.png'
00:37.437  render           | Time: 00:00.04 (Saving: 00:00.02)
00:37.437  render           | Rendering frame 801
00:37.437  render           | Start rendering: PNPLINE_MASTER_v003, ViewLayer
00:37.437  render           | Engine: Workbench
00:37.484  render           | Saved: 'F:\pnpline-landing\hero-section-video\blockout\blockout-master-v003\preview\frames\frame-0801.png'
00:37.484  render           | Time: 00:00.04 (Saving: 00:00.01)
00:37.484  render           | Rendering frame 802
00:37.484  render           | Start rendering: PNPLINE_MASTER_v003, ViewLayer
00:37.484  render           | Engine: Workbench
00:37.531  render           | Saved: 'F:\pnpline-landing\hero-section-video\blockout\blockout-master-v003\preview\frames\frame-0802.png'
00:37.531  render           | Time: 00:00.04 (Saving: 00:00.02)
00:37.531  render           | Rendering frame 803
00:37.531  render           | Start rendering: PNPLINE_MASTER_v003, ViewLayer
00:37.531  render           | Engine: Workbench
00:37.578  render           | Saved: 'F:\pnpline-landing\hero-section-video\blockout\blockout-master-v003\preview\frames\frame-0803.png'
00:37.578  render           | Time: 00:00.04 (Saving: 00:00.02)
00:37.578  render           | Rendering frame 804
00:37.578  render           | Start rendering: PNPLINE_MASTER_v003, ViewLayer
00:37.578  render           | Engine: Workbench
00:37.609  render           | Saved: 'F:\pnpline-landing\hero-section-video\blockout\blockout-master-v003\preview\frames\frame-0804.png'
00:37.609  render           | Time: 00:00.04 (Saving: 00:00.02)
00:37.609  render           | Rendering frame 805
00:37.609  render           | Start rendering: PNPLINE_MASTER_v003, ViewLayer
00:37.609  render           | Engine: Workbench
00:37.656  render           | Saved: 'F:\pnpline-landing\hero-section-video\blockout\blockout-master-v003\preview\frames\frame-0805.png'
00:37.656  render           | Time: 00:00.04 (Saving: 00:00.01)
00:37.656  render           | Rendering frame 806
00:37.656  render           | Start rendering: PNPLINE_MASTER_v003, ViewLayer
00:37.656  render           | Engine: Workbench
00:37.703  render           | Saved: 'F:\pnpline-landing\hero-section-video\blockout\blockout-master-v003\preview\frames\frame-0806.png'
00:37.703  render           | Time: 00:00.04 (Saving: 00:00.02)
00:37.703  render           | Rendering frame 807
00:37.703  render           | Start rendering: PNPLINE_MASTER_v003, ViewLayer
00:37.703  render           | Engine: Workbench
00:37.734  render           | Saved: 'F:\pnpline-landing\hero-section-video\blockout\blockout-master-v003\preview\frames\frame-0807.png'
00:37.734  render           | Time: 00:00.04 (Saving: 00:00.02)
00:37.734  render           | Rendering frame 808
00:37.734  render           | Start rendering: PNPLINE_MASTER_v003, ViewLayer
00:37.734  render           | Engine: Workbench
00:37.781  render           | Saved: 'F:\pnpline-landing\hero-section-video\blockout\blockout-master-v003\preview\frames\frame-0808.png'
00:37.781  render           | Time: 00:00.04 (Saving: 00:00.02)
00:37.781  render           | Rendering frame 809
00:37.781  render           | Start rendering: PNPLINE_MASTER_v003, ViewLayer
00:37.781  render           | Engine: Workbench
00:37.828  render           | Saved: 'F:\pnpline-landing\hero-section-video\blockout\blockout-master-v003\preview\frames\frame-0809.png'
00:37.828  render           | Time: 00:00.04 (Saving: 00:00.02)
00:37.828  render           | Rendering frame 810
00:37.828  render           | Start rendering: PNPLINE_MASTER_v003, ViewLayer
00:37.828  render           | Engine: Workbench
00:37.875  render           | Saved: 'F:\pnpline-landing\hero-section-video\blockout\blockout-master-v003\preview\frames\frame-0810.png'
00:37.875  render           | Time: 00:00.04 (Saving: 00:00.02)
00:37.875  render           | Rendering frame 811
00:37.875  render           | Start rendering: PNPLINE_MASTER_v003, ViewLayer
00:37.875  render           | Engine: Workbench
00:37.968  render           | Saved: 'F:\pnpline-landing\hero-section-video\blockout\blockout-master-v003\preview\frames\frame-0811.png'
00:37.968  render           | Time: 00:00.09 (Saving: 00:00.02)
00:37.968  render           | Rendering frame 812
00:37.968  render           | Start rendering: PNPLINE_MASTER_v003, ViewLayer
00:37.968  render           | Engine: Workbench
00:38.015  render           | Saved: 'F:\pnpline-landing\hero-section-video\blockout\blockout-master-v003\preview\frames\frame-0812.png'
00:38.015  render           | Time: 00:00.04 (Saving: 00:00.02)
00:38.015  render           | Rendering frame 813
00:38.015  render           | Start rendering: PNPLINE_MASTER_v003, ViewLayer
00:38.015  render           | Engine: Workbench
00:38.062  render           | Saved: 'F:\pnpline-landing\hero-section-video\blockout\blockout-master-v003\preview\frames\frame-0813.png'
00:38.062  render           | Time: 00:00.04 (Saving: 00:00.02)
00:38.062  render           | Rendering frame 814
00:38.062  render           | Start rendering: PNPLINE_MASTER_v003, ViewLayer
00:38.062  render           | Engine: Workbench
00:38.109  render           | Saved: 'F:\pnpline-landing\hero-section-video\blockout\blockout-master-v003\preview\frames\frame-0814.png'
00:38.109  render           | Time: 00:00.04 (Saving: 00:00.02)
00:38.109  render           | Rendering frame 815
00:38.109  render           | Start rendering: PNPLINE_MASTER_v003, ViewLayer
00:38.109  render           | Engine: Workbench
00:38.140  render           | Saved: 'F:\pnpline-landing\hero-section-video\blockout\blockout-master-v003\preview\frames\frame-0815.png'
00:38.140  render           | Time: 00:00.04 (Saving: 00:00.02)
00:38.140  render           | Rendering frame 816
00:38.140  render           | Start rendering: PNPLINE_MASTER_v003, ViewLayer
00:38.140  render           | Engine: Workbench
00:38.187  render           | Saved: 'F:\pnpline-landing\hero-section-video\blockout\blockout-master-v003\preview\frames\frame-0816.png'
00:38.187  render           | Time: 00:00.04 (Saving: 00:00.02)
00:38.187  render           | Rendering frame 817
00:38.187  render           | Start rendering: PNPLINE_MASTER_v003, ViewLayer
00:38.187  render           | Engine: Workbench
00:38.234  render           | Saved: 'F:\pnpline-landing\hero-section-video\blockout\blockout-master-v003\preview\frames\frame-0817.png'
00:38.234  render           | Time: 00:00.04 (Saving: 00:00.02)
00:38.234  render           | Rendering frame 818
00:38.234  render           | Start rendering: PNPLINE_MASTER_v003, ViewLayer
00:38.234  render           | Engine: Workbench
00:38.281  render           | Saved: 'F:\pnpline-landing\hero-section-video\blockout\blockout-master-v003\preview\frames\frame-0818.png'
00:38.281  render           | Time: 00:00.04 (Saving: 00:00.02)
00:38.281  render           | Rendering frame 819
00:38.281  render           | Start rendering: PNPLINE_MASTER_v003, ViewLayer
00:38.281  render           | Engine: Workbench
00:38.312  render           | Saved: 'F:\pnpline-landing\hero-section-video\blockout\blockout-master-v003\preview\frames\frame-0819.png'
00:38.312  render           | Time: 00:00.04 (Saving: 00:00.02)
00:38.312  render           | Rendering frame 820
00:38.312  render           | Start rendering: PNPLINE_MASTER_v003, ViewLayer
00:38.312  render           | Engine: Workbench
00:38.359  render           | Saved: 'F:\pnpline-landing\hero-section-video\blockout\blockout-master-v003\preview\frames\frame-0820.png'
00:38.359  render           | Time: 00:00.04 (Saving: 00:00.02)
00:38.359  render           | Rendering frame 821
00:38.359  render           | Start rendering: PNPLINE_MASTER_v003, ViewLayer
00:38.359  render           | Engine: Workbench
00:38.406  render           | Saved: 'F:\pnpline-landing\hero-section-video\blockout\blockout-master-v003\preview\frames\frame-0821.png'
00:38.406  render           | Time: 00:00.04 (Saving: 00:00.02)
00:38.406  render           | Rendering frame 822
00:38.406  render           | Start rendering: PNPLINE_MASTER_v003, ViewLayer
00:38.406  render           | Engine: Workbench
00:38.453  render           | Saved: 'F:\pnpline-landing\hero-section-video\blockout\blockout-master-v003\preview\frames\frame-0822.png'
00:38.453  render           | Time: 00:00.04 (Saving: 00:00.01)
00:38.453  render           | Rendering frame 823
00:38.453  render           | Start rendering: PNPLINE_MASTER_v003, ViewLayer
00:38.453  render           | Engine: Workbench
00:38.500  render           | Saved: 'F:\pnpline-landing\hero-section-video\blockout\blockout-master-v003\preview\frames\frame-0823.png'
00:38.500  render           | Time: 00:00.04 (Saving: 00:00.02)
00:38.500  render           | Rendering frame 824
00:38.500  render           | Start rendering: PNPLINE_MASTER_v003, ViewLayer
00:38.500  render           | Engine: Workbench
00:38.547  render           | Saved: 'F:\pnpline-landing\hero-section-video\blockout\blockout-master-v003\preview\frames\frame-0824.png'
00:38.547  render           | Time: 00:00.04 (Saving: 00:00.02)
00:38.547  render           | Rendering frame 825
00:38.547  render           | Start rendering: PNPLINE_MASTER_v003, ViewLayer
00:38.547  render           | Engine: Workbench
00:38.593  render           | Saved: 'F:\pnpline-landing\hero-section-video\blockout\blockout-master-v003\preview\frames\frame-0825.png'
00:38.593  render           | Time: 00:00.04 (Saving: 00:00.02)
00:38.593  render           | Rendering frame 826
00:38.593  render           | Start rendering: PNPLINE_MASTER_v003, ViewLayer
00:38.593  render           | Engine: Workbench
00:38.640  render           | Saved: 'F:\pnpline-landing\hero-section-video\blockout\blockout-master-v003\preview\frames\frame-0826.png'
00:38.640  render           | Time: 00:00.04 (Saving: 00:00.02)
00:38.640  render           | Rendering frame 827
00:38.640  render           | Start rendering: PNPLINE_MASTER_v003, ViewLayer
00:38.640  render           | Engine: Workbench
00:38.672  render           | Saved: 'F:\pnpline-landing\hero-section-video\blockout\blockout-master-v003\preview\frames\frame-0827.png'
00:38.672  render           | Time: 00:00.04 (Saving: 00:00.02)
00:38.672  render           | Rendering frame 828
00:38.672  render           | Start rendering: PNPLINE_MASTER_v003, ViewLayer
00:38.672  render           | Engine: Workbench
00:38.718  render           | Saved: 'F:\pnpline-landing\hero-section-video\blockout\blockout-master-v003\preview\frames\frame-0828.png'
00:38.718  render           | Time: 00:00.04 (Saving: 00:00.02)
00:38.718  render           | Rendering frame 829
00:38.718  render           | Start rendering: PNPLINE_MASTER_v003, ViewLayer
00:38.718  render           | Engine: Workbench
00:38.765  render           | Saved: 'F:\pnpline-landing\hero-section-video\blockout\blockout-master-v003\preview\frames\frame-0829.png'
00:38.765  render           | Time: 00:00.04 (Saving: 00:00.02)
00:38.765  render           | Rendering frame 830
00:38.765  render           | Start rendering: PNPLINE_MASTER_v003, ViewLayer
00:38.765  render           | Engine: Workbench
00:38.812  render           | Saved: 'F:\pnpline-landing\hero-section-video\blockout\blockout-master-v003\preview\frames\frame-0830.png'
00:38.812  render           | Time: 00:00.04 (Saving: 00:00.02)
00:38.812  render           | Rendering frame 831
00:38.812  render           | Start rendering: PNPLINE_MASTER_v003, ViewLayer
00:38.812  render           | Engine: Workbench
00:38.859  render           | Saved: 'F:\pnpline-landing\hero-section-video\blockout\blockout-master-v003\preview\frames\frame-0831.png'
00:38.859  render           | Time: 00:00.05 (Saving: 00:00.02)
00:38.859  render           | Rendering frame 832
00:38.859  render           | Start rendering: PNPLINE_MASTER_v003, ViewLayer
00:38.859  render           | Engine: Workbench
00:38.906  render           | Saved: 'F:\pnpline-landing\hero-section-video\blockout\blockout-master-v003\preview\frames\frame-0832.png'
00:38.906  render           | Time: 00:00.04 (Saving: 00:00.02)
00:38.906  render           | Rendering frame 833
00:38.906  render           | Start rendering: PNPLINE_MASTER_v003, ViewLayer
00:38.906  render           | Engine: Workbench
00:38.953  render           | Saved: 'F:\pnpline-landing\hero-section-video\blockout\blockout-master-v003\preview\frames\frame-0833.png'
00:38.953  render           | Time: 00:00.04 (Saving: 00:00.02)
00:38.953  render           | Rendering frame 834
00:38.953  render           | Start rendering: PNPLINE_MASTER_v003, ViewLayer
00:38.953  render           | Engine: Workbench
00:39.000  render           | Saved: 'F:\pnpline-landing\hero-section-video\blockout\blockout-master-v003\preview\frames\frame-0834.png'
00:39.000  render           | Time: 00:00.04 (Saving: 00:00.02)
00:39.000  render           | Rendering frame 835
00:39.000  render           | Start rendering: PNPLINE_MASTER_v003, ViewLayer
00:39.000  render           | Engine: Workbench
00:39.047  render           | Saved: 'F:\pnpline-landing\hero-section-video\blockout\blockout-master-v003\preview\frames\frame-0835.png'
00:39.047  render           | Time: 00:00.05 (Saving: 00:00.02)
00:39.047  render           | Rendering frame 836
00:39.047  render           | Start rendering: PNPLINE_MASTER_v003, ViewLayer
00:39.047  render           | Engine: Workbench
00:39.093  render           | Saved: 'F:\pnpline-landing\hero-section-video\blockout\blockout-master-v003\preview\frames\frame-0836.png'
00:39.093  render           | Time: 00:00.04 (Saving: 00:00.02)
00:39.093  render           | Rendering frame 837
00:39.093  render           | Start rendering: PNPLINE_MASTER_v003, ViewLayer
00:39.093  render           | Engine: Workbench
00:39.140  render           | Saved: 'F:\pnpline-landing\hero-section-video\blockout\blockout-master-v003\preview\frames\frame-0837.png'
00:39.140  render           | Time: 00:00.04 (Saving: 00:00.01)
00:39.140  render           | Rendering frame 838
00:39.140  render           | Start rendering: PNPLINE_MASTER_v003, ViewLayer
00:39.140  render           | Engine: Workbench
00:39.187  render           | Saved: 'F:\pnpline-landing\hero-section-video\blockout\blockout-master-v003\preview\frames\frame-0838.png'
00:39.187  render           | Time: 00:00.04 (Saving: 00:00.02)
00:39.187  render           | Rendering frame 839
00:39.187  render           | Start rendering: PNPLINE_MASTER_v003, ViewLayer
00:39.187  render           | Engine: Workbench
00:39.234  render           | Saved: 'F:\pnpline-landing\hero-section-video\blockout\blockout-master-v003\preview\frames\frame-0839.png'
00:39.234  render           | Time: 00:00.04 (Saving: 00:00.02)
00:39.234  render           | Rendering frame 840
00:39.234  render           | Start rendering: PNPLINE_MASTER_v003, ViewLayer
00:39.234  render           | Engine: Workbench
00:39.281  render           | Saved: 'F:\pnpline-landing\hero-section-video\blockout\blockout-master-v003\preview\frames\frame-0840.png'
00:39.281  render           | Time: 00:00.05 (Saving: 00:00.02)
00:39.281  render           | Rendering frame 841
00:39.281  render           | Start rendering: PNPLINE_MASTER_v003, ViewLayer
00:39.281  render           | Engine: Workbench
00:39.328  render           | Saved: 'F:\pnpline-landing\hero-section-video\blockout\blockout-master-v003\preview\frames\frame-0841.png'
00:39.328  render           | Time: 00:00.04 (Saving: 00:00.02)
00:39.328  render           | Rendering frame 842
00:39.328  render           | Start rendering: PNPLINE_MASTER_v003, ViewLayer
00:39.328  render           | Engine: Workbench
00:39.375  render           | Saved: 'F:\pnpline-landing\hero-section-video\blockout\blockout-master-v003\preview\frames\frame-0842.png'
00:39.375  render           | Time: 00:00.04 (Saving: 00:00.02)
00:39.375  render           | Rendering frame 843
00:39.375  render           | Start rendering: PNPLINE_MASTER_v003, ViewLayer
00:39.375  render           | Engine: Workbench
00:39.437  render           | Saved: 'F:\pnpline-landing\hero-section-video\blockout\blockout-master-v003\preview\frames\frame-0843.png'
00:39.437  render           | Time: 00:00.06 (Saving: 00:00.02)
00:39.437  render           | Rendering frame 844
00:39.453  render           | Start rendering: PNPLINE_MASTER_v003, ViewLayer
00:39.453  render           | Engine: Workbench
00:39.500  render           | Saved: 'F:\pnpline-landing\hero-section-video\blockout\blockout-master-v003\preview\frames\frame-0844.png'
00:39.500  render           | Time: 00:00.05 (Saving: 00:00.02)
00:39.500  render           | Rendering frame 845
00:39.500  render           | Start rendering: PNPLINE_MASTER_v003, ViewLayer
00:39.500  render           | Engine: Workbench
00:39.562  render           | Saved: 'F:\pnpline-landing\hero-section-video\blockout\blockout-master-v003\preview\frames\frame-0845.png'
00:39.562  render           | Time: 00:00.05 (Saving: 00:00.02)
00:39.562  render           | Rendering frame 846
00:39.562  render           | Start rendering: PNPLINE_MASTER_v003, ViewLayer
00:39.562  render           | Engine: Workbench
00:39.609  render           | Saved: 'F:\pnpline-landing\hero-section-video\blockout\blockout-master-v003\preview\frames\frame-0846.png'
00:39.609  render           | Time: 00:00.05 (Saving: 00:00.02)
00:39.609  render           | Rendering frame 847
00:39.609  render           | Start rendering: PNPLINE_MASTER_v003, ViewLayer
00:39.609  render           | Engine: Workbench
00:39.656  render           | Saved: 'F:\pnpline-landing\hero-section-video\blockout\blockout-master-v003\preview\frames\frame-0847.png'
00:39.656  render           | Time: 00:00.04 (Saving: 00:00.02)
00:39.656  render           | Rendering frame 848
00:39.656  render           | Start rendering: PNPLINE_MASTER_v003, ViewLayer
00:39.656  render           | Engine: Workbench
00:39.703  render           | Saved: 'F:\pnpline-landing\hero-section-video\blockout\blockout-master-v003\preview\frames\frame-0848.png'
00:39.703  render           | Time: 00:00.04 (Saving: 00:00.02)
00:39.703  render           | Rendering frame 849
00:39.703  render           | Start rendering: PNPLINE_MASTER_v003, ViewLayer
00:39.703  render           | Engine: Workbench
00:39.734  render           | Saved: 'F:\pnpline-landing\hero-section-video\blockout\blockout-master-v003\preview\frames\frame-0849.png'
00:39.734  render           | Time: 00:00.04 (Saving: 00:00.02)
00:39.734  render           | Rendering frame 850
00:39.734  render           | Start rendering: PNPLINE_MASTER_v003, ViewLayer
00:39.734  render           | Engine: Workbench
00:39.781  render           | Saved: 'F:\pnpline-landing\hero-section-video\blockout\blockout-master-v003\preview\frames\frame-0850.png'
00:39.781  render           | Time: 00:00.04 (Saving: 00:00.02)
00:39.781  render           | Rendering frame 851
00:39.781  render           | Start rendering: PNPLINE_MASTER_v003, ViewLayer
00:39.781  render           | Engine: Workbench
00:39.828  render           | Saved: 'F:\pnpline-landing\hero-section-video\blockout\blockout-master-v003\preview\frames\frame-0851.png'
00:39.828  render           | Time: 00:00.04 (Saving: 00:00.02)
00:39.828  render           | Rendering frame 852
00:39.828  render           | Start rendering: PNPLINE_MASTER_v003, ViewLayer
00:39.828  render           | Engine: Workbench
00:39.859  render           | Saved: 'F:\pnpline-landing\hero-section-video\blockout\blockout-master-v003\preview\frames\frame-0852.png'
00:39.859  render           | Time: 00:00.04 (Saving: 00:00.02)
00:39.859  render           | Rendering frame 853
00:39.859  render           | Start rendering: PNPLINE_MASTER_v003, ViewLayer
00:39.859  render           | Engine: Workbench
00:39.906  render           | Saved: 'F:\pnpline-landing\hero-section-video\blockout\blockout-master-v003\preview\frames\frame-0853.png'
00:39.906  render           | Time: 00:00.04 (Saving: 00:00.02)
00:39.906  render           | Rendering frame 854
00:39.906  render           | Start rendering: PNPLINE_MASTER_v003, ViewLayer
00:39.906  render           | Engine: Workbench
00:39.953  render           | Saved: 'F:\pnpline-landing\hero-section-video\blockout\blockout-master-v003\preview\frames\frame-0854.png'
00:39.953  render           | Time: 00:00.04 (Saving: 00:00.02)
00:39.953  render           | Rendering frame 855
00:39.953  render           | Start rendering: PNPLINE_MASTER_v003, ViewLayer
00:39.953  render           | Engine: Workbench
00:40.000  render           | Saved: 'F:\pnpline-landing\hero-section-video\blockout\blockout-master-v003\preview\frames\frame-0855.png'
00:40.000  render           | Time: 00:00.04 (Saving: 00:00.02)
00:40.000  render           | Rendering frame 856
00:40.000  render           | Start rendering: PNPLINE_MASTER_v003, ViewLayer
00:40.000  render           | Engine: Workbench
00:40.031  render           | Saved: 'F:\pnpline-landing\hero-section-video\blockout\blockout-master-v003\preview\frames\frame-0856.png'
00:40.031  render           | Time: 00:00.04 (Saving: 00:00.02)
00:40.031  render           | Rendering frame 857
00:40.031  render           | Start rendering: PNPLINE_MASTER_v003, ViewLayer
00:40.031  render           | Engine: Workbench
00:40.078  render           | Saved: 'F:\pnpline-landing\hero-section-video\blockout\blockout-master-v003\preview\frames\frame-0857.png'
00:40.078  render           | Time: 00:00.04 (Saving: 00:00.02)
00:40.078  render           | Rendering frame 858
00:40.078  render           | Start rendering: PNPLINE_MASTER_v003, ViewLayer
00:40.078  render           | Engine: Workbench
00:40.125  render           | Saved: 'F:\pnpline-landing\hero-section-video\blockout\blockout-master-v003\preview\frames\frame-0858.png'
00:40.125  render           | Time: 00:00.04 (Saving: 00:00.02)
00:40.125  render           | Rendering frame 859
00:40.125  render           | Start rendering: PNPLINE_MASTER_v003, ViewLayer
00:40.125  render           | Engine: Workbench
00:40.172  render           | Saved: 'F:\pnpline-landing\hero-section-video\blockout\blockout-master-v003\preview\frames\frame-0859.png'
00:40.172  render           | Time: 00:00.04 (Saving: 00:00.02)
00:40.172  render           | Rendering frame 860
00:40.172  render           | Start rendering: PNPLINE_MASTER_v003, ViewLayer
00:40.172  render           | Engine: Workbench
00:40.203  render           | Saved: 'F:\pnpline-landing\hero-section-video\blockout\blockout-master-v003\preview\frames\frame-0860.png'
00:40.203  render           | Time: 00:00.04 (Saving: 00:00.02)
00:40.203  render           | Rendering frame 861
00:40.203  render           | Start rendering: PNPLINE_MASTER_v003, ViewLayer
00:40.203  render           | Engine: Workbench
00:40.250  render           | Saved: 'F:\pnpline-landing\hero-section-video\blockout\blockout-master-v003\preview\frames\frame-0861.png'
00:40.250  render           | Time: 00:00.04 (Saving: 00:00.02)
00:40.250  render           | Rendering frame 862
00:40.250  render           | Start rendering: PNPLINE_MASTER_v003, ViewLayer
00:40.250  render           | Engine: Workbench
00:40.281  render           | Saved: 'F:\pnpline-landing\hero-section-video\blockout\blockout-master-v003\preview\frames\frame-0862.png'
00:40.281  render           | Time: 00:00.04 (Saving: 00:00.02)
00:40.281  render           | Rendering frame 863
00:40.281  render           | Start rendering: PNPLINE_MASTER_v003, ViewLayer
00:40.281  render           | Engine: Workbench
00:40.328  render           | Saved: 'F:\pnpline-landing\hero-section-video\blockout\blockout-master-v003\preview\frames\frame-0863.png'
00:40.328  render           | Time: 00:00.04 (Saving: 00:00.02)
00:40.328  render           | Rendering frame 864
00:40.328  render           | Start rendering: PNPLINE_MASTER_v003, ViewLayer
00:40.328  render           | Engine: Workbench
00:40.375  render           | Saved: 'F:\pnpline-landing\hero-section-video\blockout\blockout-master-v003\preview\frames\frame-0864.png'
00:40.375  render           | Time: 00:00.04 (Saving: 00:00.02)
00:40.375  render           | Rendering frame 865
00:40.375  render           | Start rendering: PNPLINE_MASTER_v003, ViewLayer
00:40.375  render           | Engine: Workbench
00:40.422  render           | Saved: 'F:\pnpline-landing\hero-section-video\blockout\blockout-master-v003\preview\frames\frame-0865.png'
00:40.422  render           | Time: 00:00.04 (Saving: 00:00.02)
00:40.422  render           | Rendering frame 866
00:40.422  render           | Start rendering: PNPLINE_MASTER_v003, ViewLayer
00:40.422  render           | Engine: Workbench
00:40.453  render           | Saved: 'F:\pnpline-landing\hero-section-video\blockout\blockout-master-v003\preview\frames\frame-0866.png'
00:40.453  render           | Time: 00:00.04 (Saving: 00:00.02)
00:40.453  render           | Rendering frame 867
00:40.453  render           | Start rendering: PNPLINE_MASTER_v003, ViewLayer
00:40.453  render           | Engine: Workbench
00:40.500  render           | Saved: 'F:\pnpline-landing\hero-section-video\blockout\blockout-master-v003\preview\frames\frame-0867.png'
00:40.500  render           | Time: 00:00.04 (Saving: 00:00.02)
00:40.500  render           | Rendering frame 868
00:40.500  render           | Start rendering: PNPLINE_MASTER_v003, ViewLayer
00:40.500  render           | Engine: Workbench
00:40.547  render           | Saved: 'F:\pnpline-landing\hero-section-video\blockout\blockout-master-v003\preview\frames\frame-0868.png'
00:40.547  render           | Time: 00:00.04 (Saving: 00:00.02)
00:40.547  render           | Rendering frame 869
00:40.547  render           | Start rendering: PNPLINE_MASTER_v003, ViewLayer
00:40.547  render           | Engine: Workbench
00:40.578  render           | Saved: 'F:\pnpline-landing\hero-section-video\blockout\blockout-master-v003\preview\frames\frame-0869.png'
00:40.578  render           | Time: 00:00.04 (Saving: 00:00.02)
00:40.578  render           | Rendering frame 870
00:40.578  render           | Start rendering: PNPLINE_MASTER_v003, ViewLayer
00:40.578  render           | Engine: Workbench
00:40.625  render           | Saved: 'F:\pnpline-landing\hero-section-video\blockout\blockout-master-v003\preview\frames\frame-0870.png'
00:40.625  render           | Time: 00:00.04 (Saving: 00:00.02)
00:40.625  render           | Rendering frame 871
00:40.625  render           | Start rendering: PNPLINE_MASTER_v003, ViewLayer
00:40.625  render           | Engine: Workbench
00:40.672  render           | Saved: 'F:\pnpline-landing\hero-section-video\blockout\blockout-master-v003\preview\frames\frame-0871.png'
00:40.672  render           | Time: 00:00.04 (Saving: 00:00.02)
00:40.672  render           | Rendering frame 872
00:40.672  render           | Start rendering: PNPLINE_MASTER_v003, ViewLayer
00:40.672  render           | Engine: Workbench
00:40.703  render           | Saved: 'F:\pnpline-landing\hero-section-video\blockout\blockout-master-v003\preview\frames\frame-0872.png'
00:40.703  render           | Time: 00:00.04 (Saving: 00:00.02)
00:40.703  render           | Rendering frame 873
00:40.703  render           | Start rendering: PNPLINE_MASTER_v003, ViewLayer
00:40.703  render           | Engine: Workbench
00:40.750  render           | Saved: 'F:\pnpline-landing\hero-section-video\blockout\blockout-master-v003\preview\frames\frame-0873.png'
00:40.750  render           | Time: 00:00.04 (Saving: 00:00.02)
00:40.750  render           | Rendering frame 874
00:40.750  render           | Start rendering: PNPLINE_MASTER_v003, ViewLayer
00:40.750  render           | Engine: Workbench
00:40.797  render           | Saved: 'F:\pnpline-landing\hero-section-video\blockout\blockout-master-v003\preview\frames\frame-0874.png'
00:40.797  render           | Time: 00:00.04 (Saving: 00:00.02)
00:40.797  render           | Rendering frame 875
00:40.797  render           | Start rendering: PNPLINE_MASTER_v003, ViewLayer
00:40.797  render           | Engine: Workbench
00:40.828  render           | Saved: 'F:\pnpline-landing\hero-section-video\blockout\blockout-master-v003\preview\frames\frame-0875.png'
00:40.828  render           | Time: 00:00.04 (Saving: 00:00.02)
00:40.828  render           | Rendering frame 876
00:40.828  render           | Start rendering: PNPLINE_MASTER_v003, ViewLayer
00:40.828  render           | Engine: Workbench
00:40.875  render           | Saved: 'F:\pnpline-landing\hero-section-video\blockout\blockout-master-v003\preview\frames\frame-0876.png'
00:40.875  render           | Time: 00:00.04 (Saving: 00:00.02)
00:40.875  render           | Rendering frame 877
00:40.875  render           | Start rendering: PNPLINE_MASTER_v003, ViewLayer
00:40.875  render           | Engine: Workbench
00:40.922  render           | Saved: 'F:\pnpline-landing\hero-section-video\blockout\blockout-master-v003\preview\frames\frame-0877.png'
00:40.922  render           | Time: 00:00.04 (Saving: 00:00.02)
00:40.922  render           | Rendering frame 878
00:40.922  render           | Start rendering: PNPLINE_MASTER_v003, ViewLayer
00:40.922  render           | Engine: Workbench
00:40.953  render           | Saved: 'F:\pnpline-landing\hero-section-video\blockout\blockout-master-v003\preview\frames\frame-0878.png'
00:40.953  render           | Time: 00:00.04 (Saving: 00:00.02)
00:40.953  render           | Rendering frame 879
00:40.953  render           | Start rendering: PNPLINE_MASTER_v003, ViewLayer
00:40.953  render           | Engine: Workbench
00:41.000  render           | Saved: 'F:\pnpline-landing\hero-section-video\blockout\blockout-master-v003\preview\frames\frame-0879.png'
00:41.000  render           | Time: 00:00.04 (Saving: 00:00.02)
00:41.000  render           | Rendering frame 880
00:41.000  render           | Start rendering: PNPLINE_MASTER_v003, ViewLayer
00:41.000  render           | Engine: Workbench
00:41.047  render           | Saved: 'F:\pnpline-landing\hero-section-video\blockout\blockout-master-v003\preview\frames\frame-0880.png'
00:41.047  render           | Time: 00:00.04 (Saving: 00:00.02)
00:41.047  render           | Rendering frame 881
00:41.047  render           | Start rendering: PNPLINE_MASTER_v003, ViewLayer
00:41.047  render           | Engine: Workbench
00:41.093  render           | Saved: 'F:\pnpline-landing\hero-section-video\blockout\blockout-master-v003\preview\frames\frame-0881.png'
00:41.093  render           | Time: 00:00.04 (Saving: 00:00.02)
00:41.093  render           | Rendering frame 882
00:41.093  render           | Start rendering: PNPLINE_MASTER_v003, ViewLayer
00:41.093  render           | Engine: Workbench
00:41.125  render           | Saved: 'F:\pnpline-landing\hero-section-video\blockout\blockout-master-v003\preview\frames\frame-0882.png'
00:41.125  render           | Time: 00:00.04 (Saving: 00:00.02)
00:41.125  render           | Rendering frame 883
00:41.125  render           | Start rendering: PNPLINE_MASTER_v003, ViewLayer
00:41.125  render           | Engine: Workbench
00:41.172  render           | Saved: 'F:\pnpline-landing\hero-section-video\blockout\blockout-master-v003\preview\frames\frame-0883.png'
00:41.172  render           | Time: 00:00.04 (Saving: 00:00.02)
00:41.172  render           | Rendering frame 884
00:41.172  render           | Start rendering: PNPLINE_MASTER_v003, ViewLayer
00:41.172  render           | Engine: Workbench
00:41.218  render           | Saved: 'F:\pnpline-landing\hero-section-video\blockout\blockout-master-v003\preview\frames\frame-0884.png'
00:41.218  render           | Time: 00:00.04 (Saving: 00:00.02)
00:41.218  render           | Rendering frame 885
00:41.218  render           | Start rendering: PNPLINE_MASTER_v003, ViewLayer
00:41.218  render           | Engine: Workbench
00:41.250  render           | Saved: 'F:\pnpline-landing\hero-section-video\blockout\blockout-master-v003\preview\frames\frame-0885.png'
00:41.250  render           | Time: 00:00.04 (Saving: 00:00.02)
00:41.250  render           | Rendering frame 886
00:41.250  render           | Start rendering: PNPLINE_MASTER_v003, ViewLayer
00:41.250  render           | Engine: Workbench
00:41.297  render           | Saved: 'F:\pnpline-landing\hero-section-video\blockout\blockout-master-v003\preview\frames\frame-0886.png'
00:41.297  render           | Time: 00:00.04 (Saving: 00:00.02)
00:41.297  render           | Rendering frame 887
00:41.297  render           | Start rendering: PNPLINE_MASTER_v003, ViewLayer
00:41.297  render           | Engine: Workbench
00:41.343  render           | Saved: 'F:\pnpline-landing\hero-section-video\blockout\blockout-master-v003\preview\frames\frame-0887.png'
00:41.343  render           | Time: 00:00.04 (Saving: 00:00.02)
00:41.343  render           | Rendering frame 888
00:41.343  render           | Start rendering: PNPLINE_MASTER_v003, ViewLayer
00:41.343  render           | Engine: Workbench
00:41.390  render           | Saved: 'F:\pnpline-landing\hero-section-video\blockout\blockout-master-v003\preview\frames\frame-0888.png'
00:41.390  render           | Time: 00:00.04 (Saving: 00:00.02)
00:41.390  render           | Rendering frame 889
00:41.390  render           | Start rendering: PNPLINE_MASTER_v003, ViewLayer
00:41.390  render           | Engine: Workbench
00:41.422  render           | Saved: 'F:\pnpline-landing\hero-section-video\blockout\blockout-master-v003\preview\frames\frame-0889.png'
00:41.422  render           | Time: 00:00.04 (Saving: 00:00.02)
00:41.422  render           | Rendering frame 890
00:41.422  render           | Start rendering: PNPLINE_MASTER_v003, ViewLayer
00:41.422  render           | Engine: Workbench
00:41.468  render           | Saved: 'F:\pnpline-landing\hero-section-video\blockout\blockout-master-v003\preview\frames\frame-0890.png'
00:41.468  render           | Time: 00:00.04 (Saving: 00:00.02)
00:41.468  render           | Rendering frame 891
00:41.468  render           | Start rendering: PNPLINE_MASTER_v003, ViewLayer
00:41.468  render           | Engine: Workbench
00:41.515  render           | Saved: 'F:\pnpline-landing\hero-section-video\blockout\blockout-master-v003\preview\frames\frame-0891.png'
00:41.515  render           | Time: 00:00.04 (Saving: 00:00.02)
00:41.515  render           | Rendering frame 892
00:41.515  render           | Start rendering: PNPLINE_MASTER_v003, ViewLayer
00:41.515  render           | Engine: Workbench
00:41.562  render           | Saved: 'F:\pnpline-landing\hero-section-video\blockout\blockout-master-v003\preview\frames\frame-0892.png'
00:41.562  render           | Time: 00:00.04 (Saving: 00:00.02)
00:41.562  render           | Rendering frame 893
00:41.562  render           | Start rendering: PNPLINE_MASTER_v003, ViewLayer
00:41.562  render           | Engine: Workbench
00:41.609  render           | Saved: 'F:\pnpline-landing\hero-section-video\blockout\blockout-master-v003\preview\frames\frame-0893.png'
00:41.609  render           | Time: 00:00.04 (Saving: 00:00.02)
00:41.609  render           | Rendering frame 894
00:41.609  render           | Start rendering: PNPLINE_MASTER_v003, ViewLayer
00:41.609  render           | Engine: Workbench
00:41.640  render           | Saved: 'F:\pnpline-landing\hero-section-video\blockout\blockout-master-v003\preview\frames\frame-0894.png'
00:41.640  render           | Time: 00:00.04 (Saving: 00:00.02)
00:41.640  render           | Rendering frame 895
00:41.640  render           | Start rendering: PNPLINE_MASTER_v003, ViewLayer
00:41.640  render           | Engine: Workbench
00:41.687  render           | Saved: 'F:\pnpline-landing\hero-section-video\blockout\blockout-master-v003\preview\frames\frame-0895.png'
00:41.687  render           | Time: 00:00.04 (Saving: 00:00.02)
00:41.687  render           | Rendering frame 896
00:41.687  render           | Start rendering: PNPLINE_MASTER_v003, ViewLayer
00:41.687  render           | Engine: Workbench
00:41.734  render           | Saved: 'F:\pnpline-landing\hero-section-video\blockout\blockout-master-v003\preview\frames\frame-0896.png'
00:41.734  render           | Time: 00:00.04 (Saving: 00:00.02)
00:41.734  render           | Rendering frame 897
00:41.734  render           | Start rendering: PNPLINE_MASTER_v003, ViewLayer
00:41.734  render           | Engine: Workbench
00:41.781  render           | Saved: 'F:\pnpline-landing\hero-section-video\blockout\blockout-master-v003\preview\frames\frame-0897.png'
00:41.781  render           | Time: 00:00.04 (Saving: 00:00.02)
00:41.781  render           | Rendering frame 898
00:41.781  render           | Start rendering: PNPLINE_MASTER_v003, ViewLayer
00:41.781  render           | Engine: Workbench
00:41.812  render           | Saved: 'F:\pnpline-landing\hero-section-video\blockout\blockout-master-v003\preview\frames\frame-0898.png'
00:41.812  render           | Time: 00:00.04 (Saving: 00:00.02)
00:41.812  render           | Rendering frame 899
00:41.812  render           | Start rendering: PNPLINE_MASTER_v003, ViewLayer
00:41.812  render           | Engine: Workbench
00:41.859  render           | Saved: 'F:\pnpline-landing\hero-section-video\blockout\blockout-master-v003\preview\frames\frame-0899.png'
00:41.859  render           | Time: 00:00.04 (Saving: 00:00.02)
00:41.859  render           | Rendering frame 900
00:41.859  render           | Start rendering: PNPLINE_MASTER_v003, ViewLayer
00:41.859  render           | Engine: Workbench
00:41.906  render           | Saved: 'F:\pnpline-landing\hero-section-video\blockout\blockout-master-v003\preview\frames\frame-0900.png'
00:41.906  render           | Time: 00:00.04 (Saving: 00:00.02)
00:41.906  render           | Rendering frame 901
00:41.906  render           | Start rendering: PNPLINE_MASTER_v003, ViewLayer
00:41.906  render           | Engine: Workbench
00:41.953  render           | Saved: 'F:\pnpline-landing\hero-section-video\blockout\blockout-master-v003\preview\frames\frame-0901.png'
00:41.953  render           | Time: 00:00.04 (Saving: 00:00.02)
00:41.953  render           | Rendering frame 902
00:41.953  render           | Start rendering: PNPLINE_MASTER_v003, ViewLayer
00:41.953  render           | Engine: Workbench
00:41.984  render           | Saved: 'F:\pnpline-landing\hero-section-video\blockout\blockout-master-v003\preview\frames\frame-0902.png'
00:41.984  render           | Time: 00:00.04 (Saving: 00:00.02)
00:41.984  render           | Rendering frame 903
00:41.984  render           | Start rendering: PNPLINE_MASTER_v003, ViewLayer
00:41.984  render           | Engine: Workbench
00:42.031  render           | Saved: 'F:\pnpline-landing\hero-section-video\blockout\blockout-master-v003\preview\frames\frame-0903.png'
00:42.031  render           | Time: 00:00.04 (Saving: 00:00.02)
00:42.031  render           | Rendering frame 904
00:42.031  render           | Start rendering: PNPLINE_MASTER_v003, ViewLayer
00:42.031  render           | Engine: Workbench
00:42.078  render           | Saved: 'F:\pnpline-landing\hero-section-video\blockout\blockout-master-v003\preview\frames\frame-0904.png'
00:42.078  render           | Time: 00:00.04 (Saving: 00:00.02)
00:42.078  render           | Rendering frame 905
00:42.078  render           | Start rendering: PNPLINE_MASTER_v003, ViewLayer
00:42.078  render           | Engine: Workbench
00:42.125  render           | Saved: 'F:\pnpline-landing\hero-section-video\blockout\blockout-master-v003\preview\frames\frame-0905.png'
00:42.125  render           | Time: 00:00.04 (Saving: 00:00.02)
00:42.125  render           | Rendering frame 906
00:42.125  render           | Start rendering: PNPLINE_MASTER_v003, ViewLayer
00:42.125  render           | Engine: Workbench
00:42.172  render           | Saved: 'F:\pnpline-landing\hero-section-video\blockout\blockout-master-v003\preview\frames\frame-0906.png'
00:42.172  render           | Time: 00:00.04 (Saving: 00:00.02)
00:42.172  render           | Rendering frame 907
00:42.172  render           | Start rendering: PNPLINE_MASTER_v003, ViewLayer
00:42.172  render           | Engine: Workbench
00:42.203  render           | Saved: 'F:\pnpline-landing\hero-section-video\blockout\blockout-master-v003\preview\frames\frame-0907.png'
00:42.203  render           | Time: 00:00.04 (Saving: 00:00.02)
00:42.203  render           | Rendering frame 908
00:42.203  render           | Start rendering: PNPLINE_MASTER_v003, ViewLayer
00:42.203  render           | Engine: Workbench
00:42.250  render           | Saved: 'F:\pnpline-landing\hero-section-video\blockout\blockout-master-v003\preview\frames\frame-0908.png'
00:42.250  render           | Time: 00:00.04 (Saving: 00:00.02)
00:42.250  render           | Rendering frame 909
00:42.250  render           | Start rendering: PNPLINE_MASTER_v003, ViewLayer
00:42.250  render           | Engine: Workbench
00:42.297  render           | Saved: 'F:\pnpline-landing\hero-section-video\blockout\blockout-master-v003\preview\frames\frame-0909.png'
00:42.297  render           | Time: 00:00.04 (Saving: 00:00.02)
00:42.297  render           | Rendering frame 910
00:42.297  render           | Start rendering: PNPLINE_MASTER_v003, ViewLayer
00:42.297  render           | Engine: Workbench
00:42.328  render           | Saved: 'F:\pnpline-landing\hero-section-video\blockout\blockout-master-v003\preview\frames\frame-0910.png'
00:42.328  render           | Time: 00:00.03 (Saving: 00:00.02)
00:42.328  render           | Rendering frame 911
00:42.328  render           | Start rendering: PNPLINE_MASTER_v003, ViewLayer
00:42.328  render           | Engine: Workbench
00:42.375  render           | Saved: 'F:\pnpline-landing\hero-section-video\blockout\blockout-master-v003\preview\frames\frame-0911.png'
00:42.375  render           | Time: 00:00.04 (Saving: 00:00.02)
00:42.375  render           | Rendering frame 912
00:42.375  render           | Start rendering: PNPLINE_MASTER_v003, ViewLayer
00:42.375  render           | Engine: Workbench
00:42.422  render           | Saved: 'F:\pnpline-landing\hero-section-video\blockout\blockout-master-v003\preview\frames\frame-0912.png'
00:42.422  render           | Time: 00:00.04 (Saving: 00:00.02)
00:42.422  render           | Rendering frame 913
00:42.422  render           | Start rendering: PNPLINE_MASTER_v003, ViewLayer
00:42.422  render           | Engine: Workbench
00:42.453  render           | Saved: 'F:\pnpline-landing\hero-section-video\blockout\blockout-master-v003\preview\frames\frame-0913.png'
00:42.453  render           | Time: 00:00.04 (Saving: 00:00.02)
00:42.453  render           | Rendering frame 914
00:42.453  render           | Start rendering: PNPLINE_MASTER_v003, ViewLayer
00:42.453  render           | Engine: Workbench
00:42.500  render           | Saved: 'F:\pnpline-landing\hero-section-video\blockout\blockout-master-v003\preview\frames\frame-0914.png'
00:42.500  render           | Time: 00:00.04 (Saving: 00:00.02)
00:42.500  render           | Rendering frame 915
00:42.500  render           | Start rendering: PNPLINE_MASTER_v003, ViewLayer
00:42.500  render           | Engine: Workbench
00:42.547  render           | Saved: 'F:\pnpline-landing\hero-section-video\blockout\blockout-master-v003\preview\frames\frame-0915.png'
00:42.547  render           | Time: 00:00.04 (Saving: 00:00.02)
00:42.547  render           | Rendering frame 916
00:42.547  render           | Start rendering: PNPLINE_MASTER_v003, ViewLayer
00:42.547  render           | Engine: Workbench
00:42.593  render           | Saved: 'F:\pnpline-landing\hero-section-video\blockout\blockout-master-v003\preview\frames\frame-0916.png'
00:42.593  render           | Time: 00:00.04 (Saving: 00:00.02)
00:42.593  render           | Rendering frame 917
00:42.593  render           | Start rendering: PNPLINE_MASTER_v003, ViewLayer
00:42.593  render           | Engine: Workbench
00:42.640  render           | Saved: 'F:\pnpline-landing\hero-section-video\blockout\blockout-master-v003\preview\frames\frame-0917.png'
00:42.640  render           | Time: 00:00.04 (Saving: 00:00.02)
00:42.640  render           | Rendering frame 918
00:42.640  render           | Start rendering: PNPLINE_MASTER_v003, ViewLayer
00:42.640  render           | Engine: Workbench
00:42.687  render           | Saved: 'F:\pnpline-landing\hero-section-video\blockout\blockout-master-v003\preview\frames\frame-0918.png'
00:42.687  render           | Time: 00:00.04 (Saving: 00:00.02)
00:42.687  render           | Rendering frame 919
00:42.687  render           | Start rendering: PNPLINE_MASTER_v003, ViewLayer
00:42.687  render           | Engine: Workbench
00:42.734  render           | Saved: 'F:\pnpline-landing\hero-section-video\blockout\blockout-master-v003\preview\frames\frame-0919.png'
00:42.734  render           | Time: 00:00.04 (Saving: 00:00.02)
00:42.734  render           | Rendering frame 920
00:42.734  render           | Start rendering: PNPLINE_MASTER_v003, ViewLayer
00:42.734  render           | Engine: Workbench
00:42.765  render           | Saved: 'F:\pnpline-landing\hero-section-video\blockout\blockout-master-v003\preview\frames\frame-0920.png'
00:42.765  render           | Time: 00:00.04 (Saving: 00:00.02)
00:42.765  render           | Rendering frame 921
00:42.765  render           | Start rendering: PNPLINE_MASTER_v003, ViewLayer
00:42.765  render           | Engine: Workbench
00:42.812  render           | Saved: 'F:\pnpline-landing\hero-section-video\blockout\blockout-master-v003\preview\frames\frame-0921.png'
00:42.812  render           | Time: 00:00.04 (Saving: 00:00.02)
00:42.812  render           | Rendering frame 922
00:42.812  render           | Start rendering: PNPLINE_MASTER_v003, ViewLayer
00:42.812  render           | Engine: Workbench
00:42.859  render           | Saved: 'F:\pnpline-landing\hero-section-video\blockout\blockout-master-v003\preview\frames\frame-0922.png'
00:42.859  render           | Time: 00:00.04 (Saving: 00:00.02)
00:42.859  render           | Rendering frame 923
00:42.875  render           | Start rendering: PNPLINE_MASTER_v003, ViewLayer
00:42.875  render           | Engine: Workbench
00:42.906  render           | Saved: 'F:\pnpline-landing\hero-section-video\blockout\blockout-master-v003\preview\frames\frame-0923.png'
00:42.906  render           | Time: 00:00.04 (Saving: 00:00.02)
00:42.906  render           | Rendering frame 924
00:42.906  render           | Start rendering: PNPLINE_MASTER_v003, ViewLayer
00:42.906  render           | Engine: Workbench
00:42.953  render           | Saved: 'F:\pnpline-landing\hero-section-video\blockout\blockout-master-v003\preview\frames\frame-0924.png'
00:42.953  render           | Time: 00:00.04 (Saving: 00:00.02)
00:42.953  render           | Rendering frame 925
00:42.953  render           | Start rendering: PNPLINE_MASTER_v003, ViewLayer
00:42.953  render           | Engine: Workbench
00:43.000  render           | Saved: 'F:\pnpline-landing\hero-section-video\blockout\blockout-master-v003\preview\frames\frame-0925.png'
00:43.000  render           | Time: 00:00.04 (Saving: 00:00.02)
00:43.000  render           | Rendering frame 926
00:43.000  render           | Start rendering: PNPLINE_MASTER_v003, ViewLayer
00:43.000  render           | Engine: Workbench
00:43.047  render           | Saved: 'F:\pnpline-landing\hero-section-video\blockout\blockout-master-v003\preview\frames\frame-0926.png'
00:43.047  render           | Time: 00:00.04 (Saving: 00:00.02)
00:43.047  render           | Rendering frame 927
00:43.047  render           | Start rendering: PNPLINE_MASTER_v003, ViewLayer
00:43.047  render           | Engine: Workbench
00:43.078  render           | Saved: 'F:\pnpline-landing\hero-section-video\blockout\blockout-master-v003\preview\frames\frame-0927.png'
00:43.078  render           | Time: 00:00.04 (Saving: 00:00.02)
00:43.078  render           | Rendering frame 928
00:43.078  render           | Start rendering: PNPLINE_MASTER_v003, ViewLayer
00:43.078  render           | Engine: Workbench
00:43.125  render           | Saved: 'F:\pnpline-landing\hero-section-video\blockout\blockout-master-v003\preview\frames\frame-0928.png'
00:43.125  render           | Time: 00:00.04 (Saving: 00:00.02)
00:43.125  render           | Rendering frame 929
00:43.125  render           | Start rendering: PNPLINE_MASTER_v003, ViewLayer
00:43.125  render           | Engine: Workbench
00:43.172  render           | Saved: 'F:\pnpline-landing\hero-section-video\blockout\blockout-master-v003\preview\frames\frame-0929.png'
00:43.172  render           | Time: 00:00.04 (Saving: 00:00.02)
00:43.172  render           | Rendering frame 930
00:43.172  render           | Start rendering: PNPLINE_MASTER_v003, ViewLayer
00:43.172  render           | Engine: Workbench
00:43.203  render           | Saved: 'F:\pnpline-landing\hero-section-video\blockout\blockout-master-v003\preview\frames\frame-0930.png'
00:43.203  render           | Time: 00:00.04 (Saving: 00:00.02)
00:43.203  render           | Rendering frame 931
00:43.203  render           | Start rendering: PNPLINE_MASTER_v003, ViewLayer
00:43.203  render           | Engine: Workbench
00:43.250  render           | Saved: 'F:\pnpline-landing\hero-section-video\blockout\blockout-master-v003\preview\frames\frame-0931.png'
00:43.250  render           | Time: 00:00.04 (Saving: 00:00.02)
00:43.250  render           | Rendering frame 932
00:43.250  render           | Start rendering: PNPLINE_MASTER_v003, ViewLayer
00:43.250  render           | Engine: Workbench
00:43.297  render           | Saved: 'F:\pnpline-landing\hero-section-video\blockout\blockout-master-v003\preview\frames\frame-0932.png'
00:43.297  render           | Time: 00:00.04 (Saving: 00:00.02)
00:43.297  render           | Rendering frame 933
00:43.297  render           | Start rendering: PNPLINE_MASTER_v003, ViewLayer
00:43.297  render           | Engine: Workbench
00:43.328  render           | Saved: 'F:\pnpline-landing\hero-section-video\blockout\blockout-master-v003\preview\frames\frame-0933.png'
00:43.328  render           | Time: 00:00.04 (Saving: 00:00.02)
00:43.328  render           | Rendering frame 934
00:43.328  render           | Start rendering: PNPLINE_MASTER_v003, ViewLayer
00:43.328  render           | Engine: Workbench
00:43.375  render           | Saved: 'F:\pnpline-landing\hero-section-video\blockout\blockout-master-v003\preview\frames\frame-0934.png'
00:43.375  render           | Time: 00:00.03 (Saving: 00:00.02)
00:43.375  render           | Rendering frame 935
00:43.375  render           | Start rendering: PNPLINE_MASTER_v003, ViewLayer
00:43.375  render           | Engine: Workbench
00:43.422  render           | Saved: 'F:\pnpline-landing\hero-section-video\blockout\blockout-master-v003\preview\frames\frame-0935.png'
00:43.422  render           | Time: 00:00.04 (Saving: 00:00.02)
00:43.422  render           | Rendering frame 936
00:43.422  render           | Start rendering: PNPLINE_MASTER_v003, ViewLayer
00:43.422  render           | Engine: Workbench
00:43.453  render           | Saved: 'F:\pnpline-landing\hero-section-video\blockout\blockout-master-v003\preview\frames\frame-0936.png'
00:43.453  render           | Time: 00:00.04 (Saving: 00:00.02)
00:43.453  render           | Rendering frame 937
00:43.453  render           | Start rendering: PNPLINE_MASTER_v003, ViewLayer
00:43.453  render           | Engine: Workbench
00:43.500  render           | Saved: 'F:\pnpline-landing\hero-section-video\blockout\blockout-master-v003\preview\frames\frame-0937.png'
00:43.500  render           | Time: 00:00.04 (Saving: 00:00.02)
00:43.500  render           | Rendering frame 938
00:43.500  render           | Start rendering: PNPLINE_MASTER_v003, ViewLayer
00:43.500  render           | Engine: Workbench
00:43.547  render           | Saved: 'F:\pnpline-landing\hero-section-video\blockout\blockout-master-v003\preview\frames\frame-0938.png'
00:43.547  render           | Time: 00:00.04 (Saving: 00:00.02)
00:43.547  render           | Rendering frame 939
00:43.547  render           | Start rendering: PNPLINE_MASTER_v003, ViewLayer
00:43.547  render           | Engine: Workbench
00:43.578  render           | Saved: 'F:\pnpline-landing\hero-section-video\blockout\blockout-master-v003\preview\frames\frame-0939.png'
00:43.578  render           | Time: 00:00.04 (Saving: 00:00.02)
00:43.578  render           | Rendering frame 940
00:43.578  render           | Start rendering: PNPLINE_MASTER_v003, ViewLayer
00:43.578  render           | Engine: Workbench
00:43.625  render           | Saved: 'F:\pnpline-landing\hero-section-video\blockout\blockout-master-v003\preview\frames\frame-0940.png'
00:43.625  render           | Time: 00:00.04 (Saving: 00:00.02)
00:43.625  render           | Rendering frame 941
00:43.625  render           | Start rendering: PNPLINE_MASTER_v003, ViewLayer
00:43.625  render           | Engine: Workbench
00:43.672  render           | Saved: 'F:\pnpline-landing\hero-section-video\blockout\blockout-master-v003\preview\frames\frame-0941.png'
00:43.672  render           | Time: 00:00.04 (Saving: 00:00.02)
00:43.672  render           | Rendering frame 942
00:43.672  render           | Start rendering: PNPLINE_MASTER_v003, ViewLayer
00:43.672  render           | Engine: Workbench
00:43.718  render           | Saved: 'F:\pnpline-landing\hero-section-video\blockout\blockout-master-v003\preview\frames\frame-0942.png'
00:43.718  render           | Time: 00:00.04 (Saving: 00:00.02)
00:43.718  render           | Rendering frame 943
00:43.718  render           | Start rendering: PNPLINE_MASTER_v003, ViewLayer
00:43.718  render           | Engine: Workbench
00:43.765  render           | Saved: 'F:\pnpline-landing\hero-section-video\blockout\blockout-master-v003\preview\frames\frame-0943.png'
00:43.765  render           | Time: 00:00.04 (Saving: 00:00.02)
00:43.765  render           | Rendering frame 944
00:43.765  render           | Start rendering: PNPLINE_MASTER_v003, ViewLayer
00:43.765  render           | Engine: Workbench
00:43.812  render           | Saved: 'F:\pnpline-landing\hero-section-video\blockout\blockout-master-v003\preview\frames\frame-0944.png'
00:43.812  render           | Time: 00:00.04 (Saving: 00:00.02)
00:43.812  render           | Rendering frame 945
00:43.812  render           | Start rendering: PNPLINE_MASTER_v003, ViewLayer
00:43.812  render           | Engine: Workbench
00:43.843  render           | Saved: 'F:\pnpline-landing\hero-section-video\blockout\blockout-master-v003\preview\frames\frame-0945.png'
00:43.843  render           | Time: 00:00.04 (Saving: 00:00.02)
00:43.843  render           | Rendering frame 946
00:43.843  render           | Start rendering: PNPLINE_MASTER_v003, ViewLayer
00:43.843  render           | Engine: Workbench
00:43.890  render           | Saved: 'F:\pnpline-landing\hero-section-video\blockout\blockout-master-v003\preview\frames\frame-0946.png'
00:43.890  render           | Time: 00:00.04 (Saving: 00:00.02)
00:43.890  render           | Rendering frame 947
00:43.890  render           | Start rendering: PNPLINE_MASTER_v003, ViewLayer
00:43.890  render           | Engine: Workbench
00:43.937  render           | Saved: 'F:\pnpline-landing\hero-section-video\blockout\blockout-master-v003\preview\frames\frame-0947.png'
00:43.937  render           | Time: 00:00.04 (Saving: 00:00.02)
00:43.937  render           | Rendering frame 948
00:43.937  render           | Start rendering: PNPLINE_MASTER_v003, ViewLayer
00:43.937  render           | Engine: Workbench
00:43.984  render           | Saved: 'F:\pnpline-landing\hero-section-video\blockout\blockout-master-v003\preview\frames\frame-0948.png'
00:43.984  render           | Time: 00:00.04 (Saving: 00:00.02)
00:43.984  render           | Rendering frame 949
00:43.984  render           | Start rendering: PNPLINE_MASTER_v003, ViewLayer
00:43.984  render           | Engine: Workbench
00:44.031  render           | Saved: 'F:\pnpline-landing\hero-section-video\blockout\blockout-master-v003\preview\frames\frame-0949.png'
00:44.031  render           | Time: 00:00.04 (Saving: 00:00.02)
00:44.031  render           | Rendering frame 950
00:44.031  render           | Start rendering: PNPLINE_MASTER_v003, ViewLayer
00:44.031  render           | Engine: Workbench
00:44.062  render           | Saved: 'F:\pnpline-landing\hero-section-video\blockout\blockout-master-v003\preview\frames\frame-0950.png'
00:44.062  render           | Time: 00:00.04 (Saving: 00:00.02)
00:44.062  render           | Rendering frame 951
00:44.062  render           | Start rendering: PNPLINE_MASTER_v003, ViewLayer
00:44.062  render           | Engine: Workbench
00:44.109  render           | Saved: 'F:\pnpline-landing\hero-section-video\blockout\blockout-master-v003\preview\frames\frame-0951.png'
00:44.109  render           | Time: 00:00.04 (Saving: 00:00.02)
00:44.109  render           | Rendering frame 952
00:44.109  render           | Start rendering: PNPLINE_MASTER_v003, ViewLayer
00:44.109  render           | Engine: Workbench
00:44.156  render           | Saved: 'F:\pnpline-landing\hero-section-video\blockout\blockout-master-v003\preview\frames\frame-0952.png'
00:44.156  render           | Time: 00:00.04 (Saving: 00:00.02)
00:44.156  render           | Rendering frame 953
00:44.156  render           | Start rendering: PNPLINE_MASTER_v003, ViewLayer
00:44.156  render           | Engine: Workbench
00:44.203  render           | Saved: 'F:\pnpline-landing\hero-section-video\blockout\blockout-master-v003\preview\frames\frame-0953.png'
00:44.203  render           | Time: 00:00.04 (Saving: 00:00.02)
00:44.203  render           | Rendering frame 954
00:44.203  render           | Start rendering: PNPLINE_MASTER_v003, ViewLayer
00:44.203  render           | Engine: Workbench
00:44.250  render           | Saved: 'F:\pnpline-landing\hero-section-video\blockout\blockout-master-v003\preview\frames\frame-0954.png'
00:44.250  render           | Time: 00:00.04 (Saving: 00:00.02)
00:44.250  render           | Rendering frame 955
00:44.250  render           | Start rendering: PNPLINE_MASTER_v003, ViewLayer
00:44.250  render           | Engine: Workbench
00:44.297  render           | Saved: 'F:\pnpline-landing\hero-section-video\blockout\blockout-master-v003\preview\frames\frame-0955.png'
00:44.297  render           | Time: 00:00.04 (Saving: 00:00.02)
00:44.297  render           | Rendering frame 956
00:44.297  render           | Start rendering: PNPLINE_MASTER_v003, ViewLayer
00:44.297  render           | Engine: Workbench
00:44.328  render           | Saved: 'F:\pnpline-landing\hero-section-video\blockout\blockout-master-v003\preview\frames\frame-0956.png'
00:44.328  render           | Time: 00:00.04 (Saving: 00:00.02)
00:44.328  render           | Rendering frame 957
00:44.328  render           | Start rendering: PNPLINE_MASTER_v003, ViewLayer
00:44.328  render           | Engine: Workbench
00:44.375  render           | Saved: 'F:\pnpline-landing\hero-section-video\blockout\blockout-master-v003\preview\frames\frame-0957.png'
00:44.375  render           | Time: 00:00.04 (Saving: 00:00.02)
00:44.375  render           | Rendering frame 958
00:44.375  render           | Start rendering: PNPLINE_MASTER_v003, ViewLayer
00:44.375  render           | Engine: Workbench
00:44.422  render           | Saved: 'F:\pnpline-landing\hero-section-video\blockout\blockout-master-v003\preview\frames\frame-0958.png'
00:44.422  render           | Time: 00:00.04 (Saving: 00:00.02)
00:44.422  render           | Rendering frame 959
00:44.422  render           | Start rendering: PNPLINE_MASTER_v003, ViewLayer
00:44.422  render           | Engine: Workbench
00:44.468  render           | Saved: 'F:\pnpline-landing\hero-section-video\blockout\blockout-master-v003\preview\frames\frame-0959.png'
00:44.468  render           | Time: 00:00.04 (Saving: 00:00.02)
00:44.468  render           | Rendering frame 960
00:44.468  render           | Start rendering: PNPLINE_MASTER_v003, ViewLayer
00:44.468  render           | Engine: Workbench
00:44.500  render           | Saved: 'F:\pnpline-landing\hero-section-video\blockout\blockout-master-v003\preview\frames\frame-0960.png'
00:44.500  render           | Time: 00:00.04 (Saving: 00:00.02)
00:44.500  render           | Rendering frame 961
00:44.500  render           | Start rendering: PNPLINE_MASTER_v003, ViewLayer
00:44.500  render           | Engine: Workbench
00:44.547  render           | Saved: 'F:\pnpline-landing\hero-section-video\blockout\blockout-master-v003\preview\frames\frame-0961.png'
00:44.547  render           | Time: 00:00.04 (Saving: 00:00.02)
00:44.547  render           | Rendering frame 962
00:44.547  render           | Start rendering: PNPLINE_MASTER_v003, ViewLayer
00:44.547  render           | Engine: Workbench
00:44.593  render           | Saved: 'F:\pnpline-landing\hero-section-video\blockout\blockout-master-v003\preview\frames\frame-0962.png'
00:44.593  render           | Time: 00:00.04 (Saving: 00:00.02)
00:44.593  render           | Rendering frame 963
00:44.593  render           | Start rendering: PNPLINE_MASTER_v003, ViewLayer
00:44.593  render           | Engine: Workbench
00:44.640  render           | Saved: 'F:\pnpline-landing\hero-section-video\blockout\blockout-master-v003\preview\frames\frame-0963.png'
00:44.640  render           | Time: 00:00.04 (Saving: 00:00.02)
00:44.640  render           | Rendering frame 964
00:44.640  render           | Start rendering: PNPLINE_MASTER_v003, ViewLayer
00:44.640  render           | Engine: Workbench
00:44.687  render           | Saved: 'F:\pnpline-landing\hero-section-video\blockout\blockout-master-v003\preview\frames\frame-0964.png'
00:44.687  render           | Time: 00:00.04 (Saving: 00:00.02)
00:44.687  render           | Rendering frame 965
00:44.687  render           | Start rendering: PNPLINE_MASTER_v003, ViewLayer
00:44.687  render           | Engine: Workbench
00:44.734  render           | Saved: 'F:\pnpline-landing\hero-section-video\blockout\blockout-master-v003\preview\frames\frame-0965.png'
00:44.734  render           | Time: 00:00.04 (Saving: 00:00.02)
00:44.734  render           | Rendering frame 966
00:44.734  render           | Start rendering: PNPLINE_MASTER_v003, ViewLayer
00:44.734  render           | Engine: Workbench
00:44.765  render           | Saved: 'F:\pnpline-landing\hero-section-video\blockout\blockout-master-v003\preview\frames\frame-0966.png'
00:44.765  render           | Time: 00:00.04 (Saving: 00:00.02)
00:44.765  render           | Rendering frame 967
00:44.765  render           | Start rendering: PNPLINE_MASTER_v003, ViewLayer
00:44.765  render           | Engine: Workbench
00:44.812  render           | Saved: 'F:\pnpline-landing\hero-section-video\blockout\blockout-master-v003\preview\frames\frame-0967.png'
00:44.812  render           | Time: 00:00.04 (Saving: 00:00.02)
00:44.812  render           | Rendering frame 968
00:44.812  render           | Start rendering: PNPLINE_MASTER_v003, ViewLayer
00:44.812  render           | Engine: Workbench
00:44.859  render           | Saved: 'F:\pnpline-landing\hero-section-video\blockout\blockout-master-v003\preview\frames\frame-0968.png'
00:44.859  render           | Time: 00:00.04 (Saving: 00:00.02)
00:44.859  render           | Rendering frame 969
00:44.859  render           | Start rendering: PNPLINE_MASTER_v003, ViewLayer
00:44.859  render           | Engine: Workbench
00:44.906  render           | Saved: 'F:\pnpline-landing\hero-section-video\blockout\blockout-master-v003\preview\frames\frame-0969.png'
00:44.906  render           | Time: 00:00.04 (Saving: 00:00.02)
00:44.906  render           | Rendering frame 970
00:44.906  render           | Start rendering: PNPLINE_MASTER_v003, ViewLayer
00:44.906  render           | Engine: Workbench
00:44.937  render           | Saved: 'F:\pnpline-landing\hero-section-video\blockout\blockout-master-v003\preview\frames\frame-0970.png'
00:44.937  render           | Time: 00:00.04 (Saving: 00:00.02)
00:44.937  render           | Rendering frame 971
00:44.937  render           | Start rendering: PNPLINE_MASTER_v003, ViewLayer
00:44.937  render           | Engine: Workbench
00:44.984  render           | Saved: 'F:\pnpline-landing\hero-section-video\blockout\blockout-master-v003\preview\frames\frame-0971.png'
00:44.984  render           | Time: 00:00.04 (Saving: 00:00.02)
00:44.984  render           | Rendering frame 972
00:44.984  render           | Start rendering: PNPLINE_MASTER_v003, ViewLayer
00:44.984  render           | Engine: Workbench
00:45.031  render           | Saved: 'F:\pnpline-landing\hero-section-video\blockout\blockout-master-v003\preview\frames\frame-0972.png'
00:45.031  render           | Time: 00:00.04 (Saving: 00:00.02)
00:45.031  render           | Rendering frame 973
00:45.031  render           | Start rendering: PNPLINE_MASTER_v003, ViewLayer
00:45.031  render           | Engine: Workbench
00:45.078  render           | Saved: 'F:\pnpline-landing\hero-section-video\blockout\blockout-master-v003\preview\frames\frame-0973.png'
00:45.078  render           | Time: 00:00.04 (Saving: 00:00.02)
00:45.078  render           | Rendering frame 974
00:45.078  render           | Start rendering: PNPLINE_MASTER_v003, ViewLayer
00:45.078  render           | Engine: Workbench
00:45.109  render           | Saved: 'F:\pnpline-landing\hero-section-video\blockout\blockout-master-v003\preview\frames\frame-0974.png'
00:45.109  render           | Time: 00:00.04 (Saving: 00:00.02)
00:45.109  render           | Rendering frame 975
00:45.109  render           | Start rendering: PNPLINE_MASTER_v003, ViewLayer
00:45.109  render           | Engine: Workbench
00:45.156  render           | Saved: 'F:\pnpline-landing\hero-section-video\blockout\blockout-master-v003\preview\frames\frame-0975.png'
00:45.156  render           | Time: 00:00.04 (Saving: 00:00.02)
00:45.156  render           | Rendering frame 976
00:45.156  render           | Start rendering: PNPLINE_MASTER_v003, ViewLayer
00:45.156  render           | Engine: Workbench
00:45.203  render           | Saved: 'F:\pnpline-landing\hero-section-video\blockout\blockout-master-v003\preview\frames\frame-0976.png'
00:45.203  render           | Time: 00:00.04 (Saving: 00:00.02)
00:45.203  render           | Rendering frame 977
00:45.203  render           | Start rendering: PNPLINE_MASTER_v003, ViewLayer
00:45.203  render           | Engine: Workbench
00:45.250  render           | Saved: 'F:\pnpline-landing\hero-section-video\blockout\blockout-master-v003\preview\frames\frame-0977.png'
00:45.250  render           | Time: 00:00.04 (Saving: 00:00.02)
00:45.250  render           | Rendering frame 978
00:45.250  render           | Start rendering: PNPLINE_MASTER_v003, ViewLayer
00:45.250  render           | Engine: Workbench
00:45.281  render           | Saved: 'F:\pnpline-landing\hero-section-video\blockout\blockout-master-v003\preview\frames\frame-0978.png'
00:45.281  render           | Time: 00:00.04 (Saving: 00:00.02)
00:45.281  render           | Rendering frame 979
00:45.281  render           | Start rendering: PNPLINE_MASTER_v003, ViewLayer
00:45.281  render           | Engine: Workbench
00:45.328  render           | Saved: 'F:\pnpline-landing\hero-section-video\blockout\blockout-master-v003\preview\frames\frame-0979.png'
00:45.328  render           | Time: 00:00.04 (Saving: 00:00.02)
00:45.328  render           | Rendering frame 980
00:45.328  render           | Start rendering: PNPLINE_MASTER_v003, ViewLayer
00:45.328  render           | Engine: Workbench
00:45.375  render           | Saved: 'F:\pnpline-landing\hero-section-video\blockout\blockout-master-v003\preview\frames\frame-0980.png'
00:45.375  render           | Time: 00:00.04 (Saving: 00:00.02)
00:45.375  render           | Rendering frame 981
00:45.375  render           | Start rendering: PNPLINE_MASTER_v003, ViewLayer
00:45.375  render           | Engine: Workbench
00:45.422  render           | Saved: 'F:\pnpline-landing\hero-section-video\blockout\blockout-master-v003\preview\frames\frame-0981.png'
00:45.422  render           | Time: 00:00.04 (Saving: 00:00.02)
00:45.422  render           | Rendering frame 982
00:45.422  render           | Start rendering: PNPLINE_MASTER_v003, ViewLayer
00:45.422  render           | Engine: Workbench
00:45.468  render           | Saved: 'F:\pnpline-landing\hero-section-video\blockout\blockout-master-v003\preview\frames\frame-0982.png'
00:45.468  render           | Time: 00:00.05 (Saving: 00:00.02)
00:45.468  render           | Rendering frame 983
00:45.468  render           | Start rendering: PNPLINE_MASTER_v003, ViewLayer
00:45.468  render           | Engine: Workbench
00:45.515  render           | Saved: 'F:\pnpline-landing\hero-section-video\blockout\blockout-master-v003\preview\frames\frame-0983.png'
00:45.515  render           | Time: 00:00.04 (Saving: 00:00.02)
00:45.515  render           | Rendering frame 984
00:45.515  render           | Start rendering: PNPLINE_MASTER_v003, ViewLayer
00:45.515  render           | Engine: Workbench
00:45.562  render           | Saved: 'F:\pnpline-landing\hero-section-video\blockout\blockout-master-v003\preview\frames\frame-0984.png'
00:45.562  render           | Time: 00:00.04 (Saving: 00:00.02)
00:45.562  render           | Rendering frame 985
00:45.562  render           | Start rendering: PNPLINE_MASTER_v003, ViewLayer
00:45.562  render           | Engine: Workbench
00:45.609  render           | Saved: 'F:\pnpline-landing\hero-section-video\blockout\blockout-master-v003\preview\frames\frame-0985.png'
00:45.609  render           | Time: 00:00.04 (Saving: 00:00.02)
00:45.609  render           | Rendering frame 986
00:45.609  render           | Start rendering: PNPLINE_MASTER_v003, ViewLayer
00:45.609  render           | Engine: Workbench
00:45.640  render           | Saved: 'F:\pnpline-landing\hero-section-video\blockout\blockout-master-v003\preview\frames\frame-0986.png'
00:45.640  render           | Time: 00:00.04 (Saving: 00:00.02)
00:45.640  render           | Rendering frame 987
00:45.640  render           | Start rendering: PNPLINE_MASTER_v003, ViewLayer
00:45.640  render           | Engine: Workbench
00:45.687  render           | Saved: 'F:\pnpline-landing\hero-section-video\blockout\blockout-master-v003\preview\frames\frame-0987.png'
00:45.687  render           | Time: 00:00.04 (Saving: 00:00.02)
00:45.687  render           | Rendering frame 988
00:45.687  render           | Start rendering: PNPLINE_MASTER_v003, ViewLayer
00:45.687  render           | Engine: Workbench
00:45.734  render           | Saved: 'F:\pnpline-landing\hero-section-video\blockout\blockout-master-v003\preview\frames\frame-0988.png'
00:45.734  render           | Time: 00:00.04 (Saving: 00:00.02)
00:45.734  render           | Rendering frame 989
00:45.734  render           | Start rendering: PNPLINE_MASTER_v003, ViewLayer
00:45.734  render           | Engine: Workbench
00:45.781  render           | Saved: 'F:\pnpline-landing\hero-section-video\blockout\blockout-master-v003\preview\frames\frame-0989.png'
00:45.781  render           | Time: 00:00.04 (Saving: 00:00.02)
00:45.781  render           | Rendering frame 990
00:45.781  render           | Start rendering: PNPLINE_MASTER_v003, ViewLayer
00:45.781  render           | Engine: Workbench
00:45.812  render           | Saved: 'F:\pnpline-landing\hero-section-video\blockout\blockout-master-v003\preview\frames\frame-0990.png'
00:45.812  render           | Time: 00:00.04 (Saving: 00:00.02)
00:45.812  render           | Rendering frame 991
00:45.812  render           | Start rendering: PNPLINE_MASTER_v003, ViewLayer
00:45.812  render           | Engine: Workbench
00:45.859  render           | Saved: 'F:\pnpline-landing\hero-section-video\blockout\blockout-master-v003\preview\frames\frame-0991.png'
00:45.859  render           | Time: 00:00.04 (Saving: 00:00.02)
00:45.859  render           | Rendering frame 992
00:45.859  render           | Start rendering: PNPLINE_MASTER_v003, ViewLayer
00:45.859  render           | Engine: Workbench
00:45.906  render           | Saved: 'F:\pnpline-landing\hero-section-video\blockout\blockout-master-v003\preview\frames\frame-0992.png'
00:45.906  render           | Time: 00:00.04 (Saving: 00:00.02)
00:45.906  render           | Rendering frame 993
00:45.906  render           | Start rendering: PNPLINE_MASTER_v003, ViewLayer
00:45.906  render           | Engine: Workbench
00:45.953  render           | Saved: 'F:\pnpline-landing\hero-section-video\blockout\blockout-master-v003\preview\frames\frame-0993.png'
00:45.953  render           | Time: 00:00.04 (Saving: 00:00.02)
00:45.953  render           | Rendering frame 994
00:45.953  render           | Start rendering: PNPLINE_MASTER_v003, ViewLayer
00:45.953  render           | Engine: Workbench
00:45.984  render           | Saved: 'F:\pnpline-landing\hero-section-video\blockout\blockout-master-v003\preview\frames\frame-0994.png'
00:45.984  render           | Time: 00:00.04 (Saving: 00:00.02)
00:45.984  render           | Rendering frame 995
00:45.984  render           | Start rendering: PNPLINE_MASTER_v003, ViewLayer
00:45.984  render           | Engine: Workbench
00:46.031  render           | Saved: 'F:\pnpline-landing\hero-section-video\blockout\blockout-master-v003\preview\frames\frame-0995.png'
00:46.031  render           | Time: 00:00.04 (Saving: 00:00.02)
00:46.031  render           | Rendering frame 996
00:46.031  render           | Start rendering: PNPLINE_MASTER_v003, ViewLayer
00:46.031  render           | Engine: Workbench
00:46.078  render           | Saved: 'F:\pnpline-landing\hero-section-video\blockout\blockout-master-v003\preview\frames\frame-0996.png'
00:46.078  render           | Time: 00:00.04 (Saving: 00:00.02)
00:46.078  render           | Rendering frame 997
00:46.078  render           | Start rendering: PNPLINE_MASTER_v003, ViewLayer
00:46.078  render           | Engine: Workbench
00:46.125  render           | Saved: 'F:\pnpline-landing\hero-section-video\blockout\blockout-master-v003\preview\frames\frame-0997.png'
00:46.125  render           | Time: 00:00.04 (Saving: 00:00.02)
00:46.125  render           | Rendering frame 998
00:46.125  render           | Start rendering: PNPLINE_MASTER_v003, ViewLayer
00:46.125  render           | Engine: Workbench
00:46.172  render           | Saved: 'F:\pnpline-landing\hero-section-video\blockout\blockout-master-v003\preview\frames\frame-0998.png'
00:46.172  render           | Time: 00:00.04 (Saving: 00:00.02)
00:46.172  render           | Rendering frame 999
00:46.172  render           | Start rendering: PNPLINE_MASTER_v003, ViewLayer
00:46.172  render           | Engine: Workbench
00:46.218  render           | Saved: 'F:\pnpline-landing\hero-section-video\blockout\blockout-master-v003\preview\frames\frame-0999.png'
00:46.218  render           | Time: 00:00.04 (Saving: 00:00.02)
00:46.218  render           | Rendering frame 1000
00:46.218  render           | Start rendering: PNPLINE_MASTER_v003, ViewLayer
00:46.218  render           | Engine: Workbench
00:46.265  render           | Saved: 'F:\pnpline-landing\hero-section-video\blockout\blockout-master-v003\preview\frames\frame-1000.png'
00:46.265  render           | Time: 00:00.04 (Saving: 00:00.02)
00:46.265  render           | Rendering frame 1001
00:46.265  render           | Start rendering: PNPLINE_MASTER_v003, ViewLayer
00:46.265  render           | Engine: Workbench
00:46.312  render           | Saved: 'F:\pnpline-landing\hero-section-video\blockout\blockout-master-v003\preview\frames\frame-1001.png'
00:46.312  render           | Time: 00:00.04 (Saving: 00:00.02)
00:46.312  render           | Rendering frame 1002
00:46.312  render           | Start rendering: PNPLINE_MASTER_v003, ViewLayer
00:46.312  render           | Engine: Workbench
00:46.359  render           | Saved: 'F:\pnpline-landing\hero-section-video\blockout\blockout-master-v003\preview\frames\frame-1002.png'
00:46.359  render           | Time: 00:00.04 (Saving: 00:00.02)
00:46.359  render           | Rendering frame 1003
00:46.359  render           | Start rendering: PNPLINE_MASTER_v003, ViewLayer
00:46.359  render           | Engine: Workbench
00:46.406  render           | Saved: 'F:\pnpline-landing\hero-section-video\blockout\blockout-master-v003\preview\frames\frame-1003.png'
00:46.406  render           | Time: 00:00.04 (Saving: 00:00.02)
00:46.406  render           | Rendering frame 1004
00:46.406  render           | Start rendering: PNPLINE_MASTER_v003, ViewLayer
00:46.406  render           | Engine: Workbench
00:46.453  render           | Saved: 'F:\pnpline-landing\hero-section-video\blockout\blockout-master-v003\preview\frames\frame-1004.png'
00:46.453  render           | Time: 00:00.04 (Saving: 00:00.02)
00:46.453  render           | Rendering frame 1005
00:46.453  render           | Start rendering: PNPLINE_MASTER_v003, ViewLayer
00:46.453  render           | Engine: Workbench
00:46.500  render           | Saved: 'F:\pnpline-landing\hero-section-video\blockout\blockout-master-v003\preview\frames\frame-1005.png'
00:46.500  render           | Time: 00:00.04 (Saving: 00:00.02)
00:46.500  render           | Rendering frame 1006
00:46.500  render           | Start rendering: PNPLINE_MASTER_v003, ViewLayer
00:46.500  render           | Engine: Workbench
00:46.531  render           | Saved: 'F:\pnpline-landing\hero-section-video\blockout\blockout-master-v003\preview\frames\frame-1006.png'
00:46.531  render           | Time: 00:00.04 (Saving: 00:00.02)
00:46.531  render           | Rendering frame 1007
00:46.531  render           | Start rendering: PNPLINE_MASTER_v003, ViewLayer
00:46.531  render           | Engine: Workbench
00:46.578  render           | Saved: 'F:\pnpline-landing\hero-section-video\blockout\blockout-master-v003\preview\frames\frame-1007.png'
00:46.578  render           | Time: 00:00.04 (Saving: 00:00.02)
00:46.578  render           | Rendering frame 1008
00:46.578  render           | Start rendering: PNPLINE_MASTER_v003, ViewLayer
00:46.578  render           | Engine: Workbench
00:46.625  render           | Saved: 'F:\pnpline-landing\hero-section-video\blockout\blockout-master-v003\preview\frames\frame-1008.png'
00:46.625  render           | Time: 00:00.04 (Saving: 00:00.02)
00:46.625  render           | Rendering frame 1009
00:46.625  render           | Start rendering: PNPLINE_MASTER_v003, ViewLayer
00:46.625  render           | Engine: Workbench
00:46.656  render           | Saved: 'F:\pnpline-landing\hero-section-video\blockout\blockout-master-v003\preview\frames\frame-1009.png'
00:46.656  render           | Time: 00:00.04 (Saving: 00:00.02)
00:46.656  render           | Rendering frame 1010
00:46.656  render           | Start rendering: PNPLINE_MASTER_v003, ViewLayer
00:46.656  render           | Engine: Workbench
00:46.703  render           | Saved: 'F:\pnpline-landing\hero-section-video\blockout\blockout-master-v003\preview\frames\frame-1010.png'
00:46.703  render           | Time: 00:00.04 (Saving: 00:00.02)
00:46.703  render           | Rendering frame 1011
00:46.703  render           | Start rendering: PNPLINE_MASTER_v003, ViewLayer
00:46.703  render           | Engine: Workbench
00:46.750  render           | Saved: 'F:\pnpline-landing\hero-section-video\blockout\blockout-master-v003\preview\frames\frame-1011.png'
00:46.750  render           | Time: 00:00.04 (Saving: 00:00.02)
00:46.750  render           | Rendering frame 1012
00:46.750  render           | Start rendering: PNPLINE_MASTER_v003, ViewLayer
00:46.750  render           | Engine: Workbench
00:46.781  render           | Saved: 'F:\pnpline-landing\hero-section-video\blockout\blockout-master-v003\preview\frames\frame-1012.png'
00:46.781  render           | Time: 00:00.04 (Saving: 00:00.02)
00:46.781  render           | Rendering frame 1013
00:46.781  render           | Start rendering: PNPLINE_MASTER_v003, ViewLayer
00:46.781  render           | Engine: Workbench
00:46.828  render           | Saved: 'F:\pnpline-landing\hero-section-video\blockout\blockout-master-v003\preview\frames\frame-1013.png'
00:46.828  render           | Time: 00:00.04 (Saving: 00:00.02)
00:46.828  render           | Rendering frame 1014
00:46.828  render           | Start rendering: PNPLINE_MASTER_v003, ViewLayer
00:46.828  render           | Engine: Workbench
00:46.875  render           | Saved: 'F:\pnpline-landing\hero-section-video\blockout\blockout-master-v003\preview\frames\frame-1014.png'
00:46.875  render           | Time: 00:00.04 (Saving: 00:00.02)
00:46.875  render           | Rendering frame 1015
00:46.875  render           | Start rendering: PNPLINE_MASTER_v003, ViewLayer
00:46.875  render           | Engine: Workbench
00:46.922  render           | Saved: 'F:\pnpline-landing\hero-section-video\blockout\blockout-master-v003\preview\frames\frame-1015.png'
00:46.922  render           | Time: 00:00.04 (Saving: 00:00.02)
00:46.922  render           | Rendering frame 1016
00:46.922  render           | Start rendering: PNPLINE_MASTER_v003, ViewLayer
00:46.922  render           | Engine: Workbench
00:46.953  render           | Saved: 'F:\pnpline-landing\hero-section-video\blockout\blockout-master-v003\preview\frames\frame-1016.png'
00:46.953  render           | Time: 00:00.04 (Saving: 00:00.02)
00:46.953  render           | Rendering frame 1017
00:46.953  render           | Start rendering: PNPLINE_MASTER_v003, ViewLayer
00:46.953  render           | Engine: Workbench
00:47.000  render           | Saved: 'F:\pnpline-landing\hero-section-video\blockout\blockout-master-v003\preview\frames\frame-1017.png'
00:47.000  render           | Time: 00:00.04 (Saving: 00:00.02)
00:47.000  render           | Rendering frame 1018
00:47.000  render           | Start rendering: PNPLINE_MASTER_v003, ViewLayer
00:47.000  render           | Engine: Workbench
00:47.109  render           | Saved: 'F:\pnpline-landing\hero-section-video\blockout\blockout-master-v003\preview\frames\frame-1018.png'
00:47.109  render           | Time: 00:00.10 (Saving: 00:00.02)
00:47.109  render           | Rendering frame 1019
00:47.109  render           | Start rendering: PNPLINE_MASTER_v003, ViewLayer
00:47.109  render           | Engine: Workbench
00:47.187  render           | Saved: 'F:\pnpline-landing\hero-section-video\blockout\blockout-master-v003\preview\frames\frame-1019.png'
00:47.187  render           | Time: 00:00.07 (Saving: 00:00.02)
00:47.187  render           | Rendering frame 1020
00:47.187  render           | Start rendering: PNPLINE_MASTER_v003, ViewLayer
00:47.187  render           | Engine: Workbench
00:47.250  render           | Saved: 'F:\pnpline-landing\hero-section-video\blockout\blockout-master-v003\preview\frames\frame-1020.png'
00:47.250  render           | Time: 00:00.06 (Saving: 00:00.02)
00:47.250  render           | Rendering frame 1021
00:47.250  render           | Start rendering: PNPLINE_MASTER_v003, ViewLayer
00:47.250  render           | Engine: Workbench
00:47.312  render           | Saved: 'F:\pnpline-landing\hero-section-video\blockout\blockout-master-v003\preview\frames\frame-1021.png'
00:47.312  render           | Time: 00:00.05 (Saving: 00:00.02)
00:47.312  render           | Rendering frame 1022
00:47.312  render           | Start rendering: PNPLINE_MASTER_v003, ViewLayer
00:47.312  render           | Engine: Workbench
00:47.359  render           | Saved: 'F:\pnpline-landing\hero-section-video\blockout\blockout-master-v003\preview\frames\frame-1022.png'
00:47.359  render           | Time: 00:00.04 (Saving: 00:00.02)
00:47.359  render           | Rendering frame 1023
00:47.359  render           | Start rendering: PNPLINE_MASTER_v003, ViewLayer
00:47.359  render           | Engine: Workbench
00:47.406  render           | Saved: 'F:\pnpline-landing\hero-section-video\blockout\blockout-master-v003\preview\frames\frame-1023.png'
00:47.406  render           | Time: 00:00.04 (Saving: 00:00.02)
00:47.406  render           | Rendering frame 1024
00:47.406  render           | Start rendering: PNPLINE_MASTER_v003, ViewLayer
00:47.406  render           | Engine: Workbench
00:47.453  render           | Saved: 'F:\pnpline-landing\hero-section-video\blockout\blockout-master-v003\preview\frames\frame-1024.png'
00:47.453  render           | Time: 00:00.04 (Saving: 00:00.02)
00:47.453  render           | Rendering frame 1025
00:47.453  render           | Start rendering: PNPLINE_MASTER_v003, ViewLayer
00:47.453  render           | Engine: Workbench
00:47.484  render           | Saved: 'F:\pnpline-landing\hero-section-video\blockout\blockout-master-v003\preview\frames\frame-1025.png'
00:47.484  render           | Time: 00:00.04 (Saving: 00:00.02)
00:47.484  render           | Rendering frame 1026
00:47.484  render           | Start rendering: PNPLINE_MASTER_v003, ViewLayer
00:47.484  render           | Engine: Workbench
00:47.531  render           | Saved: 'F:\pnpline-landing\hero-section-video\blockout\blockout-master-v003\preview\frames\frame-1026.png'
00:47.531  render           | Time: 00:00.04 (Saving: 00:00.02)
00:47.531  render           | Rendering frame 1027
00:47.531  render           | Start rendering: PNPLINE_MASTER_v003, ViewLayer
00:47.531  render           | Engine: Workbench
00:47.578  render           | Saved: 'F:\pnpline-landing\hero-section-video\blockout\blockout-master-v003\preview\frames\frame-1027.png'
00:47.578  render           | Time: 00:00.04 (Saving: 00:00.02)
00:47.578  render           | Rendering frame 1028
00:47.578  render           | Start rendering: PNPLINE_MASTER_v003, ViewLayer
00:47.578  render           | Engine: Workbench
00:47.625  render           | Saved: 'F:\pnpline-landing\hero-section-video\blockout\blockout-master-v003\preview\frames\frame-1028.png'
00:47.625  render           | Time: 00:00.04 (Saving: 00:00.02)
00:47.625  render           | Rendering frame 1029
00:47.625  render           | Start rendering: PNPLINE_MASTER_v003, ViewLayer
00:47.625  render           | Engine: Workbench
00:47.672  render           | Saved: 'F:\pnpline-landing\hero-section-video\blockout\blockout-master-v003\preview\frames\frame-1029.png'
00:47.672  render           | Time: 00:00.04 (Saving: 00:00.02)
00:47.672  render           | Rendering frame 1030
00:47.672  render           | Start rendering: PNPLINE_MASTER_v003, ViewLayer
00:47.672  render           | Engine: Workbench
00:47.718  render           | Saved: 'F:\pnpline-landing\hero-section-video\blockout\blockout-master-v003\preview\frames\frame-1030.png'
00:47.718  render           | Time: 00:00.04 (Saving: 00:00.02)
00:47.718  render           | Rendering frame 1031
00:47.718  render           | Start rendering: PNPLINE_MASTER_v003, ViewLayer
00:47.718  render           | Engine: Workbench
00:47.765  render           | Saved: 'F:\pnpline-landing\hero-section-video\blockout\blockout-master-v003\preview\frames\frame-1031.png'
00:47.765  render           | Time: 00:00.04 (Saving: 00:00.02)
00:47.765  render           | Rendering frame 1032
00:47.765  render           | Start rendering: PNPLINE_MASTER_v003, ViewLayer
00:47.765  render           | Engine: Workbench
00:47.812  render           | Saved: 'F:\pnpline-landing\hero-section-video\blockout\blockout-master-v003\preview\frames\frame-1032.png'
00:47.812  render           | Time: 00:00.04 (Saving: 00:00.02)
00:47.812  render           | Rendering frame 1033
00:47.812  render           | Start rendering: PNPLINE_MASTER_v003, ViewLayer
00:47.812  render           | Engine: Workbench
00:47.859  render           | Saved: 'F:\pnpline-landing\hero-section-video\blockout\blockout-master-v003\preview\frames\frame-1033.png'
00:47.859  render           | Time: 00:00.04 (Saving: 00:00.02)
00:47.859  render           | Rendering frame 1034
00:47.859  render           | Start rendering: PNPLINE_MASTER_v003, ViewLayer
00:47.859  render           | Engine: Workbench
00:47.906  render           | Saved: 'F:\pnpline-landing\hero-section-video\blockout\blockout-master-v003\preview\frames\frame-1034.png'
00:47.906  render           | Time: 00:00.04 (Saving: 00:00.02)
00:47.906  render           | Rendering frame 1035
00:47.906  render           | Start rendering: PNPLINE_MASTER_v003, ViewLayer
00:47.906  render           | Engine: Workbench
00:47.968  render           | Saved: 'F:\pnpline-landing\hero-section-video\blockout\blockout-master-v003\preview\frames\frame-1035.png'
00:47.968  render           | Time: 00:00.05 (Saving: 00:00.02)
00:47.968  render           | Rendering frame 1036
00:47.968  render           | Start rendering: PNPLINE_MASTER_v003, ViewLayer
00:47.968  render           | Engine: Workbench
00:48.015  render           | Saved: 'F:\pnpline-landing\hero-section-video\blockout\blockout-master-v003\preview\frames\frame-1036.png'
00:48.015  render           | Time: 00:00.05 (Saving: 00:00.02)
00:48.015  render           | Rendering frame 1037
00:48.015  render           | Start rendering: PNPLINE_MASTER_v003, ViewLayer
00:48.015  render           | Engine: Workbench
00:48.062  render           | Saved: 'F:\pnpline-landing\hero-section-video\blockout\blockout-master-v003\preview\frames\frame-1037.png'
00:48.062  render           | Time: 00:00.05 (Saving: 00:00.02)
00:48.062  render           | Rendering frame 1038
00:48.062  render           | Start rendering: PNPLINE_MASTER_v003, ViewLayer
00:48.062  render           | Engine: Workbench
00:48.125  render           | Saved: 'F:\pnpline-landing\hero-section-video\blockout\blockout-master-v003\preview\frames\frame-1038.png'
00:48.125  render           | Time: 00:00.05 (Saving: 00:00.02)
00:48.125  render           | Rendering frame 1039
00:48.125  render           | Start rendering: PNPLINE_MASTER_v003, ViewLayer
00:48.125  render           | Engine: Workbench
00:48.172  render           | Saved: 'F:\pnpline-landing\hero-section-video\blockout\blockout-master-v003\preview\frames\frame-1039.png'
00:48.172  render           | Time: 00:00.04 (Saving: 00:00.02)
00:48.172  render           | Rendering frame 1040
00:48.172  render           | Start rendering: PNPLINE_MASTER_v003, ViewLayer
00:48.172  render           | Engine: Workbench
00:48.218  render           | Saved: 'F:\pnpline-landing\hero-section-video\blockout\blockout-master-v003\preview\frames\frame-1040.png'
00:48.218  render           | Time: 00:00.05 (Saving: 00:00.02)
00:48.218  render           | Rendering frame 1041
00:48.218  render           | Start rendering: PNPLINE_MASTER_v003, ViewLayer
00:48.218  render           | Engine: Workbench
00:48.281  render           | Saved: 'F:\pnpline-landing\hero-section-video\blockout\blockout-master-v003\preview\frames\frame-1041.png'
00:48.281  render           | Time: 00:00.05 (Saving: 00:00.02)
00:48.281  render           | Rendering frame 1042
00:48.281  render           | Start rendering: PNPLINE_MASTER_v003, ViewLayer
00:48.281  render           | Engine: Workbench
00:48.328  render           | Saved: 'F:\pnpline-landing\hero-section-video\blockout\blockout-master-v003\preview\frames\frame-1042.png'
00:48.328  render           | Time: 00:00.04 (Saving: 00:00.02)
00:48.328  render           | Rendering frame 1043
00:48.328  render           | Start rendering: PNPLINE_MASTER_v003, ViewLayer
00:48.328  render           | Engine: Workbench
00:48.375  render           | Saved: 'F:\pnpline-landing\hero-section-video\blockout\blockout-master-v003\preview\frames\frame-1043.png'
00:48.375  render           | Time: 00:00.04 (Saving: 00:00.02)
00:48.375  render           | Rendering frame 1044
00:48.375  render           | Start rendering: PNPLINE_MASTER_v003, ViewLayer
00:48.375  render           | Engine: Workbench
00:48.406  render           | Saved: 'F:\pnpline-landing\hero-section-video\blockout\blockout-master-v003\preview\frames\frame-1044.png'
00:48.406  render           | Time: 00:00.04 (Saving: 00:00.02)
00:48.406  render           | Rendering frame 1045
00:48.422  render           | Start rendering: PNPLINE_MASTER_v003, ViewLayer
00:48.422  render           | Engine: Workbench
00:48.453  render           | Saved: 'F:\pnpline-landing\hero-section-video\blockout\blockout-master-v003\preview\frames\frame-1045.png'
00:48.453  render           | Time: 00:00.04 (Saving: 00:00.02)
00:48.453  render           | Rendering frame 1046
00:48.453  render           | Start rendering: PNPLINE_MASTER_v003, ViewLayer
00:48.453  render           | Engine: Workbench
00:48.500  render           | Saved: 'F:\pnpline-landing\hero-section-video\blockout\blockout-master-v003\preview\frames\frame-1046.png'
00:48.500  render           | Time: 00:00.04 (Saving: 00:00.02)
00:48.500  render           | Rendering frame 1047
00:48.500  render           | Start rendering: PNPLINE_MASTER_v003, ViewLayer
00:48.500  render           | Engine: Workbench
00:48.547  render           | Saved: 'F:\pnpline-landing\hero-section-video\blockout\blockout-master-v003\preview\frames\frame-1047.png'
00:48.547  render           | Time: 00:00.04 (Saving: 00:00.02)
00:48.547  render           | Rendering frame 1048
00:48.547  render           | Start rendering: PNPLINE_MASTER_v003, ViewLayer
00:48.547  render           | Engine: Workbench
00:48.593  render           | Saved: 'F:\pnpline-landing\hero-section-video\blockout\blockout-master-v003\preview\frames\frame-1048.png'
00:48.593  render           | Time: 00:00.04 (Saving: 00:00.02)
00:48.593  render           | Rendering frame 1049
00:48.593  render           | Start rendering: PNPLINE_MASTER_v003, ViewLayer
00:48.593  render           | Engine: Workbench
00:48.640  render           | Saved: 'F:\pnpline-landing\hero-section-video\blockout\blockout-master-v003\preview\frames\frame-1049.png'
00:48.640  render           | Time: 00:00.04 (Saving: 00:00.02)
00:48.640  render           | Rendering frame 1050
00:48.640  render           | Start rendering: PNPLINE_MASTER_v003, ViewLayer
00:48.640  render           | Engine: Workbench
00:48.687  render           | Saved: 'F:\pnpline-landing\hero-section-video\blockout\blockout-master-v003\preview\frames\frame-1050.png'
00:48.687  render           | Time: 00:00.04 (Saving: 00:00.02)
00:48.687  render           | Rendering frame 1051
00:48.687  render           | Start rendering: PNPLINE_MASTER_v003, ViewLayer
00:48.687  render           | Engine: Workbench
00:48.734  render           | Saved: 'F:\pnpline-landing\hero-section-video\blockout\blockout-master-v003\preview\frames\frame-1051.png'
00:48.734  render           | Time: 00:00.04 (Saving: 00:00.02)
00:48.734  render           | Rendering frame 1052
00:48.734  render           | Start rendering: PNPLINE_MASTER_v003, ViewLayer
00:48.734  render           | Engine: Workbench
00:48.781  render           | Saved: 'F:\pnpline-landing\hero-section-video\blockout\blockout-master-v003\preview\frames\frame-1052.png'
00:48.781  render           | Time: 00:00.04 (Saving: 00:00.02)
00:48.781  render           | Rendering frame 1053
00:48.781  render           | Start rendering: PNPLINE_MASTER_v003, ViewLayer
00:48.781  render           | Engine: Workbench
00:48.828  render           | Saved: 'F:\pnpline-landing\hero-section-video\blockout\blockout-master-v003\preview\frames\frame-1053.png'
00:48.828  render           | Time: 00:00.04 (Saving: 00:00.02)
00:48.828  render           | Rendering frame 1054
00:48.828  render           | Start rendering: PNPLINE_MASTER_v003, ViewLayer
00:48.828  render           | Engine: Workbench
00:48.859  render           | Saved: 'F:\pnpline-landing\hero-section-video\blockout\blockout-master-v003\preview\frames\frame-1054.png'
00:48.859  render           | Time: 00:00.04 (Saving: 00:00.02)
00:48.859  render           | Rendering frame 1055
00:48.859  render           | Start rendering: PNPLINE_MASTER_v003, ViewLayer
00:48.859  render           | Engine: Workbench
00:48.906  render           | Saved: 'F:\pnpline-landing\hero-section-video\blockout\blockout-master-v003\preview\frames\frame-1055.png'
00:48.906  render           | Time: 00:00.04 (Saving: 00:00.02)
00:48.906  render           | Rendering frame 1056
00:48.906  render           | Start rendering: PNPLINE_MASTER_v003, ViewLayer
00:48.906  render           | Engine: Workbench
00:48.953  render           | Saved: 'F:\pnpline-landing\hero-section-video\blockout\blockout-master-v003\preview\frames\frame-1056.png'
00:48.953  render           | Time: 00:00.04 (Saving: 00:00.02)
00:48.953  render           | Rendering frame 1057
00:48.953  render           | Start rendering: PNPLINE_MASTER_v003, ViewLayer
00:48.953  render           | Engine: Workbench
00:49.000  render           | Saved: 'F:\pnpline-landing\hero-section-video\blockout\blockout-master-v003\preview\frames\frame-1057.png'
00:49.000  render           | Time: 00:00.04 (Saving: 00:00.02)
00:49.000  render           | Rendering frame 1058
00:49.000  render           | Start rendering: PNPLINE_MASTER_v003, ViewLayer
00:49.000  render           | Engine: Workbench
00:49.047  render           | Saved: 'F:\pnpline-landing\hero-section-video\blockout\blockout-master-v003\preview\frames\frame-1058.png'
00:49.047  render           | Time: 00:00.04 (Saving: 00:00.02)
00:49.047  render           | Rendering frame 1059
00:49.047  render           | Start rendering: PNPLINE_MASTER_v003, ViewLayer
00:49.047  render           | Engine: Workbench
00:49.078  render           | Saved: 'F:\pnpline-landing\hero-section-video\blockout\blockout-master-v003\preview\frames\frame-1059.png'
00:49.078  render           | Time: 00:00.04 (Saving: 00:00.02)
00:49.078  render           | Rendering frame 1060
00:49.078  render           | Start rendering: PNPLINE_MASTER_v003, ViewLayer
00:49.078  render           | Engine: Workbench
00:49.125  render           | Saved: 'F:\pnpline-landing\hero-section-video\blockout\blockout-master-v003\preview\frames\frame-1060.png'
00:49.125  render           | Time: 00:00.04 (Saving: 00:00.02)
00:49.125  render           | Rendering frame 1061
00:49.125  render           | Start rendering: PNPLINE_MASTER_v003, ViewLayer
00:49.125  render           | Engine: Workbench
00:49.172  render           | Saved: 'F:\pnpline-landing\hero-section-video\blockout\blockout-master-v003\preview\frames\frame-1061.png'
00:49.172  render           | Time: 00:00.04 (Saving: 00:00.02)
00:49.172  render           | Rendering frame 1062
00:49.172  render           | Start rendering: PNPLINE_MASTER_v003, ViewLayer
00:49.172  render           | Engine: Workbench
00:49.218  render           | Saved: 'F:\pnpline-landing\hero-section-video\blockout\blockout-master-v003\preview\frames\frame-1062.png'
00:49.218  render           | Time: 00:00.04 (Saving: 00:00.02)
00:49.218  render           | Rendering frame 1063
00:49.218  render           | Start rendering: PNPLINE_MASTER_v003, ViewLayer
00:49.218  render           | Engine: Workbench
00:49.265  render           | Saved: 'F:\pnpline-landing\hero-section-video\blockout\blockout-master-v003\preview\frames\frame-1063.png'
00:49.265  render           | Time: 00:00.04 (Saving: 00:00.02)
00:49.265  render           | Rendering frame 1064
00:49.265  render           | Start rendering: PNPLINE_MASTER_v003, ViewLayer
00:49.265  render           | Engine: Workbench
00:49.312  render           | Saved: 'F:\pnpline-landing\hero-section-video\blockout\blockout-master-v003\preview\frames\frame-1064.png'
00:49.312  render           | Time: 00:00.04 (Saving: 00:00.02)
00:49.312  render           | Rendering frame 1065
00:49.312  render           | Start rendering: PNPLINE_MASTER_v003, ViewLayer
00:49.312  render           | Engine: Workbench
00:49.343  render           | Saved: 'F:\pnpline-landing\hero-section-video\blockout\blockout-master-v003\preview\frames\frame-1065.png'
00:49.343  render           | Time: 00:00.04 (Saving: 00:00.02)
00:49.343  render           | Rendering frame 1066
00:49.343  render           | Start rendering: PNPLINE_MASTER_v003, ViewLayer
00:49.343  render           | Engine: Workbench
00:49.390  render           | Saved: 'F:\pnpline-landing\hero-section-video\blockout\blockout-master-v003\preview\frames\frame-1066.png'
00:49.390  render           | Time: 00:00.04 (Saving: 00:00.02)
00:49.390  render           | Rendering frame 1067
00:49.390  render           | Start rendering: PNPLINE_MASTER_v003, ViewLayer
00:49.390  render           | Engine: Workbench
00:49.437  render           | Saved: 'F:\pnpline-landing\hero-section-video\blockout\blockout-master-v003\preview\frames\frame-1067.png'
00:49.437  render           | Time: 00:00.04 (Saving: 00:00.02)
00:49.437  render           | Rendering frame 1068
00:49.437  render           | Start rendering: PNPLINE_MASTER_v003, ViewLayer
00:49.437  render           | Engine: Workbench
00:49.484  render           | Saved: 'F:\pnpline-landing\hero-section-video\blockout\blockout-master-v003\preview\frames\frame-1068.png'
00:49.484  render           | Time: 00:00.04 (Saving: 00:00.02)
00:49.484  render           | Rendering frame 1069
00:49.484  render           | Start rendering: PNPLINE_MASTER_v003, ViewLayer
00:49.484  render           | Engine: Workbench
00:49.547  render           | Saved: 'F:\pnpline-landing\hero-section-video\blockout\blockout-master-v003\preview\frames\frame-1069.png'
00:49.547  render           | Time: 00:00.04 (Saving: 00:00.02)
00:49.547  render           | Rendering frame 1070
00:49.547  render           | Start rendering: PNPLINE_MASTER_v003, ViewLayer
00:49.547  render           | Engine: Workbench
00:49.578  render           | Saved: 'F:\pnpline-landing\hero-section-video\blockout\blockout-master-v003\preview\frames\frame-1070.png'
00:49.578  render           | Time: 00:00.04 (Saving: 00:00.02)
00:49.578  render           | Rendering frame 1071
00:49.578  render           | Start rendering: PNPLINE_MASTER_v003, ViewLayer
00:49.578  render           | Engine: Workbench
00:49.625  render           | Saved: 'F:\pnpline-landing\hero-section-video\blockout\blockout-master-v003\preview\frames\frame-1071.png'
00:49.625  render           | Time: 00:00.04 (Saving: 00:00.02)
00:49.625  render           | Rendering frame 1072
00:49.625  render           | Start rendering: PNPLINE_MASTER_v003, ViewLayer
00:49.625  render           | Engine: Workbench
00:49.672  render           | Saved: 'F:\pnpline-landing\hero-section-video\blockout\blockout-master-v003\preview\frames\frame-1072.png'
00:49.672  render           | Time: 00:00.04 (Saving: 00:00.02)
00:49.672  render           | Rendering frame 1073
00:49.672  render           | Start rendering: PNPLINE_MASTER_v003, ViewLayer
00:49.672  render           | Engine: Workbench
00:49.718  render           | Saved: 'F:\pnpline-landing\hero-section-video\blockout\blockout-master-v003\preview\frames\frame-1073.png'
00:49.718  render           | Time: 00:00.04 (Saving: 00:00.02)
00:49.718  render           | Rendering frame 1074
00:49.718  render           | Start rendering: PNPLINE_MASTER_v003, ViewLayer
00:49.718  render           | Engine: Workbench
00:49.765  render           | Saved: 'F:\pnpline-landing\hero-section-video\blockout\blockout-master-v003\preview\frames\frame-1074.png'
00:49.765  render           | Time: 00:00.04 (Saving: 00:00.02)
00:49.765  render           | Rendering frame 1075
00:49.765  render           | Start rendering: PNPLINE_MASTER_v003, ViewLayer
00:49.765  render           | Engine: Workbench
00:49.812  render           | Saved: 'F:\pnpline-landing\hero-section-video\blockout\blockout-master-v003\preview\frames\frame-1075.png'
00:49.812  render           | Time: 00:00.04 (Saving: 00:00.02)
00:49.812  render           | Rendering frame 1076
00:49.812  render           | Start rendering: PNPLINE_MASTER_v003, ViewLayer
00:49.812  render           | Engine: Workbench
00:49.859  render           | Saved: 'F:\pnpline-landing\hero-section-video\blockout\blockout-master-v003\preview\frames\frame-1076.png'
00:49.859  render           | Time: 00:00.04 (Saving: 00:00.02)
00:49.859  render           | Rendering frame 1077
00:49.859  render           | Start rendering: PNPLINE_MASTER_v003, ViewLayer
00:49.859  render           | Engine: Workbench
00:49.906  render           | Saved: 'F:\pnpline-landing\hero-section-video\blockout\blockout-master-v003\preview\frames\frame-1077.png'
00:49.906  render           | Time: 00:00.04 (Saving: 00:00.02)
00:49.906  render           | Rendering frame 1078
00:49.906  render           | Start rendering: PNPLINE_MASTER_v003, ViewLayer
00:49.906  render           | Engine: Workbench
00:49.937  render           | Saved: 'F:\pnpline-landing\hero-section-video\blockout\blockout-master-v003\preview\frames\frame-1078.png'
00:49.937  render           | Time: 00:00.04 (Saving: 00:00.02)
00:49.937  render           | Rendering frame 1079
00:49.937  render           | Start rendering: PNPLINE_MASTER_v003, ViewLayer
00:49.937  render           | Engine: Workbench
00:49.984  render           | Saved: 'F:\pnpline-landing\hero-section-video\blockout\blockout-master-v003\preview\frames\frame-1079.png'
00:49.984  render           | Time: 00:00.04 (Saving: 00:00.02)
00:49.984  render           | Rendering frame 1080
00:49.984  render           | Start rendering: PNPLINE_MASTER_v003, ViewLayer
00:49.984  render           | Engine: Workbench
00:50.031  render           | Saved: 'F:\pnpline-landing\hero-section-video\blockout\blockout-master-v003\preview\frames\frame-1080.png'
00:50.031  render           | Time: 00:00.04 (Saving: 00:00.02)
00:50.031  render           | Rendering frame 1081
00:50.031  render           | Start rendering: PNPLINE_MASTER_v003, ViewLayer
00:50.031  render           | Engine: Workbench
00:50.078  render           | Saved: 'F:\pnpline-landing\hero-section-video\blockout\blockout-master-v003\preview\frames\frame-1081.png'
00:50.078  render           | Time: 00:00.04 (Saving: 00:00.02)
00:50.078  render           | Rendering frame 1082
00:50.078  render           | Start rendering: PNPLINE_MASTER_v003, ViewLayer
00:50.078  render           | Engine: Workbench
00:50.125  render           | Saved: 'F:\pnpline-landing\hero-section-video\blockout\blockout-master-v003\preview\frames\frame-1082.png'
00:50.125  render           | Time: 00:00.04 (Saving: 00:00.02)
00:50.125  render           | Rendering frame 1083
00:50.125  render           | Start rendering: PNPLINE_MASTER_v003, ViewLayer
00:50.125  render           | Engine: Workbench
00:50.172  render           | Saved: 'F:\pnpline-landing\hero-section-video\blockout\blockout-master-v003\preview\frames\frame-1083.png'
00:50.172  render           | Time: 00:00.04 (Saving: 00:00.02)
00:50.172  render           | Rendering frame 1084
00:50.172  render           | Start rendering: PNPLINE_MASTER_v003, ViewLayer
00:50.172  render           | Engine: Workbench
00:50.218  render           | Saved: 'F:\pnpline-landing\hero-section-video\blockout\blockout-master-v003\preview\frames\frame-1084.png'
00:50.218  render           | Time: 00:00.04 (Saving: 00:00.02)
00:50.218  render           | Rendering frame 1085
00:50.218  render           | Start rendering: PNPLINE_MASTER_v003, ViewLayer
00:50.218  render           | Engine: Workbench
00:50.265  render           | Saved: 'F:\pnpline-landing\hero-section-video\blockout\blockout-master-v003\preview\frames\frame-1085.png'
00:50.265  render           | Time: 00:00.04 (Saving: 00:00.02)
00:50.265  render           | Rendering frame 1086
00:50.265  render           | Start rendering: PNPLINE_MASTER_v003, ViewLayer
00:50.265  render           | Engine: Workbench
00:50.312  render           | Saved: 'F:\pnpline-landing\hero-section-video\blockout\blockout-master-v003\preview\frames\frame-1086.png'
00:50.312  render           | Time: 00:00.04 (Saving: 00:00.02)
00:50.312  render           | Rendering frame 1087
00:50.312  render           | Start rendering: PNPLINE_MASTER_v003, ViewLayer
00:50.312  render           | Engine: Workbench
00:50.343  render           | Saved: 'F:\pnpline-landing\hero-section-video\blockout\blockout-master-v003\preview\frames\frame-1087.png'
00:50.343  render           | Time: 00:00.04 (Saving: 00:00.02)
00:50.343  render           | Rendering frame 1088
00:50.343  render           | Start rendering: PNPLINE_MASTER_v003, ViewLayer
00:50.343  render           | Engine: Workbench
00:50.390  render           | Saved: 'F:\pnpline-landing\hero-section-video\blockout\blockout-master-v003\preview\frames\frame-1088.png'
00:50.390  render           | Time: 00:00.04 (Saving: 00:00.02)
00:50.390  render           | Rendering frame 1089
00:50.390  render           | Start rendering: PNPLINE_MASTER_v003, ViewLayer
00:50.390  render           | Engine: Workbench
00:50.437  render           | Saved: 'F:\pnpline-landing\hero-section-video\blockout\blockout-master-v003\preview\frames\frame-1089.png'
00:50.437  render           | Time: 00:00.04 (Saving: 00:00.02)
00:50.437  render           | Rendering frame 1090
00:50.437  render           | Start rendering: PNPLINE_MASTER_v003, ViewLayer
00:50.437  render           | Engine: Workbench
00:50.484  render           | Saved: 'F:\pnpline-landing\hero-section-video\blockout\blockout-master-v003\preview\frames\frame-1090.png'
00:50.484  render           | Time: 00:00.04 (Saving: 00:00.02)
00:50.484  render           | Rendering frame 1091
00:50.484  render           | Start rendering: PNPLINE_MASTER_v003, ViewLayer
00:50.484  render           | Engine: Workbench
00:50.531  render           | Saved: 'F:\pnpline-landing\hero-section-video\blockout\blockout-master-v003\preview\frames\frame-1091.png'
00:50.531  render           | Time: 00:00.04 (Saving: 00:00.02)
00:50.531  render           | Rendering frame 1092
00:50.531  render           | Start rendering: PNPLINE_MASTER_v003, ViewLayer
00:50.531  render           | Engine: Workbench
00:50.562  render           | Saved: 'F:\pnpline-landing\hero-section-video\blockout\blockout-master-v003\preview\frames\frame-1092.png'
00:50.562  render           | Time: 00:00.04 (Saving: 00:00.02)
00:50.562  render           | Rendering frame 1093
00:50.562  render           | Start rendering: PNPLINE_MASTER_v003, ViewLayer
00:50.562  render           | Engine: Workbench
00:50.609  render           | Saved: 'F:\pnpline-landing\hero-section-video\blockout\blockout-master-v003\preview\frames\frame-1093.png'
00:50.609  render           | Time: 00:00.04 (Saving: 00:00.02)
00:50.609  render           | Rendering frame 1094
00:50.609  render           | Start rendering: PNPLINE_MASTER_v003, ViewLayer
00:50.609  render           | Engine: Workbench
00:50.656  render           | Saved: 'F:\pnpline-landing\hero-section-video\blockout\blockout-master-v003\preview\frames\frame-1094.png'
00:50.656  render           | Time: 00:00.04 (Saving: 00:00.02)
00:50.656  render           | Rendering frame 1095
00:50.656  render           | Start rendering: PNPLINE_MASTER_v003, ViewLayer
00:50.656  render           | Engine: Workbench
00:50.703  render           | Saved: 'F:\pnpline-landing\hero-section-video\blockout\blockout-master-v003\preview\frames\frame-1095.png'
00:50.703  render           | Time: 00:00.04 (Saving: 00:00.02)
00:50.703  render           | Rendering frame 1096
00:50.703  render           | Start rendering: PNPLINE_MASTER_v003, ViewLayer
00:50.703  render           | Engine: Workbench
00:50.734  render           | Saved: 'F:\pnpline-landing\hero-section-video\blockout\blockout-master-v003\preview\frames\frame-1096.png'
00:50.734  render           | Time: 00:00.04 (Saving: 00:00.02)
00:50.734  render           | Rendering frame 1097
00:50.734  render           | Start rendering: PNPLINE_MASTER_v003, ViewLayer
00:50.734  render           | Engine: Workbench
00:50.781  render           | Saved: 'F:\pnpline-landing\hero-section-video\blockout\blockout-master-v003\preview\frames\frame-1097.png'
00:50.781  render           | Time: 00:00.04 (Saving: 00:00.02)
00:50.781  render           | Rendering frame 1098
00:50.781  render           | Start rendering: PNPLINE_MASTER_v003, ViewLayer
00:50.781  render           | Engine: Workbench
00:50.843  render           | Saved: 'F:\pnpline-landing\hero-section-video\blockout\blockout-master-v003\preview\frames\frame-1098.png'
00:50.843  render           | Time: 00:00.06 (Saving: 00:00.02)
00:50.843  render           | Rendering frame 1099
00:50.843  render           | Start rendering: PNPLINE_MASTER_v003, ViewLayer
00:50.843  render           | Engine: Workbench
00:50.890  render           | Saved: 'F:\pnpline-landing\hero-section-video\blockout\blockout-master-v003\preview\frames\frame-1099.png'
00:50.890  render           | Time: 00:00.04 (Saving: 00:00.02)
00:50.890  render           | Rendering frame 1100
00:50.890  render           | Start rendering: PNPLINE_MASTER_v003, ViewLayer
00:50.890  render           | Engine: Workbench
00:50.937  render           | Saved: 'F:\pnpline-landing\hero-section-video\blockout\blockout-master-v003\preview\frames\frame-1100.png'
00:50.937  render           | Time: 00:00.04 (Saving: 00:00.01)
00:50.937  render           | Rendering frame 1101
00:50.937  render           | Start rendering: PNPLINE_MASTER_v003, ViewLayer
00:50.937  render           | Engine: Workbench
00:50.984  render           | Saved: 'F:\pnpline-landing\hero-section-video\blockout\blockout-master-v003\preview\frames\frame-1101.png'
00:50.984  render           | Time: 00:00.04 (Saving: 00:00.02)
00:50.984  render           | Rendering frame 1102
00:50.984  render           | Start rendering: PNPLINE_MASTER_v003, ViewLayer
00:50.984  render           | Engine: Workbench
00:51.015  render           | Saved: 'F:\pnpline-landing\hero-section-video\blockout\blockout-master-v003\preview\frames\frame-1102.png'
00:51.015  render           | Time: 00:00.03 (Saving: 00:00.01)
00:51.015  render           | Rendering frame 1103
00:51.015  render           | Start rendering: PNPLINE_MASTER_v003, ViewLayer
00:51.015  render           | Engine: Workbench
00:51.062  render           | Saved: 'F:\pnpline-landing\hero-section-video\blockout\blockout-master-v003\preview\frames\frame-1103.png'
00:51.062  render           | Time: 00:00.04 (Saving: 00:00.01)
00:51.062  render           | Rendering frame 1104
00:51.062  render           | Start rendering: PNPLINE_MASTER_v003, ViewLayer
00:51.062  render           | Engine: Workbench
00:51.109  render           | Saved: 'F:\pnpline-landing\hero-section-video\blockout\blockout-master-v003\preview\frames\frame-1104.png'
00:51.109  render           | Time: 00:00.04 (Saving: 00:00.02)
00:51.109  render           | Rendering frame 1105
00:51.109  render           | Start rendering: PNPLINE_MASTER_v003, ViewLayer
00:51.109  render           | Engine: Workbench
00:51.140  render           | Saved: 'F:\pnpline-landing\hero-section-video\blockout\blockout-master-v003\preview\frames\frame-1105.png'
00:51.140  render           | Time: 00:00.04 (Saving: 00:00.01)
00:51.140  render           | Rendering frame 1106
00:51.140  render           | Start rendering: PNPLINE_MASTER_v003, ViewLayer
00:51.140  render           | Engine: Workbench
00:51.187  render           | Saved: 'F:\pnpline-landing\hero-section-video\blockout\blockout-master-v003\preview\frames\frame-1106.png'
00:51.187  render           | Time: 00:00.03 (Saving: 00:00.01)
00:51.187  render           | Rendering frame 1107
00:51.187  render           | Start rendering: PNPLINE_MASTER_v003, ViewLayer
00:51.187  render           | Engine: Workbench
00:51.234  render           | Saved: 'F:\pnpline-landing\hero-section-video\blockout\blockout-master-v003\preview\frames\frame-1107.png'
00:51.234  render           | Time: 00:00.04 (Saving: 00:00.01)
00:51.234  render           | Rendering frame 1108
00:51.234  render           | Start rendering: PNPLINE_MASTER_v003, ViewLayer
00:51.234  render           | Engine: Workbench
00:51.281  render           | Saved: 'F:\pnpline-landing\hero-section-video\blockout\blockout-master-v003\preview\frames\frame-1108.png'
00:51.281  render           | Time: 00:00.04 (Saving: 00:00.01)
00:51.281  render           | Rendering frame 1109
00:51.281  render           | Start rendering: PNPLINE_MASTER_v003, ViewLayer
00:51.281  render           | Engine: Workbench
00:51.312  render           | Saved: 'F:\pnpline-landing\hero-section-video\blockout\blockout-master-v003\preview\frames\frame-1109.png'
00:51.312  render           | Time: 00:00.03 (Saving: 00:00.01)
00:51.312  render           | Rendering frame 1110
00:51.312  render           | Start rendering: PNPLINE_MASTER_v003, ViewLayer
00:51.312  render           | Engine: Workbench
00:51.359  render           | Saved: 'F:\pnpline-landing\hero-section-video\blockout\blockout-master-v003\preview\frames\frame-1110.png'
00:51.359  render           | Time: 00:00.04 (Saving: 00:00.02)
00:51.359  render           | Rendering frame 1111
00:51.359  render           | Start rendering: PNPLINE_MASTER_v003, ViewLayer
00:51.359  render           | Engine: Workbench
00:51.406  render           | Saved: 'F:\pnpline-landing\hero-section-video\blockout\blockout-master-v003\preview\frames\frame-1111.png'
00:51.406  render           | Time: 00:00.04 (Saving: 00:00.02)
00:51.406  render           | Rendering frame 1112
00:51.406  render           | Start rendering: PNPLINE_MASTER_v003, ViewLayer
00:51.406  render           | Engine: Workbench
00:51.437  render           | Saved: 'F:\pnpline-landing\hero-section-video\blockout\blockout-master-v003\preview\frames\frame-1112.png'
00:51.437  render           | Time: 00:00.04 (Saving: 00:00.01)
00:51.437  render           | Rendering frame 1113
00:51.437  render           | Start rendering: PNPLINE_MASTER_v003, ViewLayer
00:51.437  render           | Engine: Workbench
00:51.484  render           | Saved: 'F:\pnpline-landing\hero-section-video\blockout\blockout-master-v003\preview\frames\frame-1113.png'
00:51.484  render           | Time: 00:00.04 (Saving: 00:00.02)
00:51.484  render           | Rendering frame 1114
00:51.484  render           | Start rendering: PNPLINE_MASTER_v003, ViewLayer
00:51.484  render           | Engine: Workbench
00:51.531  render           | Saved: 'F:\pnpline-landing\hero-section-video\blockout\blockout-master-v003\preview\frames\frame-1114.png'
00:51.531  render           | Time: 00:00.04 (Saving: 00:00.02)
00:51.531  render           | Rendering frame 1115
00:51.531  render           | Start rendering: PNPLINE_MASTER_v003, ViewLayer
00:51.531  render           | Engine: Workbench
00:51.578  render           | Saved: 'F:\pnpline-landing\hero-section-video\blockout\blockout-master-v003\preview\frames\frame-1115.png'
00:51.578  render           | Time: 00:00.04 (Saving: 00:00.02)
00:51.578  render           | Rendering frame 1116
00:51.578  render           | Start rendering: PNPLINE_MASTER_v003, ViewLayer
00:51.578  render           | Engine: Workbench
00:51.640  render           | Saved: 'F:\pnpline-landing\hero-section-video\blockout\blockout-master-v003\preview\frames\frame-1116.png'
00:51.640  render           | Time: 00:00.05 (Saving: 00:00.02)
00:51.640  render           | Rendering frame 1117
00:51.640  render           | Start rendering: PNPLINE_MASTER_v003, ViewLayer
00:51.640  render           | Engine: Workbench
00:51.687  render           | Saved: 'F:\pnpline-landing\hero-section-video\blockout\blockout-master-v003\preview\frames\frame-1117.png'
00:51.687  render           | Time: 00:00.04 (Saving: 00:00.02)
00:51.687  render           | Rendering frame 1118
00:51.687  render           | Start rendering: PNPLINE_MASTER_v003, ViewLayer
00:51.687  render           | Engine: Workbench
00:51.718  render           | Saved: 'F:\pnpline-landing\hero-section-video\blockout\blockout-master-v003\preview\frames\frame-1118.png'
00:51.718  render           | Time: 00:00.04 (Saving: 00:00.02)
00:51.718  render           | Rendering frame 1119
00:51.718  render           | Start rendering: PNPLINE_MASTER_v003, ViewLayer
00:51.718  render           | Engine: Workbench
00:51.765  render           | Saved: 'F:\pnpline-landing\hero-section-video\blockout\blockout-master-v003\preview\frames\frame-1119.png'
00:51.765  render           | Time: 00:00.04 (Saving: 00:00.02)
00:51.765  render           | Rendering frame 1120
00:51.765  render           | Start rendering: PNPLINE_MASTER_v003, ViewLayer
00:51.765  render           | Engine: Workbench
00:51.812  render           | Saved: 'F:\pnpline-landing\hero-section-video\blockout\blockout-master-v003\preview\frames\frame-1120.png'
00:51.812  render           | Time: 00:00.04 (Saving: 00:00.02)
00:51.812  render           | Rendering frame 1121
00:51.812  render           | Start rendering: PNPLINE_MASTER_v003, ViewLayer
00:51.812  render           | Engine: Workbench
00:51.843  render           | Saved: 'F:\pnpline-landing\hero-section-video\blockout\blockout-master-v003\preview\frames\frame-1121.png'
00:51.843  render           | Time: 00:00.04 (Saving: 00:00.02)
00:51.843  render           | Rendering frame 1122
00:51.843  render           | Start rendering: PNPLINE_MASTER_v003, ViewLayer
00:51.843  render           | Engine: Workbench
00:51.890  render           | Saved: 'F:\pnpline-landing\hero-section-video\blockout\blockout-master-v003\preview\frames\frame-1122.png'
00:51.890  render           | Time: 00:00.04 (Saving: 00:00.02)
00:51.890  render           | Rendering frame 1123
00:51.890  render           | Start rendering: PNPLINE_MASTER_v003, ViewLayer
00:51.890  render           | Engine: Workbench
00:51.937  render           | Saved: 'F:\pnpline-landing\hero-section-video\blockout\blockout-master-v003\preview\frames\frame-1123.png'
00:51.937  render           | Time: 00:00.04 (Saving: 00:00.02)
00:51.937  render           | Rendering frame 1124
00:51.937  render           | Start rendering: PNPLINE_MASTER_v003, ViewLayer
00:51.937  render           | Engine: Workbench
00:51.984  render           | Saved: 'F:\pnpline-landing\hero-section-video\blockout\blockout-master-v003\preview\frames\frame-1124.png'
00:51.984  render           | Time: 00:00.04 (Saving: 00:00.02)
00:51.984  render           | Rendering frame 1125
00:51.984  render           | Start rendering: PNPLINE_MASTER_v003, ViewLayer
00:51.984  render           | Engine: Workbench
00:52.031  render           | Saved: 'F:\pnpline-landing\hero-section-video\blockout\blockout-master-v003\preview\frames\frame-1125.png'
00:52.031  render           | Time: 00:00.04 (Saving: 00:00.02)
00:52.031  render           | Rendering frame 1126
00:52.031  render           | Start rendering: PNPLINE_MASTER_v003, ViewLayer
00:52.031  render           | Engine: Workbench
00:52.078  render           | Saved: 'F:\pnpline-landing\hero-section-video\blockout\blockout-master-v003\preview\frames\frame-1126.png'
00:52.078  render           | Time: 00:00.04 (Saving: 00:00.02)
00:52.078  render           | Rendering frame 1127
00:52.078  render           | Start rendering: PNPLINE_MASTER_v003, ViewLayer
00:52.078  render           | Engine: Workbench
00:52.125  render           | Saved: 'F:\pnpline-landing\hero-section-video\blockout\blockout-master-v003\preview\frames\frame-1127.png'
00:52.125  render           | Time: 00:00.04 (Saving: 00:00.02)
00:52.125  render           | Rendering frame 1128
00:52.125  render           | Start rendering: PNPLINE_MASTER_v003, ViewLayer
00:52.125  render           | Engine: Workbench
00:52.156  render           | Saved: 'F:\pnpline-landing\hero-section-video\blockout\blockout-master-v003\preview\frames\frame-1128.png'
00:52.156  render           | Time: 00:00.04 (Saving: 00:00.02)
00:52.156  render           | Rendering frame 1129
00:52.156  render           | Start rendering: PNPLINE_MASTER_v003, ViewLayer
00:52.156  render           | Engine: Workbench
00:52.203  render           | Saved: 'F:\pnpline-landing\hero-section-video\blockout\blockout-master-v003\preview\frames\frame-1129.png'
00:52.203  render           | Time: 00:00.04 (Saving: 00:00.02)
00:52.203  render           | Rendering frame 1130
00:52.203  render           | Start rendering: PNPLINE_MASTER_v003, ViewLayer
00:52.203  render           | Engine: Workbench
00:52.250  render           | Saved: 'F:\pnpline-landing\hero-section-video\blockout\blockout-master-v003\preview\frames\frame-1130.png'
00:52.250  render           | Time: 00:00.04 (Saving: 00:00.02)
00:52.250  render           | Rendering frame 1131
00:52.250  render           | Start rendering: PNPLINE_MASTER_v003, ViewLayer
00:52.250  render           | Engine: Workbench
00:52.297  render           | Saved: 'F:\pnpline-landing\hero-section-video\blockout\blockout-master-v003\preview\frames\frame-1131.png'
00:52.297  render           | Time: 00:00.04 (Saving: 00:00.02)
00:52.297  render           | Rendering frame 1132
00:52.297  render           | Start rendering: PNPLINE_MASTER_v003, ViewLayer
00:52.297  render           | Engine: Workbench
00:52.343  render           | Saved: 'F:\pnpline-landing\hero-section-video\blockout\blockout-master-v003\preview\frames\frame-1132.png'
00:52.343  render           | Time: 00:00.04 (Saving: 00:00.02)
00:52.343  render           | Rendering frame 1133
00:52.343  render           | Start rendering: PNPLINE_MASTER_v003, ViewLayer
00:52.343  render           | Engine: Workbench
00:52.390  render           | Saved: 'F:\pnpline-landing\hero-section-video\blockout\blockout-master-v003\preview\frames\frame-1133.png'
00:52.390  render           | Time: 00:00.04 (Saving: 00:00.02)
00:52.390  render           | Rendering frame 1134
00:52.390  render           | Start rendering: PNPLINE_MASTER_v003, ViewLayer
00:52.390  render           | Engine: Workbench
00:52.437  render           | Saved: 'F:\pnpline-landing\hero-section-video\blockout\blockout-master-v003\preview\frames\frame-1134.png'
00:52.437  render           | Time: 00:00.04 (Saving: 00:00.02)
00:52.437  render           | Rendering frame 1135
00:52.437  render           | Start rendering: PNPLINE_MASTER_v003, ViewLayer
00:52.437  render           | Engine: Workbench
00:52.468  render           | Saved: 'F:\pnpline-landing\hero-section-video\blockout\blockout-master-v003\preview\frames\frame-1135.png'
00:52.468  render           | Time: 00:00.04 (Saving: 00:00.02)
00:52.468  render           | Rendering frame 1136
00:52.468  render           | Start rendering: PNPLINE_MASTER_v003, ViewLayer
00:52.468  render           | Engine: Workbench
00:52.515  render           | Saved: 'F:\pnpline-landing\hero-section-video\blockout\blockout-master-v003\preview\frames\frame-1136.png'
00:52.515  render           | Time: 00:00.04 (Saving: 00:00.02)
00:52.515  render           | Rendering frame 1137
00:52.515  render           | Start rendering: PNPLINE_MASTER_v003, ViewLayer
00:52.515  render           | Engine: Workbench
00:52.562  render           | Saved: 'F:\pnpline-landing\hero-section-video\blockout\blockout-master-v003\preview\frames\frame-1137.png'
00:52.562  render           | Time: 00:00.04 (Saving: 00:00.02)
00:52.562  render           | Rendering frame 1138
00:52.562  render           | Start rendering: PNPLINE_MASTER_v003, ViewLayer
00:52.562  render           | Engine: Workbench
00:52.593  render           | Saved: 'F:\pnpline-landing\hero-section-video\blockout\blockout-master-v003\preview\frames\frame-1138.png'
00:52.593  render           | Time: 00:00.04 (Saving: 00:00.02)
00:52.593  render           | Rendering frame 1139
00:52.593  render           | Start rendering: PNPLINE_MASTER_v003, ViewLayer
00:52.593  render           | Engine: Workbench
00:52.640  render           | Saved: 'F:\pnpline-landing\hero-section-video\blockout\blockout-master-v003\preview\frames\frame-1139.png'
00:52.640  render           | Time: 00:00.04 (Saving: 00:00.02)
00:52.640  render           | Rendering frame 1140
00:52.640  render           | Start rendering: PNPLINE_MASTER_v003, ViewLayer
00:52.640  render           | Engine: Workbench
00:52.687  render           | Saved: 'F:\pnpline-landing\hero-section-video\blockout\blockout-master-v003\preview\frames\frame-1140.png'
00:52.687  render           | Time: 00:00.04 (Saving: 00:00.02)
00:52.687  render           | Rendering frame 1141
00:52.687  render           | Start rendering: PNPLINE_MASTER_v003, ViewLayer
00:52.687  render           | Engine: Workbench
00:52.718  render           | Saved: 'F:\pnpline-landing\hero-section-video\blockout\blockout-master-v003\preview\frames\frame-1141.png'
00:52.718  render           | Time: 00:00.04 (Saving: 00:00.02)
00:52.718  render           | Rendering frame 1142
00:52.718  render           | Start rendering: PNPLINE_MASTER_v003, ViewLayer
00:52.718  render           | Engine: Workbench
00:52.765  render           | Saved: 'F:\pnpline-landing\hero-section-video\blockout\blockout-master-v003\preview\frames\frame-1142.png'
00:52.765  render           | Time: 00:00.04 (Saving: 00:00.02)
00:52.765  render           | Rendering frame 1143
00:52.765  render           | Start rendering: PNPLINE_MASTER_v003, ViewLayer
00:52.765  render           | Engine: Workbench
00:52.812  render           | Saved: 'F:\pnpline-landing\hero-section-video\blockout\blockout-master-v003\preview\frames\frame-1143.png'
00:52.812  render           | Time: 00:00.04 (Saving: 00:00.02)
00:52.812  render           | Rendering frame 1144
00:52.812  render           | Start rendering: PNPLINE_MASTER_v003, ViewLayer
00:52.812  render           | Engine: Workbench
00:52.843  render           | Saved: 'F:\pnpline-landing\hero-section-video\blockout\blockout-master-v003\preview\frames\frame-1144.png'
00:52.843  render           | Time: 00:00.04 (Saving: 00:00.02)
00:52.843  render           | Rendering frame 1145
00:52.843  render           | Start rendering: PNPLINE_MASTER_v003, ViewLayer
00:52.843  render           | Engine: Workbench
00:52.890  render           | Saved: 'F:\pnpline-landing\hero-section-video\blockout\blockout-master-v003\preview\frames\frame-1145.png'
00:52.890  render           | Time: 00:00.04 (Saving: 00:00.02)
00:52.890  render           | Rendering frame 1146
00:52.890  render           | Start rendering: PNPLINE_MASTER_v003, ViewLayer
00:52.890  render           | Engine: Workbench
00:52.937  render           | Saved: 'F:\pnpline-landing\hero-section-video\blockout\blockout-master-v003\preview\frames\frame-1146.png'
00:52.937  render           | Time: 00:00.04 (Saving: 00:00.02)
00:52.937  render           | Rendering frame 1147
00:52.937  render           | Start rendering: PNPLINE_MASTER_v003, ViewLayer
00:52.937  render           | Engine: Workbench
00:52.984  render           | Saved: 'F:\pnpline-landing\hero-section-video\blockout\blockout-master-v003\preview\frames\frame-1147.png'
00:52.984  render           | Time: 00:00.04 (Saving: 00:00.02)
00:52.984  render           | Rendering frame 1148
00:52.984  render           | Start rendering: PNPLINE_MASTER_v003, ViewLayer
00:52.984  render           | Engine: Workbench
00:53.031  render           | Saved: 'F:\pnpline-landing\hero-section-video\blockout\blockout-master-v003\preview\frames\frame-1148.png'
00:53.031  render           | Time: 00:00.04 (Saving: 00:00.02)
00:53.031  render           | Rendering frame 1149
00:53.031  render           | Start rendering: PNPLINE_MASTER_v003, ViewLayer
00:53.031  render           | Engine: Workbench
00:53.062  render           | Saved: 'F:\pnpline-landing\hero-section-video\blockout\blockout-master-v003\preview\frames\frame-1149.png'
00:53.062  render           | Time: 00:00.04 (Saving: 00:00.02)
00:53.062  render           | Rendering frame 1150
00:53.062  render           | Start rendering: PNPLINE_MASTER_v003, ViewLayer
00:53.062  render           | Engine: Workbench
00:53.109  render           | Saved: 'F:\pnpline-landing\hero-section-video\blockout\blockout-master-v003\preview\frames\frame-1150.png'
00:53.109  render           | Time: 00:00.04 (Saving: 00:00.02)
00:53.109  render           | Rendering frame 1151
00:53.109  render           | Start rendering: PNPLINE_MASTER_v003, ViewLayer
00:53.109  render           | Engine: Workbench
00:53.156  render           | Saved: 'F:\pnpline-landing\hero-section-video\blockout\blockout-master-v003\preview\frames\frame-1151.png'
00:53.156  render           | Time: 00:00.04 (Saving: 00:00.02)
00:53.156  render           | Rendering frame 1152
00:53.156  render           | Start rendering: PNPLINE_MASTER_v003, ViewLayer
00:53.156  render           | Engine: Workbench
00:53.218  render           | Saved: 'F:\pnpline-landing\hero-section-video\blockout\blockout-master-v003\preview\frames\frame-1152.png'
00:53.218  render           | Time: 00:00.05 (Saving: 00:00.02)
00:53.218  render           | Rendering frame 1153
00:53.218  render           | Start rendering: PNPLINE_MASTER_v003, ViewLayer
00:53.218  render           | Engine: Workbench
00:53.265  render           | Saved: 'F:\pnpline-landing\hero-section-video\blockout\blockout-master-v003\preview\frames\frame-1153.png'
00:53.265  render           | Time: 00:00.05 (Saving: 00:00.02)
00:53.265  render           | Rendering frame 1154
00:53.265  render           | Start rendering: PNPLINE_MASTER_v003, ViewLayer
00:53.265  render           | Engine: Workbench
00:53.312  render           | Saved: 'F:\pnpline-landing\hero-section-video\blockout\blockout-master-v003\preview\frames\frame-1154.png'
00:53.312  render           | Time: 00:00.05 (Saving: 00:00.02)
00:53.312  render           | Rendering frame 1155
00:53.312  render           | Start rendering: PNPLINE_MASTER_v003, ViewLayer
00:53.312  render           | Engine: Workbench
00:53.359  render           | Saved: 'F:\pnpline-landing\hero-section-video\blockout\blockout-master-v003\preview\frames\frame-1155.png'
00:53.359  render           | Time: 00:00.04 (Saving: 00:00.02)
00:53.359  render           | Rendering frame 1156
00:53.359  render           | Start rendering: PNPLINE_MASTER_v003, ViewLayer
00:53.359  render           | Engine: Workbench
00:53.406  render           | Saved: 'F:\pnpline-landing\hero-section-video\blockout\blockout-master-v003\preview\frames\frame-1156.png'
00:53.406  render           | Time: 00:00.04 (Saving: 00:00.02)
00:53.406  render           | Rendering frame 1157
00:53.406  render           | Start rendering: PNPLINE_MASTER_v003, ViewLayer
00:53.406  render           | Engine: Workbench
00:53.453  render           | Saved: 'F:\pnpline-landing\hero-section-video\blockout\blockout-master-v003\preview\frames\frame-1157.png'
00:53.453  render           | Time: 00:00.04 (Saving: 00:00.02)
00:53.453  render           | Rendering frame 1158
00:53.453  render           | Start rendering: PNPLINE_MASTER_v003, ViewLayer
00:53.453  render           | Engine: Workbench
00:53.484  render           | Saved: 'F:\pnpline-landing\hero-section-video\blockout\blockout-master-v003\preview\frames\frame-1158.png'
00:53.484  render           | Time: 00:00.04 (Saving: 00:00.02)
00:53.484  render           | Rendering frame 1159
00:53.484  render           | Start rendering: PNPLINE_MASTER_v003, ViewLayer
00:53.484  render           | Engine: Workbench
00:53.531  render           | Saved: 'F:\pnpline-landing\hero-section-video\blockout\blockout-master-v003\preview\frames\frame-1159.png'
00:53.531  render           | Time: 00:00.04 (Saving: 00:00.02)
00:53.531  render           | Rendering frame 1160
00:53.531  render           | Start rendering: PNPLINE_MASTER_v003, ViewLayer
00:53.531  render           | Engine: Workbench
00:53.578  render           | Saved: 'F:\pnpline-landing\hero-section-video\blockout\blockout-master-v003\preview\frames\frame-1160.png'
00:53.578  render           | Time: 00:00.04 (Saving: 00:00.02)
00:53.578  render           | Rendering frame 1161
00:53.578  render           | Start rendering: PNPLINE_MASTER_v003, ViewLayer
00:53.578  render           | Engine: Workbench
00:53.625  render           | Saved: 'F:\pnpline-landing\hero-section-video\blockout\blockout-master-v003\preview\frames\frame-1161.png'
00:53.625  render           | Time: 00:00.04 (Saving: 00:00.02)
00:53.625  render           | Rendering frame 1162
00:53.625  render           | Start rendering: PNPLINE_MASTER_v003, ViewLayer
00:53.625  render           | Engine: Workbench
00:53.656  render           | Saved: 'F:\pnpline-landing\hero-section-video\blockout\blockout-master-v003\preview\frames\frame-1162.png'
00:53.656  render           | Time: 00:00.04 (Saving: 00:00.02)
00:53.656  render           | Rendering frame 1163
00:53.656  render           | Start rendering: PNPLINE_MASTER_v003, ViewLayer
00:53.656  render           | Engine: Workbench
00:53.703  render           | Saved: 'F:\pnpline-landing\hero-section-video\blockout\blockout-master-v003\preview\frames\frame-1163.png'
00:53.703  render           | Time: 00:00.04 (Saving: 00:00.02)
00:53.703  render           | Rendering frame 1164
00:53.703  render           | Start rendering: PNPLINE_MASTER_v003, ViewLayer
00:53.703  render           | Engine: Workbench
00:53.750  render           | Saved: 'F:\pnpline-landing\hero-section-video\blockout\blockout-master-v003\preview\frames\frame-1164.png'
00:53.750  render           | Time: 00:00.04 (Saving: 00:00.02)
00:53.750  render           | Rendering frame 1165
00:53.750  render           | Start rendering: PNPLINE_MASTER_v003, ViewLayer
00:53.750  render           | Engine: Workbench
00:53.797  render           | Saved: 'F:\pnpline-landing\hero-section-video\blockout\blockout-master-v003\preview\frames\frame-1165.png'
00:53.797  render           | Time: 00:00.04 (Saving: 00:00.02)
00:53.797  render           | Rendering frame 1166
00:53.797  render           | Start rendering: PNPLINE_MASTER_v003, ViewLayer
00:53.797  render           | Engine: Workbench
00:53.828  render           | Saved: 'F:\pnpline-landing\hero-section-video\blockout\blockout-master-v003\preview\frames\frame-1166.png'
00:53.828  render           | Time: 00:00.04 (Saving: 00:00.02)
00:53.828  render           | Rendering frame 1167
00:53.828  render           | Start rendering: PNPLINE_MASTER_v003, ViewLayer
00:53.828  render           | Engine: Workbench
00:53.875  render           | Saved: 'F:\pnpline-landing\hero-section-video\blockout\blockout-master-v003\preview\frames\frame-1167.png'
00:53.875  render           | Time: 00:00.04 (Saving: 00:00.02)
00:53.875  render           | Rendering frame 1168
00:53.875  render           | Start rendering: PNPLINE_MASTER_v003, ViewLayer
00:53.875  render           | Engine: Workbench
00:53.922  render           | Saved: 'F:\pnpline-landing\hero-section-video\blockout\blockout-master-v003\preview\frames\frame-1168.png'
00:53.922  render           | Time: 00:00.04 (Saving: 00:00.02)
00:53.922  render           | Rendering frame 1169
00:53.922  render           | Start rendering: PNPLINE_MASTER_v003, ViewLayer
00:53.922  render           | Engine: Workbench
00:53.968  render           | Saved: 'F:\pnpline-landing\hero-section-video\blockout\blockout-master-v003\preview\frames\frame-1169.png'
00:53.968  render           | Time: 00:00.04 (Saving: 00:00.02)
00:53.968  render           | Rendering frame 1170
00:53.968  render           | Start rendering: PNPLINE_MASTER_v003, ViewLayer
00:53.968  render           | Engine: Workbench
00:54.000  render           | Saved: 'F:\pnpline-landing\hero-section-video\blockout\blockout-master-v003\preview\frames\frame-1170.png'
00:54.000  render           | Time: 00:00.04 (Saving: 00:00.02)
00:54.000  render           | Rendering frame 1171
00:54.000  render           | Start rendering: PNPLINE_MASTER_v003, ViewLayer
00:54.000  render           | Engine: Workbench
00:54.047  render           | Saved: 'F:\pnpline-landing\hero-section-video\blockout\blockout-master-v003\preview\frames\frame-1171.png'
00:54.047  render           | Time: 00:00.04 (Saving: 00:00.02)
00:54.047  render           | Rendering frame 1172
00:54.047  render           | Start rendering: PNPLINE_MASTER_v003, ViewLayer
00:54.047  render           | Engine: Workbench
00:54.093  render           | Saved: 'F:\pnpline-landing\hero-section-video\blockout\blockout-master-v003\preview\frames\frame-1172.png'
00:54.093  render           | Time: 00:00.04 (Saving: 00:00.02)
00:54.093  render           | Rendering frame 1173
00:54.093  render           | Start rendering: PNPLINE_MASTER_v003, ViewLayer
00:54.093  render           | Engine: Workbench
00:54.140  render           | Saved: 'F:\pnpline-landing\hero-section-video\blockout\blockout-master-v003\preview\frames\frame-1173.png'
00:54.140  render           | Time: 00:00.04 (Saving: 00:00.02)
00:54.140  render           | Rendering frame 1174
00:54.140  render           | Start rendering: PNPLINE_MASTER_v003, ViewLayer
00:54.140  render           | Engine: Workbench
00:54.172  render           | Saved: 'F:\pnpline-landing\hero-section-video\blockout\blockout-master-v003\preview\frames\frame-1174.png'
00:54.172  render           | Time: 00:00.04 (Saving: 00:00.02)
00:54.172  render           | Rendering frame 1175
00:54.172  render           | Start rendering: PNPLINE_MASTER_v003, ViewLayer
00:54.172  render           | Engine: Workbench
00:54.218  render           | Saved: 'F:\pnpline-landing\hero-section-video\blockout\blockout-master-v003\preview\frames\frame-1175.png'
00:54.218  render           | Time: 00:00.04 (Saving: 00:00.02)
00:54.218  render           | Rendering frame 1176
00:54.218  render           | Start rendering: PNPLINE_MASTER_v003, ViewLayer
00:54.218  render           | Engine: Workbench
00:54.265  render           | Saved: 'F:\pnpline-landing\hero-section-video\blockout\blockout-master-v003\preview\frames\frame-1176.png'
00:54.265  render           | Time: 00:00.04 (Saving: 00:00.02)
00:54.265  render           | Rendering frame 1177
00:54.265  render           | Start rendering: PNPLINE_MASTER_v003, ViewLayer
00:54.265  render           | Engine: Workbench
00:54.312  render           | Saved: 'F:\pnpline-landing\hero-section-video\blockout\blockout-master-v003\preview\frames\frame-1177.png'
00:54.312  render           | Time: 00:00.04 (Saving: 00:00.02)
00:54.312  render           | Rendering frame 1178
00:54.312  render           | Start rendering: PNPLINE_MASTER_v003, ViewLayer
00:54.312  render           | Engine: Workbench
00:54.343  render           | Saved: 'F:\pnpline-landing\hero-section-video\blockout\blockout-master-v003\preview\frames\frame-1178.png'
00:54.343  render           | Time: 00:00.04 (Saving: 00:00.02)
00:54.343  render           | Rendering frame 1179
00:54.343  render           | Start rendering: PNPLINE_MASTER_v003, ViewLayer
00:54.343  render           | Engine: Workbench
00:54.390  render           | Saved: 'F:\pnpline-landing\hero-section-video\blockout\blockout-master-v003\preview\frames\frame-1179.png'
00:54.390  render           | Time: 00:00.04 (Saving: 00:00.01)
00:54.390  render           | Rendering frame 1180
00:54.390  render           | Start rendering: PNPLINE_MASTER_v003, ViewLayer
00:54.390  render           | Engine: Workbench
00:54.422  render           | Saved: 'F:\pnpline-landing\hero-section-video\blockout\blockout-master-v003\preview\frames\frame-1180.png'
00:54.422  render           | Time: 00:00.04 (Saving: 00:00.02)
00:54.422  render           | Rendering frame 1181
00:54.422  render           | Start rendering: PNPLINE_MASTER_v003, ViewLayer
00:54.422  render           | Engine: Workbench
00:54.468  render           | Saved: 'F:\pnpline-landing\hero-section-video\blockout\blockout-master-v003\preview\frames\frame-1181.png'
00:54.468  render           | Time: 00:00.04 (Saving: 00:00.01)
00:54.468  render           | Rendering frame 1182
00:54.468  render           | Start rendering: PNPLINE_MASTER_v003, ViewLayer
00:54.468  render           | Engine: Workbench
00:54.515  render           | Saved: 'F:\pnpline-landing\hero-section-video\blockout\blockout-master-v003\preview\frames\frame-1182.png'
00:54.515  render           | Time: 00:00.04 (Saving: 00:00.02)
00:54.515  render           | Rendering frame 1183
00:54.515  render           | Start rendering: PNPLINE_MASTER_v003, ViewLayer
00:54.515  render           | Engine: Workbench
00:54.562  render           | Saved: 'F:\pnpline-landing\hero-section-video\blockout\blockout-master-v003\preview\frames\frame-1183.png'
00:54.562  render           | Time: 00:00.04 (Saving: 00:00.02)
00:54.562  render           | Rendering frame 1184
00:54.562  render           | Start rendering: PNPLINE_MASTER_v003, ViewLayer
00:54.562  render           | Engine: Workbench
00:54.609  render           | Saved: 'F:\pnpline-landing\hero-section-video\blockout\blockout-master-v003\preview\frames\frame-1184.png'
00:54.609  render           | Time: 00:00.04 (Saving: 00:00.02)
00:54.609  render           | Rendering frame 1185
00:54.609  render           | Start rendering: PNPLINE_MASTER_v003, ViewLayer
00:54.609  render           | Engine: Workbench
00:54.656  render           | Saved: 'F:\pnpline-landing\hero-section-video\blockout\blockout-master-v003\preview\frames\frame-1185.png'
00:54.656  render           | Time: 00:00.04 (Saving: 00:00.02)
00:54.656  render           | Rendering frame 1186
00:54.656  render           | Start rendering: PNPLINE_MASTER_v003, ViewLayer
00:54.656  render           | Engine: Workbench
00:54.703  render           | Saved: 'F:\pnpline-landing\hero-section-video\blockout\blockout-master-v003\preview\frames\frame-1186.png'
00:54.703  render           | Time: 00:00.04 (Saving: 00:00.01)
00:54.703  render           | Rendering frame 1187
00:54.703  render           | Start rendering: PNPLINE_MASTER_v003, ViewLayer
00:54.703  render           | Engine: Workbench
00:54.750  render           | Saved: 'F:\pnpline-landing\hero-section-video\blockout\blockout-master-v003\preview\frames\frame-1187.png'
00:54.750  render           | Time: 00:00.04 (Saving: 00:00.01)
00:54.750  render           | Rendering frame 1188
00:54.750  render           | Start rendering: PNPLINE_MASTER_v003, ViewLayer
00:54.750  render           | Engine: Workbench
00:54.781  render           | Saved: 'F:\pnpline-landing\hero-section-video\blockout\blockout-master-v003\preview\frames\frame-1188.png'
00:54.781  render           | Time: 00:00.04 (Saving: 00:00.01)
00:54.781  render           | Rendering frame 1189
00:54.781  render           | Start rendering: PNPLINE_MASTER_v003, ViewLayer
00:54.781  render           | Engine: Workbench
00:54.828  render           | Saved: 'F:\pnpline-landing\hero-section-video\blockout\blockout-master-v003\preview\frames\frame-1189.png'
00:54.828  render           | Time: 00:00.04 (Saving: 00:00.01)
00:54.828  render           | Rendering frame 1190
00:54.828  render           | Start rendering: PNPLINE_MASTER_v003, ViewLayer
00:54.828  render           | Engine: Workbench
00:54.875  render           | Saved: 'F:\pnpline-landing\hero-section-video\blockout\blockout-master-v003\preview\frames\frame-1190.png'
00:54.875  render           | Time: 00:00.04 (Saving: 00:00.02)
00:54.875  render           | Rendering frame 1191
00:54.875  render           | Start rendering: PNPLINE_MASTER_v003, ViewLayer
00:54.875  render           | Engine: Workbench
00:54.922  render           | Saved: 'F:\pnpline-landing\hero-section-video\blockout\blockout-master-v003\preview\frames\frame-1191.png'
00:54.922  render           | Time: 00:00.04 (Saving: 00:00.02)
00:54.922  render           | Rendering frame 1192
00:54.922  render           | Start rendering: PNPLINE_MASTER_v003, ViewLayer
00:54.922  render           | Engine: Workbench
00:54.968  render           | Saved: 'F:\pnpline-landing\hero-section-video\blockout\blockout-master-v003\preview\frames\frame-1192.png'
00:54.968  render           | Time: 00:00.04 (Saving: 00:00.02)
00:54.968  render           | Rendering frame 1193
00:54.968  render           | Start rendering: PNPLINE_MASTER_v003, ViewLayer
00:54.968  render           | Engine: Workbench
00:55.015  render           | Saved: 'F:\pnpline-landing\hero-section-video\blockout\blockout-master-v003\preview\frames\frame-1193.png'
00:55.015  render           | Time: 00:00.04 (Saving: 00:00.02)
00:55.015  render           | Rendering frame 1194
00:55.015  render           | Start rendering: PNPLINE_MASTER_v003, ViewLayer
00:55.015  render           | Engine: Workbench
00:55.062  render           | Saved: 'F:\pnpline-landing\hero-section-video\blockout\blockout-master-v003\preview\frames\frame-1194.png'
00:55.062  render           | Time: 00:00.04 (Saving: 00:00.02)
00:55.062  render           | Rendering frame 1195
00:55.062  render           | Start rendering: PNPLINE_MASTER_v003, ViewLayer
00:55.062  render           | Engine: Workbench
00:55.109  render           | Saved: 'F:\pnpline-landing\hero-section-video\blockout\blockout-master-v003\preview\frames\frame-1195.png'
00:55.109  render           | Time: 00:00.04 (Saving: 00:00.02)
00:55.109  render           | Rendering frame 1196
00:55.109  render           | Start rendering: PNPLINE_MASTER_v003, ViewLayer
00:55.109  render           | Engine: Workbench
00:55.140  render           | Saved: 'F:\pnpline-landing\hero-section-video\blockout\blockout-master-v003\preview\frames\frame-1196.png'
00:55.140  render           | Time: 00:00.04 (Saving: 00:00.01)
00:55.140  render           | Rendering frame 1197
00:55.140  render           | Start rendering: PNPLINE_MASTER_v003, ViewLayer
00:55.140  render           | Engine: Workbench
00:55.187  render           | Saved: 'F:\pnpline-landing\hero-section-video\blockout\blockout-master-v003\preview\frames\frame-1197.png'
00:55.187  render           | Time: 00:00.04 (Saving: 00:00.02)
00:55.187  render           | Rendering frame 1198
00:55.187  render           | Start rendering: PNPLINE_MASTER_v003, ViewLayer
00:55.187  render           | Engine: Workbench
00:55.234  render           | Saved: 'F:\pnpline-landing\hero-section-video\blockout\blockout-master-v003\preview\frames\frame-1198.png'
00:55.234  render           | Time: 00:00.04 (Saving: 00:00.02)
00:55.234  render           | Rendering frame 1199
00:55.234  render           | Start rendering: PNPLINE_MASTER_v003, ViewLayer
00:55.234  render           | Engine: Workbench
00:55.265  render           | Saved: 'F:\pnpline-landing\hero-section-video\blockout\blockout-master-v003\preview\frames\frame-1199.png'
00:55.265  render           | Time: 00:00.04 (Saving: 00:00.01)
00:55.265  render           | Rendering frame 1200
00:55.265  render           | Start rendering: PNPLINE_MASTER_v003, ViewLayer
00:55.265  render           | Engine: Workbench
00:55.312  render           | Saved: 'F:\pnpline-landing\hero-section-video\blockout\blockout-master-v003\preview\frames\frame-1200.png'
00:55.312  render           | Time: 00:00.04 (Saving: 00:00.02)
00:55.312  render           | Rendering frame 1201
00:55.312  render           | Start rendering: PNPLINE_MASTER_v003, ViewLayer
00:55.312  render           | Engine: Workbench
00:55.359  render           | Saved: 'F:\pnpline-landing\hero-section-video\blockout\blockout-master-v003\preview\frames\frame-1201.png'
00:55.359  render           | Time: 00:00.04 (Saving: 00:00.02)
00:55.359  render           | Rendering frame 1202
00:55.359  render           | Start rendering: PNPLINE_MASTER_v003, ViewLayer
00:55.359  render           | Engine: Workbench
00:55.390  render           | Saved: 'F:\pnpline-landing\hero-section-video\blockout\blockout-master-v003\preview\frames\frame-1202.png'
00:55.390  render           | Time: 00:00.03 (Saving: 00:00.01)
00:55.390  render           | Rendering frame 1203
00:55.390  render           | Start rendering: PNPLINE_MASTER_v003, ViewLayer
00:55.390  render           | Engine: Workbench
00:55.437  render           | Saved: 'F:\pnpline-landing\hero-section-video\blockout\blockout-master-v003\preview\frames\frame-1203.png'
00:55.437  render           | Time: 00:00.04 (Saving: 00:00.01)
00:55.437  render           | Rendering frame 1204
00:55.437  render           | Start rendering: PNPLINE_MASTER_v003, ViewLayer
00:55.437  render           | Engine: Workbench
00:55.468  render           | Saved: 'F:\pnpline-landing\hero-section-video\blockout\blockout-master-v003\preview\frames\frame-1204.png'
00:55.468  render           | Time: 00:00.03 (Saving: 00:00.02)
00:55.468  render           | Rendering frame 1205
00:55.468  render           | Start rendering: PNPLINE_MASTER_v003, ViewLayer
00:55.468  render           | Engine: Workbench
00:55.515  render           | Saved: 'F:\pnpline-landing\hero-section-video\blockout\blockout-master-v003\preview\frames\frame-1205.png'
00:55.515  render           | Time: 00:00.03 (Saving: 00:00.02)
00:55.515  render           | Rendering frame 1206
00:55.515  render           | Start rendering: PNPLINE_MASTER_v003, ViewLayer
00:55.515  render           | Engine: Workbench
00:55.547  render           | Saved: 'F:\pnpline-landing\hero-section-video\blockout\blockout-master-v003\preview\frames\frame-1206.png'
00:55.547  render           | Time: 00:00.04 (Saving: 00:00.02)
00:55.547  render           | Rendering frame 1207
00:55.547  render           | Start rendering: PNPLINE_MASTER_v003, ViewLayer
00:55.547  render           | Engine: Workbench
00:55.593  render           | Saved: 'F:\pnpline-landing\hero-section-video\blockout\blockout-master-v003\preview\frames\frame-1207.png'
00:55.593  render           | Time: 00:00.03 (Saving: 00:00.01)
00:55.593  render           | Rendering frame 1208
00:55.593  render           | Start rendering: PNPLINE_MASTER_v003, ViewLayer
00:55.593  render           | Engine: Workbench
00:55.640  render           | Saved: 'F:\pnpline-landing\hero-section-video\blockout\blockout-master-v003\preview\frames\frame-1208.png'
00:55.640  render           | Time: 00:00.04 (Saving: 00:00.01)
00:55.640  render           | Rendering frame 1209
00:55.640  render           | Start rendering: PNPLINE_MASTER_v003, ViewLayer
00:55.640  render           | Engine: Workbench
00:55.672  render           | Saved: 'F:\pnpline-landing\hero-section-video\blockout\blockout-master-v003\preview\frames\frame-1209.png'
00:55.672  render           | Time: 00:00.04 (Saving: 00:00.02)
00:55.672  render           | Rendering frame 1210
00:55.672  render           | Start rendering: PNPLINE_MASTER_v003, ViewLayer
00:55.672  render           | Engine: Workbench
00:55.718  render           | Saved: 'F:\pnpline-landing\hero-section-video\blockout\blockout-master-v003\preview\frames\frame-1210.png'
00:55.718  render           | Time: 00:00.04 (Saving: 00:00.02)
00:55.718  render           | Rendering frame 1211
00:55.718  render           | Start rendering: PNPLINE_MASTER_v003, ViewLayer
00:55.718  render           | Engine: Workbench
00:55.750  render           | Saved: 'F:\pnpline-landing\hero-section-video\blockout\blockout-master-v003\preview\frames\frame-1211.png'
00:55.750  render           | Time: 00:00.04 (Saving: 00:00.01)
00:55.750  render           | Rendering frame 1212
00:55.750  render           | Start rendering: PNPLINE_MASTER_v003, ViewLayer
00:55.750  render           | Engine: Workbench
00:55.797  render           | Saved: 'F:\pnpline-landing\hero-section-video\blockout\blockout-master-v003\preview\frames\frame-1212.png'
00:55.797  render           | Time: 00:00.03 (Saving: 00:00.01)
00:55.797  render           | Rendering frame 1213
00:55.797  render           | Start rendering: PNPLINE_MASTER_v003, ViewLayer
00:55.797  render           | Engine: Workbench
00:55.843  render           | Saved: 'F:\pnpline-landing\hero-section-video\blockout\blockout-master-v003\preview\frames\frame-1213.png'
00:55.843  render           | Time: 00:00.04 (Saving: 00:00.01)
00:55.843  render           | Rendering frame 1214
00:55.843  render           | Start rendering: PNPLINE_MASTER_v003, ViewLayer
00:55.843  render           | Engine: Workbench
00:55.875  render           | Saved: 'F:\pnpline-landing\hero-section-video\blockout\blockout-master-v003\preview\frames\frame-1214.png'
00:55.875  render           | Time: 00:00.04 (Saving: 00:00.01)
00:55.875  render           | Rendering frame 1215
00:55.875  render           | Start rendering: PNPLINE_MASTER_v003, ViewLayer
00:55.875  render           | Engine: Workbench
00:55.922  render           | Saved: 'F:\pnpline-landing\hero-section-video\blockout\blockout-master-v003\preview\frames\frame-1215.png'
00:55.922  render           | Time: 00:00.04 (Saving: 00:00.01)
00:55.922  render           | Rendering frame 1216
00:55.922  render           | Start rendering: PNPLINE_MASTER_v003, ViewLayer
00:55.922  render           | Engine: Workbench
00:55.953  render           | Saved: 'F:\pnpline-landing\hero-section-video\blockout\blockout-master-v003\preview\frames\frame-1216.png'
00:55.953  render           | Time: 00:00.03 (Saving: 00:00.01)
00:55.953  render           | Rendering frame 1217
00:55.953  render           | Start rendering: PNPLINE_MASTER_v003, ViewLayer
00:55.953  render           | Engine: Workbench
00:56.000  render           | Saved: 'F:\pnpline-landing\hero-section-video\blockout\blockout-master-v003\preview\frames\frame-1217.png'
00:56.000  render           | Time: 00:00.04 (Saving: 00:00.01)
00:56.000  render           | Rendering frame 1218
00:56.000  render           | Start rendering: PNPLINE_MASTER_v003, ViewLayer
00:56.000  render           | Engine: Workbench
00:56.047  render           | Saved: 'F:\pnpline-landing\hero-section-video\blockout\blockout-master-v003\preview\frames\frame-1218.png'
00:56.047  render           | Time: 00:00.04 (Saving: 00:00.01)
00:56.047  render           | Rendering frame 1219
00:56.047  render           | Start rendering: PNPLINE_MASTER_v003, ViewLayer
00:56.047  render           | Engine: Workbench
00:56.078  render           | Saved: 'F:\pnpline-landing\hero-section-video\blockout\blockout-master-v003\preview\frames\frame-1219.png'
00:56.078  render           | Time: 00:00.03 (Saving: 00:00.01)
00:56.078  render           | Rendering frame 1220
00:56.078  render           | Start rendering: PNPLINE_MASTER_v003, ViewLayer
00:56.078  render           | Engine: Workbench
00:56.125  render           | Saved: 'F:\pnpline-landing\hero-section-video\blockout\blockout-master-v003\preview\frames\frame-1220.png'
00:56.125  render           | Time: 00:00.04 (Saving: 00:00.02)
00:56.125  render           | Rendering frame 1221
00:56.125  render           | Start rendering: PNPLINE_MASTER_v003, ViewLayer
00:56.125  render           | Engine: Workbench
00:56.156  render           | Saved: 'F:\pnpline-landing\hero-section-video\blockout\blockout-master-v003\preview\frames\frame-1221.png'
00:56.156  render           | Time: 00:00.03 (Saving: 00:00.01)
00:56.156  render           | Rendering frame 1222
00:56.156  render           | Start rendering: PNPLINE_MASTER_v003, ViewLayer
00:56.156  render           | Engine: Workbench
00:56.203  render           | Saved: 'F:\pnpline-landing\hero-section-video\blockout\blockout-master-v003\preview\frames\frame-1222.png'
00:56.203  render           | Time: 00:00.04 (Saving: 00:00.02)
00:56.203  render           | Rendering frame 1223
00:56.203  render           | Start rendering: PNPLINE_MASTER_v003, ViewLayer
00:56.203  render           | Engine: Workbench
00:56.250  render           | Saved: 'F:\pnpline-landing\hero-section-video\blockout\blockout-master-v003\preview\frames\frame-1223.png'
00:56.250  render           | Time: 00:00.04 (Saving: 00:00.02)
00:56.250  render           | Rendering frame 1224
00:56.250  render           | Start rendering: PNPLINE_MASTER_v003, ViewLayer
00:56.250  render           | Engine: Workbench
00:56.281  render           | Saved: 'F:\pnpline-landing\hero-section-video\blockout\blockout-master-v003\preview\frames\frame-1224.png'
00:56.281  render           | Time: 00:00.04 (Saving: 00:00.01)
00:56.281  render           | Rendering frame 1225
00:56.281  render           | Start rendering: PNPLINE_MASTER_v003, ViewLayer
00:56.281  render           | Engine: Workbench
00:56.328  render           | Saved: 'F:\pnpline-landing\hero-section-video\blockout\blockout-master-v003\preview\frames\frame-1225.png'
00:56.328  render           | Time: 00:00.04 (Saving: 00:00.02)
00:56.328  render           | Rendering frame 1226
00:56.328  render           | Start rendering: PNPLINE_MASTER_v003, ViewLayer
00:56.328  render           | Engine: Workbench
00:56.359  render           | Saved: 'F:\pnpline-landing\hero-section-video\blockout\blockout-master-v003\preview\frames\frame-1226.png'
00:56.359  render           | Time: 00:00.04 (Saving: 00:00.01)
00:56.359  render           | Rendering frame 1227
00:56.359  render           | Start rendering: PNPLINE_MASTER_v003, ViewLayer
00:56.359  render           | Engine: Workbench
00:56.406  render           | Saved: 'F:\pnpline-landing\hero-section-video\blockout\blockout-master-v003\preview\frames\frame-1227.png'
00:56.406  render           | Time: 00:00.04 (Saving: 00:00.02)
00:56.406  render           | Rendering frame 1228
00:56.406  render           | Start rendering: PNPLINE_MASTER_v003, ViewLayer
00:56.406  render           | Engine: Workbench
00:56.453  render           | Saved: 'F:\pnpline-landing\hero-section-video\blockout\blockout-master-v003\preview\frames\frame-1228.png'
00:56.453  render           | Time: 00:00.04 (Saving: 00:00.02)
00:56.453  render           | Rendering frame 1229
00:56.453  render           | Start rendering: PNPLINE_MASTER_v003, ViewLayer
00:56.453  render           | Engine: Workbench
00:56.500  render           | Saved: 'F:\pnpline-landing\hero-section-video\blockout\blockout-master-v003\preview\frames\frame-1229.png'
00:56.500  render           | Time: 00:00.04 (Saving: 00:00.02)
00:56.500  render           | Rendering frame 1230
00:56.500  render           | Start rendering: PNPLINE_MASTER_v003, ViewLayer
00:56.500  render           | Engine: Workbench
00:56.531  render           | Saved: 'F:\pnpline-landing\hero-section-video\blockout\blockout-master-v003\preview\frames\frame-1230.png'
00:56.531  render           | Time: 00:00.04 (Saving: 00:00.02)
00:56.531  render           | Rendering frame 1231
00:56.531  render           | Start rendering: PNPLINE_MASTER_v003, ViewLayer
00:56.531  render           | Engine: Workbench
00:56.578  render           | Saved: 'F:\pnpline-landing\hero-section-video\blockout\blockout-master-v003\preview\frames\frame-1231.png'
00:56.578  render           | Time: 00:00.04 (Saving: 00:00.01)
00:56.578  render           | Rendering frame 1232
00:56.578  render           | Start rendering: PNPLINE_MASTER_v003, ViewLayer
00:56.578  render           | Engine: Workbench
00:56.625  render           | Saved: 'F:\pnpline-landing\hero-section-video\blockout\blockout-master-v003\preview\frames\frame-1232.png'
00:56.625  render           | Time: 00:00.04 (Saving: 00:00.01)
00:56.625  render           | Rendering frame 1233
00:56.625  render           | Start rendering: PNPLINE_MASTER_v003, ViewLayer
00:56.625  render           | Engine: Workbench
00:56.672  render           | Saved: 'F:\pnpline-landing\hero-section-video\blockout\blockout-master-v003\preview\frames\frame-1233.png'
00:56.672  render           | Time: 00:00.04 (Saving: 00:00.02)
00:56.672  render           | Rendering frame 1234
00:56.672  render           | Start rendering: PNPLINE_MASTER_v003, ViewLayer
00:56.672  render           | Engine: Workbench
00:56.703  render           | Saved: 'F:\pnpline-landing\hero-section-video\blockout\blockout-master-v003\preview\frames\frame-1234.png'
00:56.703  render           | Time: 00:00.04 (Saving: 00:00.02)
00:56.703  render           | Rendering frame 1235
00:56.703  render           | Start rendering: PNPLINE_MASTER_v003, ViewLayer
00:56.703  render           | Engine: Workbench
00:56.750  render           | Saved: 'F:\pnpline-landing\hero-section-video\blockout\blockout-master-v003\preview\frames\frame-1235.png'
00:56.750  render           | Time: 00:00.04 (Saving: 00:00.01)
00:56.750  render           | Rendering frame 1236
00:56.750  render           | Start rendering: PNPLINE_MASTER_v003, ViewLayer
00:56.750  render           | Engine: Workbench
00:56.797  render           | Saved: 'F:\pnpline-landing\hero-section-video\blockout\blockout-master-v003\preview\frames\frame-1236.png'
00:56.797  render           | Time: 00:00.04 (Saving: 00:00.02)
00:56.797  render           | Rendering frame 1237
00:56.797  render           | Start rendering: PNPLINE_MASTER_v003, ViewLayer
00:56.797  render           | Engine: Workbench
00:56.828  render           | Saved: 'F:\pnpline-landing\hero-section-video\blockout\blockout-master-v003\preview\frames\frame-1237.png'
00:56.828  render           | Time: 00:00.04 (Saving: 00:00.01)
00:56.828  render           | Rendering frame 1238
00:56.828  render           | Start rendering: PNPLINE_MASTER_v003, ViewLayer
00:56.828  render           | Engine: Workbench
00:56.875  render           | Saved: 'F:\pnpline-landing\hero-section-video\blockout\blockout-master-v003\preview\frames\frame-1238.png'
00:56.875  render           | Time: 00:00.03 (Saving: 00:00.01)
00:56.875  render           | Rendering frame 1239
00:56.875  render           | Start rendering: PNPLINE_MASTER_v003, ViewLayer
00:56.875  render           | Engine: Workbench
00:56.922  render           | Saved: 'F:\pnpline-landing\hero-section-video\blockout\blockout-master-v003\preview\frames\frame-1239.png'
00:56.922  render           | Time: 00:00.04 (Saving: 00:00.01)
00:56.922  render           | Rendering frame 1240
00:56.922  render           | Start rendering: PNPLINE_MASTER_v003, ViewLayer
00:56.922  render           | Engine: Workbench
00:56.953  render           | Saved: 'F:\pnpline-landing\hero-section-video\blockout\blockout-master-v003\preview\frames\frame-1240.png'
00:56.953  render           | Time: 00:00.04 (Saving: 00:00.02)
00:56.953  render           | Rendering frame 1241
00:56.953  render           | Start rendering: PNPLINE_MASTER_v003, ViewLayer
00:56.953  render           | Engine: Workbench
00:57.000  render           | Saved: 'F:\pnpline-landing\hero-section-video\blockout\blockout-master-v003\preview\frames\frame-1241.png'
00:57.000  render           | Time: 00:00.04 (Saving: 00:00.01)
00:57.000  render           | Rendering frame 1242
00:57.000  render           | Start rendering: PNPLINE_MASTER_v003, ViewLayer
00:57.000  render           | Engine: Workbench
00:57.047  render           | Saved: 'F:\pnpline-landing\hero-section-video\blockout\blockout-master-v003\preview\frames\frame-1242.png'
00:57.047  render           | Time: 00:00.03 (Saving: 00:00.01)
00:57.047  render           | Rendering frame 1243
00:57.047  render           | Start rendering: PNPLINE_MASTER_v003, ViewLayer
00:57.047  render           | Engine: Workbench
00:57.078  render           | Saved: 'F:\pnpline-landing\hero-section-video\blockout\blockout-master-v003\preview\frames\frame-1243.png'
00:57.078  render           | Time: 00:00.03 (Saving: 00:00.01)
00:57.078  render           | Rendering frame 1244
00:57.078  render           | Start rendering: PNPLINE_MASTER_v003, ViewLayer
00:57.078  render           | Engine: Workbench
00:57.125  render           | Saved: 'F:\pnpline-landing\hero-section-video\blockout\blockout-master-v003\preview\frames\frame-1244.png'
00:57.125  render           | Time: 00:00.04 (Saving: 00:00.02)
00:57.125  render           | Rendering frame 1245
00:57.125  render           | Start rendering: PNPLINE_MASTER_v003, ViewLayer
00:57.125  render           | Engine: Workbench
00:57.156  render           | Saved: 'F:\pnpline-landing\hero-section-video\blockout\blockout-master-v003\preview\frames\frame-1245.png'
00:57.156  render           | Time: 00:00.04 (Saving: 00:00.01)
00:57.156  render           | Rendering frame 1246
00:57.156  render           | Start rendering: PNPLINE_MASTER_v003, ViewLayer
00:57.156  render           | Engine: Workbench
00:57.203  render           | Saved: 'F:\pnpline-landing\hero-section-video\blockout\blockout-master-v003\preview\frames\frame-1246.png'
00:57.203  render           | Time: 00:00.04 (Saving: 00:00.01)
00:57.203  render           | Rendering frame 1247
00:57.203  render           | Start rendering: PNPLINE_MASTER_v003, ViewLayer
00:57.203  render           | Engine: Workbench
00:57.250  render           | Saved: 'F:\pnpline-landing\hero-section-video\blockout\blockout-master-v003\preview\frames\frame-1247.png'
00:57.250  render           | Time: 00:00.04 (Saving: 00:00.01)
00:57.250  render           | Rendering frame 1248
00:57.250  render           | Start rendering: PNPLINE_MASTER_v003, ViewLayer
00:57.250  render           | Engine: Workbench
00:57.281  render           | Saved: 'F:\pnpline-landing\hero-section-video\blockout\blockout-master-v003\preview\frames\frame-1248.png'
00:57.281  render           | Time: 00:00.04 (Saving: 00:00.01)
00:57.281  render           | Rendering frame 1249
00:57.281  render           | Start rendering: PNPLINE_MASTER_v003, ViewLayer
00:57.281  render           | Engine: Workbench
00:57.328  render           | Saved: 'F:\pnpline-landing\hero-section-video\blockout\blockout-master-v003\preview\frames\frame-1249.png'
00:57.328  render           | Time: 00:00.04 (Saving: 00:00.01)
00:57.328  render           | Rendering frame 1250
00:57.328  render           | Start rendering: PNPLINE_MASTER_v003, ViewLayer
00:57.328  render           | Engine: Workbench
00:57.375  render           | Saved: 'F:\pnpline-landing\hero-section-video\blockout\blockout-master-v003\preview\frames\frame-1250.png'
00:57.375  render           | Time: 00:00.04 (Saving: 00:00.01)
00:57.375  render           | Rendering frame 1251
00:57.375  render           | Start rendering: PNPLINE_MASTER_v003, ViewLayer
00:57.375  render           | Engine: Workbench
00:57.406  render           | Saved: 'F:\pnpline-landing\hero-section-video\blockout\blockout-master-v003\preview\frames\frame-1251.png'
00:57.406  render           | Time: 00:00.04 (Saving: 00:00.01)
00:57.406  render           | Rendering frame 1252
00:57.406  render           | Start rendering: PNPLINE_MASTER_v003, ViewLayer
00:57.406  render           | Engine: Workbench
00:57.453  render           | Saved: 'F:\pnpline-landing\hero-section-video\blockout\blockout-master-v003\preview\frames\frame-1252.png'
00:57.453  render           | Time: 00:00.04 (Saving: 00:00.01)
00:57.453  render           | Rendering frame 1253
00:57.453  render           | Start rendering: PNPLINE_MASTER_v003, ViewLayer
00:57.453  render           | Engine: Workbench
00:57.500  render           | Saved: 'F:\pnpline-landing\hero-section-video\blockout\blockout-master-v003\preview\frames\frame-1253.png'
00:57.500  render           | Time: 00:00.04 (Saving: 00:00.02)
00:57.500  render           | Rendering frame 1254
00:57.500  render           | Start rendering: PNPLINE_MASTER_v003, ViewLayer
00:57.500  render           | Engine: Workbench
00:57.531  render           | Saved: 'F:\pnpline-landing\hero-section-video\blockout\blockout-master-v003\preview\frames\frame-1254.png'
00:57.531  render           | Time: 00:00.04 (Saving: 00:00.01)
00:57.531  render           | Rendering frame 1255
00:57.531  render           | Start rendering: PNPLINE_MASTER_v003, ViewLayer
00:57.531  render           | Engine: Workbench
00:57.578  render           | Saved: 'F:\pnpline-landing\hero-section-video\blockout\blockout-master-v003\preview\frames\frame-1255.png'
00:57.578  render           | Time: 00:00.04 (Saving: 00:00.01)
00:57.578  render           | Rendering frame 1256
00:57.578  render           | Start rendering: PNPLINE_MASTER_v003, ViewLayer
00:57.578  render           | Engine: Workbench
00:57.609  render           | Saved: 'F:\pnpline-landing\hero-section-video\blockout\blockout-master-v003\preview\frames\frame-1256.png'
00:57.609  render           | Time: 00:00.04 (Saving: 00:00.01)
00:57.609  render           | Rendering frame 1257
00:57.609  render           | Start rendering: PNPLINE_MASTER_v003, ViewLayer
00:57.609  render           | Engine: Workbench
00:57.656  render           | Saved: 'F:\pnpline-landing\hero-section-video\blockout\blockout-master-v003\preview\frames\frame-1257.png'
00:57.656  render           | Time: 00:00.04 (Saving: 00:00.01)
00:57.656  render           | Rendering frame 1258
00:57.656  render           | Start rendering: PNPLINE_MASTER_v003, ViewLayer
00:57.656  render           | Engine: Workbench
00:57.703  render           | Saved: 'F:\pnpline-landing\hero-section-video\blockout\blockout-master-v003\preview\frames\frame-1258.png'
00:57.703  render           | Time: 00:00.04 (Saving: 00:00.01)
00:57.703  render           | Rendering frame 1259
00:57.703  render           | Start rendering: PNPLINE_MASTER_v003, ViewLayer
00:57.703  render           | Engine: Workbench
00:57.734  render           | Saved: 'F:\pnpline-landing\hero-section-video\blockout\blockout-master-v003\preview\frames\frame-1259.png'
00:57.734  render           | Time: 00:00.04 (Saving: 00:00.01)
00:57.734  render           | Rendering frame 1260
00:57.734  render           | Start rendering: PNPLINE_MASTER_v003, ViewLayer
00:57.734  render           | Engine: Workbench
00:57.781  render           | Saved: 'F:\pnpline-landing\hero-section-video\blockout\blockout-master-v003\preview\frames\frame-1260.png'
00:57.781  render           | Time: 00:00.04 (Saving: 00:00.01)
00:57.781  render           | Rendering frame 1261
00:57.781  render           | Start rendering: PNPLINE_MASTER_v003, ViewLayer
00:57.781  render           | Engine: Workbench
00:57.828  render           | Saved: 'F:\pnpline-landing\hero-section-video\blockout\blockout-master-v003\preview\frames\frame-1261.png'
00:57.828  render           | Time: 00:00.04 (Saving: 00:00.01)
00:57.828  render           | Rendering frame 1262
00:57.828  render           | Start rendering: PNPLINE_MASTER_v003, ViewLayer
00:57.828  render           | Engine: Workbench
00:57.875  render           | Saved: 'F:\pnpline-landing\hero-section-video\blockout\blockout-master-v003\preview\frames\frame-1262.png'
00:57.875  render           | Time: 00:00.04 (Saving: 00:00.01)
00:57.875  render           | Rendering frame 1263
00:57.875  render           | Start rendering: PNPLINE_MASTER_v003, ViewLayer
00:57.875  render           | Engine: Workbench
00:57.906  render           | Saved: 'F:\pnpline-landing\hero-section-video\blockout\blockout-master-v003\preview\frames\frame-1263.png'
00:57.906  render           | Time: 00:00.04 (Saving: 00:00.01)
00:57.906  render           | Rendering frame 1264
00:57.906  render           | Start rendering: PNPLINE_MASTER_v003, ViewLayer
00:57.906  render           | Engine: Workbench
00:57.953  render           | Saved: 'F:\pnpline-landing\hero-section-video\blockout\blockout-master-v003\preview\frames\frame-1264.png'
00:57.953  render           | Time: 00:00.04 (Saving: 00:00.01)
00:57.953  render           | Rendering frame 1265
00:57.953  render           | Start rendering: PNPLINE_MASTER_v003, ViewLayer
00:57.953  render           | Engine: Workbench
00:58.000  render           | Saved: 'F:\pnpline-landing\hero-section-video\blockout\blockout-master-v003\preview\frames\frame-1265.png'
00:58.000  render           | Time: 00:00.04 (Saving: 00:00.01)
00:58.000  render           | Rendering frame 1266
00:58.000  render           | Start rendering: PNPLINE_MASTER_v003, ViewLayer
00:58.000  render           | Engine: Workbench
00:58.031  render           | Saved: 'F:\pnpline-landing\hero-section-video\blockout\blockout-master-v003\preview\frames\frame-1266.png'
00:58.031  render           | Time: 00:00.04 (Saving: 00:00.01)
00:58.031  render           | Rendering frame 1267
00:58.031  render           | Start rendering: PNPLINE_MASTER_v003, ViewLayer
00:58.031  render           | Engine: Workbench
00:58.078  render           | Saved: 'F:\pnpline-landing\hero-section-video\blockout\blockout-master-v003\preview\frames\frame-1267.png'
00:58.078  render           | Time: 00:00.04 (Saving: 00:00.01)
00:58.078  render           | Rendering frame 1268
00:58.078  render           | Start rendering: PNPLINE_MASTER_v003, ViewLayer
00:58.078  render           | Engine: Workbench
00:58.125  render           | Saved: 'F:\pnpline-landing\hero-section-video\blockout\blockout-master-v003\preview\frames\frame-1268.png'
00:58.125  render           | Time: 00:00.04 (Saving: 00:00.01)
00:58.125  render           | Rendering frame 1269
00:58.125  render           | Start rendering: PNPLINE_MASTER_v003, ViewLayer
00:58.125  render           | Engine: Workbench
00:58.156  render           | Saved: 'F:\pnpline-landing\hero-section-video\blockout\blockout-master-v003\preview\frames\frame-1269.png'
00:58.156  render           | Time: 00:00.04 (Saving: 00:00.01)
00:58.156  render           | Rendering frame 1270
00:58.156  render           | Start rendering: PNPLINE_MASTER_v003, ViewLayer
00:58.156  render           | Engine: Workbench
00:58.203  render           | Saved: 'F:\pnpline-landing\hero-section-video\blockout\blockout-master-v003\preview\frames\frame-1270.png'
00:58.203  render           | Time: 00:00.04 (Saving: 00:00.01)
00:58.203  render           | Rendering frame 1271
00:58.203  render           | Start rendering: PNPLINE_MASTER_v003, ViewLayer
00:58.203  render           | Engine: Workbench
00:58.250  render           | Saved: 'F:\pnpline-landing\hero-section-video\blockout\blockout-master-v003\preview\frames\frame-1271.png'
00:58.250  render           | Time: 00:00.04 (Saving: 00:00.01)
00:58.250  render           | Rendering frame 1272
00:58.250  render           | Start rendering: PNPLINE_MASTER_v003, ViewLayer
00:58.250  render           | Engine: Workbench
00:58.297  render           | Saved: 'F:\pnpline-landing\hero-section-video\blockout\blockout-master-v003\preview\frames\frame-1272.png'
00:58.297  render           | Time: 00:00.04 (Saving: 00:00.01)
00:58.297  render           | Rendering frame 1273
00:58.297  render           | Start rendering: PNPLINE_MASTER_v003, ViewLayer
00:58.297  render           | Engine: Workbench
00:58.328  render           | Saved: 'F:\pnpline-landing\hero-section-video\blockout\blockout-master-v003\preview\frames\frame-1273.png'
00:58.328  render           | Time: 00:00.04 (Saving: 00:00.01)
00:58.328  render           | Rendering frame 1274
00:58.328  render           | Start rendering: PNPLINE_MASTER_v003, ViewLayer
00:58.328  render           | Engine: Workbench
00:58.375  render           | Saved: 'F:\pnpline-landing\hero-section-video\blockout\blockout-master-v003\preview\frames\frame-1274.png'
00:58.375  render           | Time: 00:00.04 (Saving: 00:00.01)
00:58.375  render           | Rendering frame 1275
00:58.375  render           | Start rendering: PNPLINE_MASTER_v003, ViewLayer
00:58.375  render           | Engine: Workbench
00:58.422  render           | Saved: 'F:\pnpline-landing\hero-section-video\blockout\blockout-master-v003\preview\frames\frame-1275.png'
00:58.422  render           | Time: 00:00.04 (Saving: 00:00.01)
00:58.422  render           | Rendering frame 1276
00:58.422  render           | Start rendering: PNPLINE_MASTER_v003, ViewLayer
00:58.422  render           | Engine: Workbench
00:58.453  render           | Saved: 'F:\pnpline-landing\hero-section-video\blockout\blockout-master-v003\preview\frames\frame-1276.png'
00:58.453  render           | Time: 00:00.04 (Saving: 00:00.01)
00:58.453  render           | Rendering frame 1277
00:58.468  render           | Start rendering: PNPLINE_MASTER_v003, ViewLayer
00:58.468  render           | Engine: Workbench
00:58.500  render           | Saved: 'F:\pnpline-landing\hero-section-video\blockout\blockout-master-v003\preview\frames\frame-1277.png'
00:58.500  render           | Time: 00:00.04 (Saving: 00:00.01)
00:58.500  render           | Rendering frame 1278
00:58.500  render           | Start rendering: PNPLINE_MASTER_v003, ViewLayer
00:58.500  render           | Engine: Workbench
00:58.547  render           | Saved: 'F:\pnpline-landing\hero-section-video\blockout\blockout-master-v003\preview\frames\frame-1278.png'
00:58.547  render           | Time: 00:00.04 (Saving: 00:00.01)
00:58.547  render           | Rendering frame 1279
00:58.547  render           | Start rendering: PNPLINE_MASTER_v003, ViewLayer
00:58.547  render           | Engine: Workbench
00:58.593  render           | Saved: 'F:\pnpline-landing\hero-section-video\blockout\blockout-master-v003\preview\frames\frame-1279.png'
00:58.593  render           | Time: 00:00.04 (Saving: 00:00.01)
00:58.593  render           | Rendering frame 1280
00:58.593  render           | Start rendering: PNPLINE_MASTER_v003, ViewLayer
00:58.593  render           | Engine: Workbench
00:58.625  render           | Saved: 'F:\pnpline-landing\hero-section-video\blockout\blockout-master-v003\preview\frames\frame-1280.png'
00:58.625  render           | Time: 00:00.04 (Saving: 00:00.01)
00:58.625  render           | Rendering frame 1281
00:58.625  render           | Start rendering: PNPLINE_MASTER_v003, ViewLayer
00:58.625  render           | Engine: Workbench
00:58.672  render           | Saved: 'F:\pnpline-landing\hero-section-video\blockout\blockout-master-v003\preview\frames\frame-1281.png'
00:58.672  render           | Time: 00:00.04 (Saving: 00:00.01)
00:58.672  render           | Rendering frame 1282
00:58.672  render           | Start rendering: PNPLINE_MASTER_v003, ViewLayer
00:58.672  render           | Engine: Workbench
00:58.718  render           | Saved: 'F:\pnpline-landing\hero-section-video\blockout\blockout-master-v003\preview\frames\frame-1282.png'
00:58.718  render           | Time: 00:00.04 (Saving: 00:00.01)
00:58.718  render           | Rendering frame 1283
00:58.718  render           | Start rendering: PNPLINE_MASTER_v003, ViewLayer
00:58.718  render           | Engine: Workbench
00:58.765  render           | Saved: 'F:\pnpline-landing\hero-section-video\blockout\blockout-master-v003\preview\frames\frame-1283.png'
00:58.765  render           | Time: 00:00.04 (Saving: 00:00.01)
00:58.765  render           | Rendering frame 1284
00:58.765  render           | Start rendering: PNPLINE_MASTER_v003, ViewLayer
00:58.765  render           | Engine: Workbench
00:58.797  render           | Saved: 'F:\pnpline-landing\hero-section-video\blockout\blockout-master-v003\preview\frames\frame-1284.png'
00:58.797  render           | Time: 00:00.04 (Saving: 00:00.01)
00:58.797  render           | Rendering frame 1285
00:58.812  render           | Start rendering: PNPLINE_MASTER_v003, ViewLayer
00:58.812  render           | Engine: Workbench
00:58.843  render           | Saved: 'F:\pnpline-landing\hero-section-video\blockout\blockout-master-v003\preview\frames\frame-1285.png'
00:58.843  render           | Time: 00:00.04 (Saving: 00:00.01)
00:58.843  render           | Rendering frame 1286
00:58.843  render           | Start rendering: PNPLINE_MASTER_v003, ViewLayer
00:58.843  render           | Engine: Workbench
00:58.890  render           | Saved: 'F:\pnpline-landing\hero-section-video\blockout\blockout-master-v003\preview\frames\frame-1286.png'
00:58.890  render           | Time: 00:00.04 (Saving: 00:00.01)
00:58.890  render           | Rendering frame 1287
00:58.890  render           | Start rendering: PNPLINE_MASTER_v003, ViewLayer
00:58.890  render           | Engine: Workbench
00:58.937  render           | Saved: 'F:\pnpline-landing\hero-section-video\blockout\blockout-master-v003\preview\frames\frame-1287.png'
00:58.937  render           | Time: 00:00.04 (Saving: 00:00.01)
00:58.937  render           | Rendering frame 1288
00:58.937  render           | Start rendering: PNPLINE_MASTER_v003, ViewLayer
00:58.937  render           | Engine: Workbench
00:58.968  render           | Saved: 'F:\pnpline-landing\hero-section-video\blockout\blockout-master-v003\preview\frames\frame-1288.png'
00:58.968  render           | Time: 00:00.04 (Saving: 00:00.01)
00:58.968  render           | Rendering frame 1289
00:58.968  render           | Start rendering: PNPLINE_MASTER_v003, ViewLayer
00:58.968  render           | Engine: Workbench
00:59.015  render           | Saved: 'F:\pnpline-landing\hero-section-video\blockout\blockout-master-v003\preview\frames\frame-1289.png'
00:59.015  render           | Time: 00:00.04 (Saving: 00:00.01)
00:59.015  render           | Rendering frame 1290
00:59.015  render           | Start rendering: PNPLINE_MASTER_v003, ViewLayer
00:59.015  render           | Engine: Workbench
00:59.062  render           | Saved: 'F:\pnpline-landing\hero-section-video\blockout\blockout-master-v003\preview\frames\frame-1290.png'
00:59.062  render           | Time: 00:00.04 (Saving: 00:00.01)
00:59.062  render           | Rendering frame 1291
00:59.062  render           | Start rendering: PNPLINE_MASTER_v003, ViewLayer
00:59.062  render           | Engine: Workbench
00:59.109  render           | Saved: 'F:\pnpline-landing\hero-section-video\blockout\blockout-master-v003\preview\frames\frame-1291.png'
00:59.109  render           | Time: 00:00.04 (Saving: 00:00.01)
00:59.109  render           | Rendering frame 1292
00:59.109  render           | Start rendering: PNPLINE_MASTER_v003, ViewLayer
00:59.109  render           | Engine: Workbench
00:59.156  render           | Saved: 'F:\pnpline-landing\hero-section-video\blockout\blockout-master-v003\preview\frames\frame-1292.png'
00:59.156  render           | Time: 00:00.04 (Saving: 00:00.01)
00:59.156  render           | Rendering frame 1293
00:59.156  render           | Start rendering: PNPLINE_MASTER_v003, ViewLayer
00:59.156  render           | Engine: Workbench
00:59.203  render           | Saved: 'F:\pnpline-landing\hero-section-video\blockout\blockout-master-v003\preview\frames\frame-1293.png'
00:59.203  render           | Time: 00:00.04 (Saving: 00:00.01)
00:59.203  render           | Rendering frame 1294
00:59.203  render           | Start rendering: PNPLINE_MASTER_v003, ViewLayer
00:59.203  render           | Engine: Workbench
00:59.234  render           | Saved: 'F:\pnpline-landing\hero-section-video\blockout\blockout-master-v003\preview\frames\frame-1294.png'
00:59.234  render           | Time: 00:00.04 (Saving: 00:00.01)
00:59.234  render           | Rendering frame 1295
00:59.234  render           | Start rendering: PNPLINE_MASTER_v003, ViewLayer
00:59.234  render           | Engine: Workbench
00:59.281  render           | Saved: 'F:\pnpline-landing\hero-section-video\blockout\blockout-master-v003\preview\frames\frame-1295.png'
00:59.281  render           | Time: 00:00.04 (Saving: 00:00.01)
00:59.281  render           | Rendering frame 1296
00:59.281  render           | Start rendering: PNPLINE_MASTER_v003, ViewLayer
00:59.281  render           | Engine: Workbench
00:59.328  render           | Saved: 'F:\pnpline-landing\hero-section-video\blockout\blockout-master-v003\preview\frames\frame-1296.png'
00:59.328  render           | Time: 00:00.04 (Saving: 00:00.01)
00:59.328  render           | Rendering frame 1297
00:59.328  render           | Start rendering: PNPLINE_MASTER_v003, ViewLayer
00:59.328  render           | Engine: Workbench
00:59.359  render           | Saved: 'F:\pnpline-landing\hero-section-video\blockout\blockout-master-v003\preview\frames\frame-1297.png'
00:59.375  render           | Time: 00:00.04 (Saving: 00:00.01)
00:59.375  render           | Rendering frame 1298
00:59.375  render           | Start rendering: PNPLINE_MASTER_v003, ViewLayer
00:59.375  render           | Engine: Workbench
00:59.437  render           | Saved: 'F:\pnpline-landing\hero-section-video\blockout\blockout-master-v003\preview\frames\frame-1298.png'
00:59.437  render           | Time: 00:00.07 (Saving: 00:00.01)
00:59.437  render           | Rendering frame 1299
00:59.437  render           | Start rendering: PNPLINE_MASTER_v003, ViewLayer
00:59.437  render           | Engine: Workbench
00:59.484  render           | Saved: 'F:\pnpline-landing\hero-section-video\blockout\blockout-master-v003\preview\frames\frame-1299.png'
00:59.484  render           | Time: 00:00.05 (Saving: 00:00.01)
00:59.484  render           | Rendering frame 1300
00:59.484  render           | Start rendering: PNPLINE_MASTER_v003, ViewLayer
00:59.484  render           | Engine: Workbench
00:59.547  render           | Saved: 'F:\pnpline-landing\hero-section-video\blockout\blockout-master-v003\preview\frames\frame-1300.png'
00:59.547  render           | Time: 00:00.05 (Saving: 00:00.02)
00:59.547  render           | Rendering frame 1301
00:59.547  render           | Start rendering: PNPLINE_MASTER_v003, ViewLayer
00:59.547  render           | Engine: Workbench
00:59.593  render           | Saved: 'F:\pnpline-landing\hero-section-video\blockout\blockout-master-v003\preview\frames\frame-1301.png'
00:59.593  render           | Time: 00:00.04 (Saving: 00:00.01)
00:59.593  render           | Rendering frame 1302
00:59.593  render           | Start rendering: PNPLINE_MASTER_v003, ViewLayer
00:59.593  render           | Engine: Workbench
00:59.640  render           | Saved: 'F:\pnpline-landing\hero-section-video\blockout\blockout-master-v003\preview\frames\frame-1302.png'
00:59.640  render           | Time: 00:00.04 (Saving: 00:00.02)
00:59.640  render           | Rendering frame 1303
00:59.640  render           | Start rendering: PNPLINE_MASTER_v003, ViewLayer
00:59.640  render           | Engine: Workbench
00:59.672  render           | Saved: 'F:\pnpline-landing\hero-section-video\blockout\blockout-master-v003\preview\frames\frame-1303.png'
00:59.672  render           | Time: 00:00.04 (Saving: 00:00.01)
00:59.672  render           | Rendering frame 1304
00:59.672  render           | Start rendering: PNPLINE_MASTER_v003, ViewLayer
00:59.672  render           | Engine: Workbench
00:59.718  render           | Saved: 'F:\pnpline-landing\hero-section-video\blockout\blockout-master-v003\preview\frames\frame-1304.png'
00:59.718  render           | Time: 00:00.04 (Saving: 00:00.02)
00:59.718  render           | Rendering frame 1305
00:59.718  render           | Start rendering: PNPLINE_MASTER_v003, ViewLayer
00:59.718  render           | Engine: Workbench
00:59.765  render           | Saved: 'F:\pnpline-landing\hero-section-video\blockout\blockout-master-v003\preview\frames\frame-1305.png'
00:59.765  render           | Time: 00:00.04 (Saving: 00:00.02)
00:59.765  render           | Rendering frame 1306
00:59.765  render           | Start rendering: PNPLINE_MASTER_v003, ViewLayer
00:59.765  render           | Engine: Workbench
00:59.828  render           | Saved: 'F:\pnpline-landing\hero-section-video\blockout\blockout-master-v003\preview\frames\frame-1306.png'
00:59.828  render           | Time: 00:00.05 (Saving: 00:00.02)
00:59.828  render           | Rendering frame 1307
00:59.828  render           | Start rendering: PNPLINE_MASTER_v003, ViewLayer
00:59.828  render           | Engine: Workbench
00:59.875  render           | Saved: 'F:\pnpline-landing\hero-section-video\blockout\blockout-master-v003\preview\frames\frame-1307.png'
00:59.875  render           | Time: 00:00.05 (Saving: 00:00.02)
00:59.875  render           | Rendering frame 1308
00:59.875  render           | Start rendering: PNPLINE_MASTER_v003, ViewLayer
00:59.875  render           | Engine: Workbench
00:59.922  render           | Saved: 'F:\pnpline-landing\hero-section-video\blockout\blockout-master-v003\preview\frames\frame-1308.png'
00:59.922  render           | Time: 00:00.05 (Saving: 00:00.02)
00:59.922  render           | Rendering frame 1309
00:59.937  render           | Start rendering: PNPLINE_MASTER_v003, ViewLayer
00:59.937  render           | Engine: Workbench
00:59.984  render           | Saved: 'F:\pnpline-landing\hero-section-video\blockout\blockout-master-v003\preview\frames\frame-1309.png'
00:59.984  render           | Time: 00:00.05 (Saving: 00:00.02)
00:59.984  render           | Rendering frame 1310
00:59.984  render           | Start rendering: PNPLINE_MASTER_v003, ViewLayer
00:59.984  render           | Engine: Workbench
01:00.031  render           | Saved: 'F:\pnpline-landing\hero-section-video\blockout\blockout-master-v003\preview\frames\frame-1310.png'
01:00.031  render           | Time: 00:00.05 (Saving: 00:00.02)
01:00.031  render           | Rendering frame 1311
01:00.031  render           | Start rendering: PNPLINE_MASTER_v003, ViewLayer
01:00.031  render           | Engine: Workbench
01:00.093  render           | Saved: 'F:\pnpline-landing\hero-section-video\blockout\blockout-master-v003\preview\frames\frame-1311.png'
01:00.093  render           | Time: 00:00.05 (Saving: 00:00.02)
01:00.093  render           | Rendering frame 1312
01:00.093  render           | Start rendering: PNPLINE_MASTER_v003, ViewLayer
01:00.093  render           | Engine: Workbench
01:00.140  render           | Saved: 'F:\pnpline-landing\hero-section-video\blockout\blockout-master-v003\preview\frames\frame-1312.png'
01:00.140  render           | Time: 00:00.04 (Saving: 00:00.02)
01:00.140  render           | Rendering frame 1313
01:00.140  render           | Start rendering: PNPLINE_MASTER_v003, ViewLayer
01:00.140  render           | Engine: Workbench
01:00.187  render           | Saved: 'F:\pnpline-landing\hero-section-video\blockout\blockout-master-v003\preview\frames\frame-1313.png'
01:00.187  render           | Time: 00:00.04 (Saving: 00:00.02)
01:00.187  render           | Rendering frame 1314
01:00.187  render           | Start rendering: PNPLINE_MASTER_v003, ViewLayer
01:00.187  render           | Engine: Workbench
01:00.234  render           | Saved: 'F:\pnpline-landing\hero-section-video\blockout\blockout-master-v003\preview\frames\frame-1314.png'
01:00.234  render           | Time: 00:00.04 (Saving: 00:00.01)
01:00.234  render           | Rendering frame 1315
01:00.234  render           | Start rendering: PNPLINE_MASTER_v003, ViewLayer
01:00.234  render           | Engine: Workbench
01:00.265  render           | Saved: 'F:\pnpline-landing\hero-section-video\blockout\blockout-master-v003\preview\frames\frame-1315.png'
01:00.265  render           | Time: 00:00.04 (Saving: 00:00.01)
01:00.265  render           | Rendering frame 1316
01:00.265  render           | Start rendering: PNPLINE_MASTER_v003, ViewLayer
01:00.265  render           | Engine: Workbench
01:00.312  render           | Saved: 'F:\pnpline-landing\hero-section-video\blockout\blockout-master-v003\preview\frames\frame-1316.png'
01:00.312  render           | Time: 00:00.04 (Saving: 00:00.02)
01:00.312  render           | Rendering frame 1317
01:00.312  render           | Start rendering: PNPLINE_MASTER_v003, ViewLayer
01:00.312  render           | Engine: Workbench
01:00.359  render           | Saved: 'F:\pnpline-landing\hero-section-video\blockout\blockout-master-v003\preview\frames\frame-1317.png'
01:00.359  render           | Time: 00:00.04 (Saving: 00:00.01)
01:00.359  render           | Rendering frame 1318
01:00.359  render           | Start rendering: PNPLINE_MASTER_v003, ViewLayer
01:00.359  render           | Engine: Workbench
01:00.406  render           | Saved: 'F:\pnpline-landing\hero-section-video\blockout\blockout-master-v003\preview\frames\frame-1318.png'
01:00.406  render           | Time: 00:00.03 (Saving: 00:00.01)
01:00.406  render           | Rendering frame 1319
01:00.406  render           | Start rendering: PNPLINE_MASTER_v003, ViewLayer
01:00.406  render           | Engine: Workbench
01:00.437  render           | Saved: 'F:\pnpline-landing\hero-section-video\blockout\blockout-master-v003\preview\frames\frame-1319.png'
01:00.437  render           | Time: 00:00.04 (Saving: 00:00.02)
01:00.437  render           | Rendering frame 1320
01:00.437  render           | Start rendering: PNPLINE_MASTER_v003, ViewLayer
01:00.437  render           | Engine: Workbench
01:00.484  render           | Saved: 'F:\pnpline-landing\hero-section-video\blockout\blockout-master-v003\preview\frames\frame-1320.png'
01:00.484  render           | Time: 00:00.04 (Saving: 00:00.01)
01:00.484  render           | Rendering frame 1321
01:00.484  render           | Start rendering: PNPLINE_MASTER_v003, ViewLayer
01:00.484  render           | Engine: Workbench
01:00.531  render           | Saved: 'F:\pnpline-landing\hero-section-video\blockout\blockout-master-v003\preview\frames\frame-1321.png'
01:00.531  render           | Time: 00:00.04 (Saving: 00:00.01)
01:00.531  render           | Rendering frame 1322
01:00.531  render           | Start rendering: PNPLINE_MASTER_v003, ViewLayer
01:00.531  render           | Engine: Workbench
01:00.562  render           | Saved: 'F:\pnpline-landing\hero-section-video\blockout\blockout-master-v003\preview\frames\frame-1322.png'
01:00.562  render           | Time: 00:00.04 (Saving: 00:00.01)
01:00.562  render           | Rendering frame 1323
01:00.562  render           | Start rendering: PNPLINE_MASTER_v003, ViewLayer
01:00.562  render           | Engine: Workbench
01:00.609  render           | Saved: 'F:\pnpline-landing\hero-section-video\blockout\blockout-master-v003\preview\frames\frame-1323.png'
01:00.609  render           | Time: 00:00.04 (Saving: 00:00.02)
01:00.609  render           | Rendering frame 1324
01:00.609  render           | Start rendering: PNPLINE_MASTER_v003, ViewLayer
01:00.609  render           | Engine: Workbench
01:00.656  render           | Saved: 'F:\pnpline-landing\hero-section-video\blockout\blockout-master-v003\preview\frames\frame-1324.png'
01:00.656  render           | Time: 00:00.03 (Saving: 00:00.01)
01:00.656  render           | Rendering frame 1325
01:00.656  render           | Start rendering: PNPLINE_MASTER_v003, ViewLayer
01:00.656  render           | Engine: Workbench
01:00.687  render           | Saved: 'F:\pnpline-landing\hero-section-video\blockout\blockout-master-v003\preview\frames\frame-1325.png'
01:00.687  render           | Time: 00:00.04 (Saving: 00:00.01)
01:00.687  render           | Rendering frame 1326
01:00.687  render           | Start rendering: PNPLINE_MASTER_v003, ViewLayer
01:00.687  render           | Engine: Workbench
01:00.734  render           | Saved: 'F:\pnpline-landing\hero-section-video\blockout\blockout-master-v003\preview\frames\frame-1326.png'
01:00.734  render           | Time: 00:00.03 (Saving: 00:00.01)
01:00.734  render           | Rendering frame 1327
01:00.734  render           | Start rendering: PNPLINE_MASTER_v003, ViewLayer
01:00.734  render           | Engine: Workbench
01:00.765  render           | Saved: 'F:\pnpline-landing\hero-section-video\blockout\blockout-master-v003\preview\frames\frame-1327.png'
01:00.765  render           | Time: 00:00.04 (Saving: 00:00.01)
01:00.765  render           | Rendering frame 1328
01:00.765  render           | Start rendering: PNPLINE_MASTER_v003, ViewLayer
01:00.765  render           | Engine: Workbench
01:00.812  render           | Saved: 'F:\pnpline-landing\hero-section-video\blockout\blockout-master-v003\preview\frames\frame-1328.png'
01:00.812  render           | Time: 00:00.03 (Saving: 00:00.01)
01:00.812  render           | Rendering frame 1329
01:00.812  render           | Start rendering: PNPLINE_MASTER_v003, ViewLayer
01:00.812  render           | Engine: Workbench
01:00.843  render           | Saved: 'F:\pnpline-landing\hero-section-video\blockout\blockout-master-v003\preview\frames\frame-1329.png'
01:00.843  render           | Time: 00:00.04 (Saving: 00:00.01)
01:00.843  render           | Rendering frame 1330
01:00.843  render           | Start rendering: PNPLINE_MASTER_v003, ViewLayer
01:00.843  render           | Engine: Workbench
01:00.890  render           | Saved: 'F:\pnpline-landing\hero-section-video\blockout\blockout-master-v003\preview\frames\frame-1330.png'
01:00.890  render           | Time: 00:00.04 (Saving: 00:00.01)
01:00.890  render           | Rendering frame 1331
01:00.890  render           | Start rendering: PNPLINE_MASTER_v003, ViewLayer
01:00.890  render           | Engine: Workbench
01:00.937  render           | Saved: 'F:\pnpline-landing\hero-section-video\blockout\blockout-master-v003\preview\frames\frame-1331.png'
01:00.937  render           | Time: 00:00.04 (Saving: 00:00.01)
01:00.937  render           | Rendering frame 1332
01:00.937  render           | Start rendering: PNPLINE_MASTER_v003, ViewLayer
01:00.937  render           | Engine: Workbench
01:00.968  render           | Saved: 'F:\pnpline-landing\hero-section-video\blockout\blockout-master-v003\preview\frames\frame-1332.png'
01:00.968  render           | Time: 00:00.03 (Saving: 00:00.01)
01:00.968  render           | Rendering frame 1333
01:00.968  render           | Start rendering: PNPLINE_MASTER_v003, ViewLayer
01:00.968  render           | Engine: Workbench
01:01.015  render           | Saved: 'F:\pnpline-landing\hero-section-video\blockout\blockout-master-v003\preview\frames\frame-1333.png'
01:01.015  render           | Time: 00:00.04 (Saving: 00:00.01)
01:01.015  render           | Rendering frame 1334
01:01.015  render           | Start rendering: PNPLINE_MASTER_v003, ViewLayer
01:01.015  render           | Engine: Workbench
01:01.047  render           | Saved: 'F:\pnpline-landing\hero-section-video\blockout\blockout-master-v003\preview\frames\frame-1334.png'
01:01.047  render           | Time: 00:00.03 (Saving: 00:00.01)
01:01.047  render           | Rendering frame 1335
01:01.047  render           | Start rendering: PNPLINE_MASTER_v003, ViewLayer
01:01.047  render           | Engine: Workbench
01:01.093  render           | Saved: 'F:\pnpline-landing\hero-section-video\blockout\blockout-master-v003\preview\frames\frame-1335.png'
01:01.093  render           | Time: 00:00.04 (Saving: 00:00.01)
01:01.093  render           | Rendering frame 1336
01:01.093  render           | Start rendering: PNPLINE_MASTER_v003, ViewLayer
01:01.093  render           | Engine: Workbench
01:01.140  render           | Saved: 'F:\pnpline-landing\hero-section-video\blockout\blockout-master-v003\preview\frames\frame-1336.png'
01:01.140  render           | Time: 00:00.03 (Saving: 00:00.01)
01:01.140  render           | Rendering frame 1337
01:01.140  render           | Start rendering: PNPLINE_MASTER_v003, ViewLayer
01:01.140  render           | Engine: Workbench
01:01.172  render           | Saved: 'F:\pnpline-landing\hero-section-video\blockout\blockout-master-v003\preview\frames\frame-1337.png'
01:01.172  render           | Time: 00:00.03 (Saving: 00:00.01)
01:01.172  render           | Rendering frame 1338
01:01.172  render           | Start rendering: PNPLINE_MASTER_v003, ViewLayer
01:01.172  render           | Engine: Workbench
01:01.218  render           | Saved: 'F:\pnpline-landing\hero-section-video\blockout\blockout-master-v003\preview\frames\frame-1338.png'
01:01.218  render           | Time: 00:00.03 (Saving: 00:00.01)
01:01.218  render           | Rendering frame 1339
01:01.218  render           | Start rendering: PNPLINE_MASTER_v003, ViewLayer
01:01.218  render           | Engine: Workbench
01:01.250  render           | Saved: 'F:\pnpline-landing\hero-section-video\blockout\blockout-master-v003\preview\frames\frame-1339.png'
01:01.250  render           | Time: 00:00.04 (Saving: 00:00.01)
01:01.250  render           | Rendering frame 1340
01:01.250  render           | Start rendering: PNPLINE_MASTER_v003, ViewLayer
01:01.250  render           | Engine: Workbench
01:01.297  render           | Saved: 'F:\pnpline-landing\hero-section-video\blockout\blockout-master-v003\preview\frames\frame-1340.png'
01:01.297  render           | Time: 00:00.04 (Saving: 00:00.01)
01:01.297  render           | Rendering frame 1341
01:01.297  render           | Start rendering: PNPLINE_MASTER_v003, ViewLayer
01:01.297  render           | Engine: Workbench
01:01.343  render           | Saved: 'F:\pnpline-landing\hero-section-video\blockout\blockout-master-v003\preview\frames\frame-1341.png'
01:01.343  render           | Time: 00:00.04 (Saving: 00:00.02)
01:01.343  render           | Rendering frame 1342
01:01.343  render           | Start rendering: PNPLINE_MASTER_v003, ViewLayer
01:01.343  render           | Engine: Workbench
01:01.375  render           | Saved: 'F:\pnpline-landing\hero-section-video\blockout\blockout-master-v003\preview\frames\frame-1342.png'
01:01.375  render           | Time: 00:00.04 (Saving: 00:00.01)
01:01.375  render           | Rendering frame 1343
01:01.375  render           | Start rendering: PNPLINE_MASTER_v003, ViewLayer
01:01.375  render           | Engine: Workbench
01:01.422  render           | Saved: 'F:\pnpline-landing\hero-section-video\blockout\blockout-master-v003\preview\frames\frame-1343.png'
01:01.422  render           | Time: 00:00.04 (Saving: 00:00.01)
01:01.422  render           | Rendering frame 1344
01:01.422  render           | Start rendering: PNPLINE_MASTER_v003, ViewLayer
01:01.422  render           | Engine: Workbench
01:01.468  render           | Saved: 'F:\pnpline-landing\hero-section-video\blockout\blockout-master-v003\preview\frames\frame-1344.png'
01:01.468  render           | Time: 00:00.04 (Saving: 00:00.01)
01:01.468  render           | Rendering frame 1345
01:01.468  render           | Start rendering: PNPLINE_MASTER_v003, ViewLayer
01:01.468  render           | Engine: Workbench
01:01.500  render           | Saved: 'F:\pnpline-landing\hero-section-video\blockout\blockout-master-v003\preview\frames\frame-1345.png'
01:01.500  render           | Time: 00:00.04 (Saving: 00:00.02)
01:01.500  render           | Rendering frame 1346
01:01.500  render           | Start rendering: PNPLINE_MASTER_v003, ViewLayer
01:01.500  render           | Engine: Workbench
01:01.547  render           | Saved: 'F:\pnpline-landing\hero-section-video\blockout\blockout-master-v003\preview\frames\frame-1346.png'
01:01.547  render           | Time: 00:00.04 (Saving: 00:00.01)
01:01.547  render           | Rendering frame 1347
01:01.547  render           | Start rendering: PNPLINE_MASTER_v003, ViewLayer
01:01.547  render           | Engine: Workbench
01:01.593  render           | Saved: 'F:\pnpline-landing\hero-section-video\blockout\blockout-master-v003\preview\frames\frame-1347.png'
01:01.593  render           | Time: 00:00.04 (Saving: 00:00.01)
01:01.593  render           | Rendering frame 1348
01:01.593  render           | Start rendering: PNPLINE_MASTER_v003, ViewLayer
01:01.593  render           | Engine: Workbench
01:01.625  render           | Saved: 'F:\pnpline-landing\hero-section-video\blockout\blockout-master-v003\preview\frames\frame-1348.png'
01:01.625  render           | Time: 00:00.04 (Saving: 00:00.01)
01:01.625  render           | Rendering frame 1349
01:01.625  render           | Start rendering: PNPLINE_MASTER_v003, ViewLayer
01:01.625  render           | Engine: Workbench
01:01.672  render           | Saved: 'F:\pnpline-landing\hero-section-video\blockout\blockout-master-v003\preview\frames\frame-1349.png'
01:01.672  render           | Time: 00:00.04 (Saving: 00:00.01)
01:01.672  render           | Rendering frame 1350
01:01.672  render           | Start rendering: PNPLINE_MASTER_v003, ViewLayer
01:01.672  render           | Engine: Workbench
01:01.718  render           | Saved: 'F:\pnpline-landing\hero-section-video\blockout\blockout-master-v003\preview\frames\frame-1350.png'
01:01.718  render           | Time: 00:00.04 (Saving: 00:00.01)
01:01.718  render           | Rendering frame 1351
01:01.718  render           | Start rendering: PNPLINE_MASTER_v003, ViewLayer
01:01.718  render           | Engine: Workbench
01:01.750  render           | Saved: 'F:\pnpline-landing\hero-section-video\blockout\blockout-master-v003\preview\frames\frame-1351.png'
01:01.750  render           | Time: 00:00.04 (Saving: 00:00.01)
01:01.750  render           | Rendering frame 1352
01:01.750  render           | Start rendering: PNPLINE_MASTER_v003, ViewLayer
01:01.750  render           | Engine: Workbench
01:01.797  render           | Saved: 'F:\pnpline-landing\hero-section-video\blockout\blockout-master-v003\preview\frames\frame-1352.png'
01:01.797  render           | Time: 00:00.04 (Saving: 00:00.01)
01:01.797  render           | Rendering frame 1353
01:01.797  render           | Start rendering: PNPLINE_MASTER_v003, ViewLayer
01:01.797  render           | Engine: Workbench
01:01.843  render           | Saved: 'F:\pnpline-landing\hero-section-video\blockout\blockout-master-v003\preview\frames\frame-1353.png'
01:01.843  render           | Time: 00:00.04 (Saving: 00:00.01)
01:01.843  render           | Rendering frame 1354
01:01.843  render           | Start rendering: PNPLINE_MASTER_v003, ViewLayer
01:01.843  render           | Engine: Workbench
01:01.875  render           | Saved: 'F:\pnpline-landing\hero-section-video\blockout\blockout-master-v003\preview\frames\frame-1354.png'
01:01.875  render           | Time: 00:00.04 (Saving: 00:00.01)
01:01.875  render           | Rendering frame 1355
01:01.875  render           | Start rendering: PNPLINE_MASTER_v003, ViewLayer
01:01.875  render           | Engine: Workbench
01:01.922  render           | Saved: 'F:\pnpline-landing\hero-section-video\blockout\blockout-master-v003\preview\frames\frame-1355.png'
01:01.922  render           | Time: 00:00.04 (Saving: 00:00.01)
01:01.922  render           | Rendering frame 1356
01:01.922  render           | Start rendering: PNPLINE_MASTER_v003, ViewLayer
01:01.922  render           | Engine: Workbench
01:01.968  render           | Saved: 'F:\pnpline-landing\hero-section-video\blockout\blockout-master-v003\preview\frames\frame-1356.png'
01:01.968  render           | Time: 00:00.04 (Saving: 00:00.01)
01:01.968  render           | Rendering frame 1357
01:01.968  render           | Start rendering: PNPLINE_MASTER_v003, ViewLayer
01:01.968  render           | Engine: Workbench
01:02.000  render           | Saved: 'F:\pnpline-landing\hero-section-video\blockout\blockout-master-v003\preview\frames\frame-1357.png'
01:02.000  render           | Time: 00:00.04 (Saving: 00:00.01)
01:02.000  render           | Rendering frame 1358
01:02.000  render           | Start rendering: PNPLINE_MASTER_v003, ViewLayer
01:02.000  render           | Engine: Workbench
01:02.047  render           | Saved: 'F:\pnpline-landing\hero-section-video\blockout\blockout-master-v003\preview\frames\frame-1358.png'
01:02.047  render           | Time: 00:00.04 (Saving: 00:00.01)
01:02.047  render           | Rendering frame 1359
01:02.047  render           | Start rendering: PNPLINE_MASTER_v003, ViewLayer
01:02.047  render           | Engine: Workbench
01:02.093  render           | Saved: 'F:\pnpline-landing\hero-section-video\blockout\blockout-master-v003\preview\frames\frame-1359.png'
01:02.093  render           | Time: 00:00.04 (Saving: 00:00.01)
01:02.093  render           | Rendering frame 1360
01:02.093  render           | Start rendering: PNPLINE_MASTER_v003, ViewLayer
01:02.093  render           | Engine: Workbench
01:02.140  render           | Saved: 'F:\pnpline-landing\hero-section-video\blockout\blockout-master-v003\preview\frames\frame-1360.png'
01:02.140  render           | Time: 00:00.04 (Saving: 00:00.02)
01:02.140  render           | Rendering frame 1361
01:02.140  render           | Start rendering: PNPLINE_MASTER_v003, ViewLayer
01:02.140  render           | Engine: Workbench
01:02.187  render           | Saved: 'F:\pnpline-landing\hero-section-video\blockout\blockout-master-v003\preview\frames\frame-1361.png'
01:02.187  render           | Time: 00:00.04 (Saving: 00:00.02)
01:02.187  render           | Rendering frame 1362
01:02.187  render           | Start rendering: PNPLINE_MASTER_v003, ViewLayer
01:02.187  render           | Engine: Workbench
01:02.234  render           | Saved: 'F:\pnpline-landing\hero-section-video\blockout\blockout-master-v003\preview\frames\frame-1362.png'
01:02.234  render           | Time: 00:00.05 (Saving: 00:00.01)
01:02.234  render           | Rendering frame 1363
01:02.234  render           | Start rendering: PNPLINE_MASTER_v003, ViewLayer
01:02.234  render           | Engine: Workbench
01:02.297  render           | Saved: 'F:\pnpline-landing\hero-section-video\blockout\blockout-master-v003\preview\frames\frame-1363.png'
01:02.297  render           | Time: 00:00.05 (Saving: 00:00.02)
01:02.297  render           | Rendering frame 1364
01:02.297  render           | Start rendering: PNPLINE_MASTER_v003, ViewLayer
01:02.297  render           | Engine: Workbench
01:02.343  render           | Saved: 'F:\pnpline-landing\hero-section-video\blockout\blockout-master-v003\preview\frames\frame-1364.png'
01:02.343  render           | Time: 00:00.04 (Saving: 00:00.02)
01:02.343  render           | Rendering frame 1365
01:02.343  render           | Start rendering: PNPLINE_MASTER_v003, ViewLayer
01:02.343  render           | Engine: Workbench
01:02.390  render           | Saved: 'F:\pnpline-landing\hero-section-video\blockout\blockout-master-v003\preview\frames\frame-1365.png'
01:02.390  render           | Time: 00:00.04 (Saving: 00:00.01)
01:02.390  render           | Rendering frame 1366
01:02.390  render           | Start rendering: PNPLINE_MASTER_v003, ViewLayer
01:02.390  render           | Engine: Workbench
01:02.437  render           | Saved: 'F:\pnpline-landing\hero-section-video\blockout\blockout-master-v003\preview\frames\frame-1366.png'
01:02.437  render           | Time: 00:00.04 (Saving: 00:00.02)
01:02.437  render           | Rendering frame 1367
01:02.437  render           | Start rendering: PNPLINE_MASTER_v003, ViewLayer
01:02.437  render           | Engine: Workbench
01:02.484  render           | Saved: 'F:\pnpline-landing\hero-section-video\blockout\blockout-master-v003\preview\frames\frame-1367.png'
01:02.484  render           | Time: 00:00.04 (Saving: 00:00.02)
01:02.484  render           | Rendering frame 1368
01:02.484  render           | Start rendering: PNPLINE_MASTER_v003, ViewLayer
01:02.484  render           | Engine: Workbench
01:02.531  render           | Saved: 'F:\pnpline-landing\hero-section-video\blockout\blockout-master-v003\preview\frames\frame-1368.png'
01:02.531  render           | Time: 00:00.05 (Saving: 00:00.02)
01:02.531  render           | Rendering frame 1369
01:02.531  render           | Start rendering: PNPLINE_MASTER_v003, ViewLayer
01:02.531  render           | Engine: Workbench
01:02.593  render           | Saved: 'F:\pnpline-landing\hero-section-video\blockout\blockout-master-v003\preview\frames\frame-1369.png'
01:02.593  render           | Time: 00:00.05 (Saving: 00:00.02)
01:02.593  render           | Rendering frame 1370
01:02.593  render           | Start rendering: PNPLINE_MASTER_v003, ViewLayer
01:02.593  render           | Engine: Workbench
01:02.640  render           | Saved: 'F:\pnpline-landing\hero-section-video\blockout\blockout-master-v003\preview\frames\frame-1370.png'
01:02.640  render           | Time: 00:00.05 (Saving: 00:00.02)
01:02.640  render           | Rendering frame 1371
01:02.640  render           | Start rendering: PNPLINE_MASTER_v003, ViewLayer
01:02.640  render           | Engine: Workbench
01:02.703  render           | Saved: 'F:\pnpline-landing\hero-section-video\blockout\blockout-master-v003\preview\frames\frame-1371.png'
01:02.703  render           | Time: 00:00.05 (Saving: 00:00.02)
01:02.703  render           | Rendering frame 1372
01:02.703  render           | Start rendering: PNPLINE_MASTER_v003, ViewLayer
01:02.703  render           | Engine: Workbench
01:02.750  render           | Saved: 'F:\pnpline-landing\hero-section-video\blockout\blockout-master-v003\preview\frames\frame-1372.png'
01:02.750  render           | Time: 00:00.05 (Saving: 00:00.02)
01:02.750  render           | Rendering frame 1373
01:02.750  render           | Start rendering: PNPLINE_MASTER_v003, ViewLayer
01:02.750  render           | Engine: Workbench
01:02.797  render           | Saved: 'F:\pnpline-landing\hero-section-video\blockout\blockout-master-v003\preview\frames\frame-1373.png'
01:02.797  render           | Time: 00:00.04 (Saving: 00:00.02)
01:02.797  render           | Rendering frame 1374
01:02.797  render           | Start rendering: PNPLINE_MASTER_v003, ViewLayer
01:02.797  render           | Engine: Workbench
01:02.843  render           | Saved: 'F:\pnpline-landing\hero-section-video\blockout\blockout-master-v003\preview\frames\frame-1374.png'
01:02.843  render           | Time: 00:00.04 (Saving: 00:00.02)
01:02.843  render           | Rendering frame 1375
01:02.843  render           | Start rendering: PNPLINE_MASTER_v003, ViewLayer
01:02.843  render           | Engine: Workbench
01:02.890  render           | Saved: 'F:\pnpline-landing\hero-section-video\blockout\blockout-master-v003\preview\frames\frame-1375.png'
01:02.890  render           | Time: 00:00.04 (Saving: 00:00.02)
01:02.890  render           | Rendering frame 1376
01:02.890  render           | Start rendering: PNPLINE_MASTER_v003, ViewLayer
01:02.890  render           | Engine: Workbench
01:02.937  render           | Saved: 'F:\pnpline-landing\hero-section-video\blockout\blockout-master-v003\preview\frames\frame-1376.png'
01:02.937  render           | Time: 00:00.04 (Saving: 00:00.02)
01:02.937  render           | Rendering frame 1377
01:02.937  render           | Start rendering: PNPLINE_MASTER_v003, ViewLayer
01:02.937  render           | Engine: Workbench
01:02.984  render           | Saved: 'F:\pnpline-landing\hero-section-video\blockout\blockout-master-v003\preview\frames\frame-1377.png'
01:02.984  render           | Time: 00:00.04 (Saving: 00:00.01)
01:02.984  render           | Rendering frame 1378
01:02.984  render           | Start rendering: PNPLINE_MASTER_v003, ViewLayer
01:02.984  render           | Engine: Workbench
01:03.031  render           | Saved: 'F:\pnpline-landing\hero-section-video\blockout\blockout-master-v003\preview\frames\frame-1378.png'
01:03.031  render           | Time: 00:00.04 (Saving: 00:00.01)
01:03.031  render           | Rendering frame 1379
01:03.031  render           | Start rendering: PNPLINE_MASTER_v003, ViewLayer
01:03.031  render           | Engine: Workbench
01:03.062  render           | Saved: 'F:\pnpline-landing\hero-section-video\blockout\blockout-master-v003\preview\frames\frame-1379.png'
01:03.062  render           | Time: 00:00.04 (Saving: 00:00.01)
01:03.062  render           | Rendering frame 1380
01:03.062  render           | Start rendering: PNPLINE_MASTER_v003, ViewLayer
01:03.062  render           | Engine: Workbench
01:03.109  render           | Saved: 'F:\pnpline-landing\hero-section-video\blockout\blockout-master-v003\preview\frames\frame-1380.png'
01:03.109  render           | Time: 00:00.04 (Saving: 00:00.01)
01:03.109  render           | Rendering frame 1381
01:03.109  render           | Start rendering: PNPLINE_MASTER_v003, ViewLayer
01:03.109  render           | Engine: Workbench
01:03.156  render           | Saved: 'F:\pnpline-landing\hero-section-video\blockout\blockout-master-v003\preview\frames\frame-1381.png'
01:03.156  render           | Time: 00:00.04 (Saving: 00:00.01)
01:03.156  render           | Rendering frame 1382
01:03.156  render           | Start rendering: PNPLINE_MASTER_v003, ViewLayer
01:03.156  render           | Engine: Workbench
01:03.203  render           | Saved: 'F:\pnpline-landing\hero-section-video\blockout\blockout-master-v003\preview\frames\frame-1382.png'
01:03.203  render           | Time: 00:00.04 (Saving: 00:00.02)
01:03.203  render           | Rendering frame 1383
01:03.203  render           | Start rendering: PNPLINE_MASTER_v003, ViewLayer
01:03.203  render           | Engine: Workbench
01:03.250  render           | Saved: 'F:\pnpline-landing\hero-section-video\blockout\blockout-master-v003\preview\frames\frame-1383.png'
01:03.250  render           | Time: 00:00.04 (Saving: 00:00.01)
01:03.250  render           | Rendering frame 1384
01:03.250  render           | Start rendering: PNPLINE_MASTER_v003, ViewLayer
01:03.250  render           | Engine: Workbench
01:03.281  render           | Saved: 'F:\pnpline-landing\hero-section-video\blockout\blockout-master-v003\preview\frames\frame-1384.png'
01:03.281  render           | Time: 00:00.04 (Saving: 00:00.01)
01:03.281  render           | Rendering frame 1385
01:03.281  render           | Start rendering: PNPLINE_MASTER_v003, ViewLayer
01:03.281  render           | Engine: Workbench
01:03.328  render           | Saved: 'F:\pnpline-landing\hero-section-video\blockout\blockout-master-v003\preview\frames\frame-1385.png'
01:03.328  render           | Time: 00:00.04 (Saving: 00:00.02)
01:03.328  render           | Rendering frame 1386
01:03.328  render           | Start rendering: PNPLINE_MASTER_v003, ViewLayer
01:03.328  render           | Engine: Workbench
01:03.390  render           | Saved: 'F:\pnpline-landing\hero-section-video\blockout\blockout-master-v003\preview\frames\frame-1386.png'
01:03.390  render           | Time: 00:00.05 (Saving: 00:00.02)
01:03.390  render           | Rendering frame 1387
01:03.390  render           | Start rendering: PNPLINE_MASTER_v003, ViewLayer
01:03.390  render           | Engine: Workbench
01:03.437  render           | Saved: 'F:\pnpline-landing\hero-section-video\blockout\blockout-master-v003\preview\frames\frame-1387.png'
01:03.437  render           | Time: 00:00.05 (Saving: 00:00.02)
01:03.437  render           | Rendering frame 1388
01:03.437  render           | Start rendering: PNPLINE_MASTER_v003, ViewLayer
01:03.437  render           | Engine: Workbench
01:03.500  render           | Saved: 'F:\pnpline-landing\hero-section-video\blockout\blockout-master-v003\preview\frames\frame-1388.png'
01:03.500  render           | Time: 00:00.04 (Saving: 00:00.02)
01:03.500  render           | Rendering frame 1389
01:03.500  render           | Start rendering: PNPLINE_MASTER_v003, ViewLayer
01:03.500  render           | Engine: Workbench
01:03.547  render           | Saved: 'F:\pnpline-landing\hero-section-video\blockout\blockout-master-v003\preview\frames\frame-1389.png'
01:03.547  render           | Time: 00:00.04 (Saving: 00:00.02)
01:03.547  render           | Rendering frame 1390
01:03.547  render           | Start rendering: PNPLINE_MASTER_v003, ViewLayer
01:03.547  render           | Engine: Workbench
01:03.593  render           | Saved: 'F:\pnpline-landing\hero-section-video\blockout\blockout-master-v003\preview\frames\frame-1390.png'
01:03.593  render           | Time: 00:00.04 (Saving: 00:00.01)
01:03.593  render           | Rendering frame 1391
01:03.593  render           | Start rendering: PNPLINE_MASTER_v003, ViewLayer
01:03.593  render           | Engine: Workbench
01:03.640  render           | Saved: 'F:\pnpline-landing\hero-section-video\blockout\blockout-master-v003\preview\frames\frame-1391.png'
01:03.640  render           | Time: 00:00.04 (Saving: 00:00.01)
01:03.640  render           | Rendering frame 1392
01:03.640  render           | Start rendering: PNPLINE_MASTER_v003, ViewLayer
01:03.640  render           | Engine: Workbench
01:03.687  render           | Saved: 'F:\pnpline-landing\hero-section-video\blockout\blockout-master-v003\preview\frames\frame-1392.png'
01:03.687  render           | Time: 00:00.04 (Saving: 00:00.01)

Blender quit
