00:01.093  blend            | Read blend: "F:\pnpline-landing\hero-section-video\blockout\blockout-master-v001\master-v001.blend"
00:01.828  render           | Saved: 'F:\pnpline-landing\hero-section-video\blockout\blockout-master-v001\review\main-f0001.png'
00:01.906  render           | Saved: 'F:\pnpline-landing\hero-section-video\blockout\blockout-master-v001\review\main-f0060.png'
00:01.984  render           | Saved: 'F:\pnpline-landing\hero-section-video\blockout\blockout-master-v001\review\main-f0084.png'
00:02.062  render           | Saved: 'F:\pnpline-landing\hero-section-video\blockout\blockout-master-v001\review\main-f0096.png'
00:02.140  render           | Saved: 'F:\pnpline-landing\hero-section-video\blockout\blockout-master-v001\review\main-f0160.png'
00:02.218  render           | Saved: 'F:\pnpline-landing\hero-section-video\blockout\blockout-master-v001\review\main-f0216.png'
00:02.296  render           | Saved: 'F:\pnpline-landing\hero-section-video\blockout\blockout-master-v001\review\main-f0275.png'
00:02.375  render           | Saved: 'F:\pnpline-landing\hero-section-video\blockout\blockout-master-v001\review\main-f0325.png'
00:02.453  render           | Saved: 'F:\pnpline-landing\hero-section-video\blockout\blockout-master-v001\review\main-f0380.png'
00:02.531  render           | Saved: 'F:\pnpline-landing\hero-section-video\blockout\blockout-master-v001\review\main-f0420.png'
00:02.609  render           | Saved: 'F:\pnpline-landing\hero-section-video\blockout\blockout-master-v001\review\main-f0456.png'
00:02.687  render           | Saved: 'F:\pnpline-landing\hero-section-video\blockout\blockout-master-v001\review\main-f0510.png'
00:02.781  render           | Saved: 'F:\pnpline-landing\hero-section-video\blockout\blockout-master-v001\review\main-f0552.png'
00:02.859  render           | Saved: 'F:\pnpline-landing\hero-section-video\blockout\blockout-master-v001\review\main-f0580.png'
00:02.937  render           | Saved: 'F:\pnpline-landing\hero-section-video\blockout\blockout-master-v001\review\main-f0632.png'
00:03.031  render           | Saved: 'F:\pnpline-landing\hero-section-video\blockout\blockout-master-v001\review\main-f0648.png'
00:03.109  render           | Saved: 'F:\pnpline-landing\hero-section-video\blockout\blockout-master-v001\review\main-f0710.png'
00:03.187  render           | Saved: 'F:\pnpline-landing\hero-section-video\blockout\blockout-master-v001\review\main-f0760.png'
00:03.265  render           | Saved: 'F:\pnpline-landing\hero-section-video\blockout\blockout-master-v001\review\main-f0810.png'
00:03.343  render           | Saved: 'F:\pnpline-landing\hero-section-video\blockout\blockout-master-v001\review\main-f0842.png'
00:03.421  render           | Saved: 'F:\pnpline-landing\hero-section-video\blockout\blockout-master-v001\review\main-f0872.png'
00:03.500  render           | Saved: 'F:\pnpline-landing\hero-section-video\blockout\blockout-master-v001\review\main-f0900.png'
00:03.578  render           | Saved: 'F:\pnpline-landing\hero-section-video\blockout\blockout-master-v001\review\main-f0935.png'
00:03.656  render           | Saved: 'F:\pnpline-landing\hero-section-video\blockout\blockout-master-v001\review\main-f0966.png'
00:03.734  render           | Saved: 'F:\pnpline-landing\hero-section-video\blockout\blockout-master-v001\review\main-f1015.png'
00:03.828  render           | Saved: 'F:\pnpline-landing\hero-section-video\blockout\blockout-master-v001\review\main-f1060.png'
00:03.906  render           | Saved: 'F:\pnpline-landing\hero-section-video\blockout\blockout-master-v001\review\main-f1105.png'
00:03.984  render           | Saved: 'F:\pnpline-landing\hero-section-video\blockout\blockout-master-v001\review\main-f1158.png'
00:04.078  render           | Saved: 'F:\pnpline-landing\hero-section-video\blockout\blockout-master-v001\review\main-f1200.png'
00:04.156  render           | Saved: 'F:\pnpline-landing\hero-section-video\blockout\blockout-master-v001\review\main-f1260.png'
00:04.250  render           | Saved: 'F:\pnpline-landing\hero-section-video\blockout\blockout-master-v001\review\main-f1320.png'
00:04.343  render           | Saved: 'F:\pnpline-landing\hero-section-video\blockout\blockout-master-v001\review\main-f1392.png'
00:04.437  render           | Saved: 'F:\pnpline-landing\hero-section-video\blockout\blockout-master-v001\review\world-layout-f0325.png'
00:04.546  render           | Saved: 'F:\pnpline-landing\hero-section-video\blockout\blockout-master-v001\review\china-departure-f0160.png'
00:04.640  render           | Saved: 'F:\pnpline-landing\hero-section-video\blockout\blockout-master-v001\review\us-network-f1200.png'
00:04.734  render           | Saved: 'F:\pnpline-landing\hero-section-video\blockout\blockout-master-v001\review\warehouse-layout-f1060.png'
00:04.828  render           | Saved: 'F:\pnpline-landing\hero-section-video\blockout\blockout-master-v001\review\S5-yard-top-f0710.png'
00:04.906  render           | Saved: 'F:\pnpline-landing\hero-section-video\blockout\blockout-master-v001\review\S5-yard-side-f0710.png'
00:05.000  render           | Saved: 'F:\pnpline-landing\hero-section-video\blockout\blockout-master-v001\review\S5-yard-top-f0760.png'
00:05.093  render           | Saved: 'F:\pnpline-landing\hero-section-video\blockout\blockout-master-v001\review\S5-yard-side-f0760.png'
00:05.171  render           | Saved: 'F:\pnpline-landing\hero-section-video\blockout\blockout-master-v001\review\S5-yard-top-f0810.png'
00:05.265  render           | Saved: 'F:\pnpline-landing\hero-section-video\blockout\blockout-master-v001\review\S5-yard-side-f0810.png'
00:05.343  render           | Saved: 'F:\pnpline-landing\hero-section-video\blockout\blockout-master-v001\review\S5-yard-top-f0842.png'
00:05.437  render           | Saved: 'F:\pnpline-landing\hero-section-video\blockout\blockout-master-v001\review\S5-yard-side-f0842.png'
00:05.515  render           | Saved: 'F:\pnpline-landing\hero-section-video\blockout\blockout-master-v001\review\S5-yard-top-f0872.png'
00:05.609  render           | Saved: 'F:\pnpline-landing\hero-section-video\blockout\blockout-master-v001\review\S5-yard-side-f0872.png'
00:05.687  render           | Saved: 'F:\pnpline-landing\hero-section-video\blockout\blockout-master-v001\review\S5-yard-top-f0900.png'
00:05.781  render           | Saved: 'F:\pnpline-landing\hero-section-video\blockout\blockout-master-v001\review\S5-yard-side-f0900.png'
00:05.875  render           | Saved: 'F:\pnpline-landing\hero-section-video\blockout\blockout-master-v001\review\boundary-96-f0095.png'
00:05.984  render           | Saved: 'F:\pnpline-landing\hero-section-video\blockout\blockout-master-v001\review\boundary-96-f0096.png'
00:06.078  render           | Saved: 'F:\pnpline-landing\hero-section-video\blockout\blockout-master-v001\review\boundary-96-f0097.png'
00:06.156  render           | Saved: 'F:\pnpline-landing\hero-section-video\blockout\blockout-master-v001\review\boundary-216-f0215.png'
00:06.250  render           | Saved: 'F:\pnpline-landing\hero-section-video\blockout\blockout-master-v001\review\boundary-216-f0216.png'
00:06.343  render           | Saved: 'F:\pnpline-landing\hero-section-video\blockout\blockout-master-v001\review\boundary-216-f0217.png'
00:06.437  render           | Saved: 'F:\pnpline-landing\hero-section-video\blockout\blockout-master-v001\review\boundary-456-f0455.png'
00:06.531  render           | Saved: 'F:\pnpline-landing\hero-section-video\blockout\blockout-master-v001\review\boundary-456-f0456.png'
00:06.609  render           | Saved: 'F:\pnpline-landing\hero-section-video\blockout\blockout-master-v001\review\boundary-456-f0457.png'
00:06.703  render           | Saved: 'F:\pnpline-landing\hero-section-video\blockout\blockout-master-v001\review\boundary-648-f0647.png'
00:06.796  render           | Saved: 'F:\pnpline-landing\hero-section-video\blockout\blockout-master-v001\review\boundary-648-f0648.png'
00:06.906  render           | Saved: 'F:\pnpline-landing\hero-section-video\blockout\blockout-master-v001\review\boundary-648-f0649.png'
00:07.000  render           | Saved: 'F:\pnpline-landing\hero-section-video\blockout\blockout-master-v001\review\boundary-900-f0899.png'
00:07.093  render           | Saved: 'F:\pnpline-landing\hero-section-video\blockout\blockout-master-v001\review\boundary-900-f0900.png'
00:07.203  render           | Saved: 'F:\pnpline-landing\hero-section-video\blockout\blockout-master-v001\review\boundary-900-f0901.png'
00:07.296  render           | Saved: 'F:\pnpline-landing\hero-section-video\blockout\blockout-master-v001\review\boundary-1200-f1199.png'
00:07.390  render           | Saved: 'F:\pnpline-landing\hero-section-video\blockout\blockout-master-v001\review\boundary-1200-f1200.png'
00:07.500  render           | Saved: 'F:\pnpline-landing\hero-section-video\blockout\blockout-master-v001\review\boundary-1200-f1201.png'
REVIEW_RENDERED 32 main frames
00:07.609  render           | Saved: 'F:\pnpline-landing\hero-section-video\blockout\blockout-master-v001\review\boundary-1200-f1201.png0001.png'
00:07.671  render           | Saved: 'F:\pnpline-landing\hero-section-video\blockout\blockout-master-v001\review\boundary-1200-f1201.png0002.png'
00:07.734  render           | Saved: 'F:\pnpline-landing\hero-section-video\blockout\blockout-master-v001\review\boundary-1200-f1201.png0003.png'
00:07.796  render           | Saved: 'F:\pnpline-landing\hero-section-video\blockout\blockout-master-v001\review\boundary-1200-f1201.png0004.png'
00:07.875  render           | Saved: 'F:\pnpline-landing\hero-section-video\blockout\blockout-master-v001\review\boundary-1200-f1201.png0005.png'
00:07.937  render           | Saved: 'F:\pnpline-landing\hero-section-video\blockout\blockout-master-v001\review\boundary-1200-f1201.png0006.png'
00:08.000  render           | Saved: 'F:\pnpline-landing\hero-section-video\blockout\blockout-master-v001\review\boundary-1200-f1201.png0007.png'
00:08.062  render           | Saved: 'F:\pnpline-landing\hero-section-video\blockout\blockout-master-v001\review\boundary-1200-f1201.png0008.png'
00:08.125  render           | Saved: 'F:\pnpline-landing\hero-section-video\blockout\blockout-master-v001\review\boundary-1200-f1201.png0009.png'
00:08.171  render           | Saved: 'F:\pnpline-landing\hero-section-video\blockout\blockout-master-v001\review\boundary-1200-f1201.png0010.png'
00:08.234  render           | Saved: 'F:\pnpline-landing\hero-section-video\blockout\blockout-master-v001\review\boundary-1200-f1201.png0011.png'
00:08.281  render           | Saved: 'F:\pnpline-landing\hero-section-video\blockout\blockout-master-v001\review\boundary-1200-f1201.png0012.png'
00:08.343  render           | Saved: 'F:\pnpline-landing\hero-section-video\blockout\blockout-master-v001\review\boundary-1200-f1201.png0013.png'
00:08.406  render           | Saved: 'F:\pnpline-landing\hero-section-video\blockout\blockout-master-v001\review\boundary-1200-f1201.png0014.png'
00:08.468  render           | Saved: 'F:\pnpline-landing\hero-section-video\blockout\blockout-master-v001\review\boundary-1200-f1201.png0015.png'
00:08.515  render           | Saved: 'F:\pnpline-landing\hero-section-video\blockout\blockout-master-v001\review\boundary-1200-f1201.png0016.png'
00:08.578  render           | Saved: 'F:\pnpline-landing\hero-section-video\blockout\blockout-master-v001\review\boundary-1200-f1201.png0017.png'
00:08.625  render           | Saved: 'F:\pnpline-landing\hero-section-video\blockout\blockout-master-v001\review\boundary-1200-f1201.png0018.png'
00:08.687  render           | Saved: 'F:\pnpline-landing\hero-section-video\blockout\blockout-master-v001\review\boundary-1200-f1201.png0019.png'
00:08.750  render           | Saved: 'F:\pnpline-landing\hero-section-video\blockout\blockout-master-v001\review\boundary-1200-f1201.png0020.png'
00:08.796  render           | Saved: 'F:\pnpline-landing\hero-section-video\blockout\blockout-master-v001\review\boundary-1200-f1201.png0021.png'
00:08.859  render           | Saved: 'F:\pnpline-landing\hero-section-video\blockout\blockout-master-v001\review\boundary-1200-f1201.png0022.png'
00:08.921  render           | Saved: 'F:\pnpline-landing\hero-section-video\blockout\blockout-master-v001\review\boundary-1200-f1201.png0023.png'
00:08.968  render           | Saved: 'F:\pnpline-landing\hero-section-video\blockout\blockout-master-v001\review\boundary-1200-f1201.png0024.png'
00:09.031  render           | Saved: 'F:\pnpline-landing\hero-section-video\blockout\blockout-master-v001\review\boundary-1200-f1201.png0025.png'
00:09.093  render           | Saved: 'F:\pnpline-landing\hero-section-video\blockout\blockout-master-v001\review\boundary-1200-f1201.png0026.png'
00:09.140  render           | Saved: 'F:\pnpline-landing\hero-section-video\blockout\blockout-master-v001\review\boundary-1200-f1201.png0027.png'
00:09.203  render           | Saved: 'F:\pnpline-landing\hero-section-video\blockout\blockout-master-v001\review\boundary-1200-f1201.png0028.png'
00:09.250  render           | Saved: 'F:\pnpline-landing\hero-section-video\blockout\blockout-master-v001\review\boundary-1200-f1201.png0029.png'
00:09.312  render           | Saved: 'F:\pnpline-landing\hero-section-video\blockout\blockout-master-v001\review\boundary-1200-f1201.png0030.png'
00:09.375  render           | Saved: 'F:\pnpline-landing\hero-section-video\blockout\blockout-master-v001\review\boundary-1200-f1201.png0031.png'
00:09.421  render           | Saved: 'F:\pnpline-landing\hero-section-video\blockout\blockout-master-v001\review\boundary-1200-f1201.png0032.png'
00:09.484  render           | Saved: 'F:\pnpline-landing\hero-section-video\blockout\blockout-master-v001\review\boundary-1200-f1201.png0033.png'
00:09.546  render           | Saved: 'F:\pnpline-landing\hero-section-video\blockout\blockout-master-v001\review\boundary-1200-f1201.png0034.png'
00:09.593  render           | Saved: 'F:\pnpline-landing\hero-section-video\blockout\blockout-master-v001\review\boundary-1200-f1201.png0035.png'
00:09.656  render           | Saved: 'F:\pnpline-landing\hero-section-video\blockout\blockout-master-v001\review\boundary-1200-f1201.png0036.png'
00:09.703  render           | Saved: 'F:\pnpline-landing\hero-section-video\blockout\blockout-master-v001\review\boundary-1200-f1201.png0037.png'
00:09.765  render           | Saved: 'F:\pnpline-landing\hero-section-video\blockout\blockout-master-v001\review\boundary-1200-f1201.png0038.png'
00:09.828  render           | Saved: 'F:\pnpline-landing\hero-section-video\blockout\blockout-master-v001\review\boundary-1200-f1201.png0039.png'
00:09.875  render           | Saved: 'F:\pnpline-landing\hero-section-video\blockout\blockout-master-v001\review\boundary-1200-f1201.png0040.png'
00:09.937  render           | Saved: 'F:\pnpline-landing\hero-section-video\blockout\blockout-master-v001\review\boundary-1200-f1201.png0041.png'
00:10.000  render           | Saved: 'F:\pnpline-landing\hero-section-video\blockout\blockout-master-v001\review\boundary-1200-f1201.png0042.png'
00:10.062  render           | Saved: 'F:\pnpline-landing\hero-section-video\blockout\blockout-master-v001\review\boundary-1200-f1201.png0043.png'
00:10.109  render           | Saved: 'F:\pnpline-landing\hero-section-video\blockout\blockout-master-v001\review\boundary-1200-f1201.png0044.png'
00:10.171  render           | Saved: 'F:\pnpline-landing\hero-section-video\blockout\blockout-master-v001\review\boundary-1200-f1201.png0045.png'
00:10.234  render           | Saved: 'F:\pnpline-landing\hero-section-video\blockout\blockout-master-v001\review\boundary-1200-f1201.png0046.png'
00:10.281  render           | Saved: 'F:\pnpline-landing\hero-section-video\blockout\blockout-master-v001\review\boundary-1200-f1201.png0047.png'
00:10.343  render           | Saved: 'F:\pnpline-landing\hero-section-video\blockout\blockout-master-v001\review\boundary-1200-f1201.png0048.png'
00:10.406  render           | Saved: 'F:\pnpline-landing\hero-section-video\blockout\blockout-master-v001\review\boundary-1200-f1201.png0049.png'
00:10.453  render           | Saved: 'F:\pnpline-landing\hero-section-video\blockout\blockout-master-v001\review\boundary-1200-f1201.png0050.png'
00:10.515  render           | Saved: 'F:\pnpline-landing\hero-section-video\blockout\blockout-master-v001\review\boundary-1200-f1201.png0051.png'
00:10.578  render           | Saved: 'F:\pnpline-landing\hero-section-video\blockout\blockout-master-v001\review\boundary-1200-f1201.png0052.png'
00:10.625  render           | Saved: 'F:\pnpline-landing\hero-section-video\blockout\blockout-master-v001\review\boundary-1200-f1201.png0053.png'
00:10.687  render           | Saved: 'F:\pnpline-landing\hero-section-video\blockout\blockout-master-v001\review\boundary-1200-f1201.png0054.png'
00:10.734  render           | Saved: 'F:\pnpline-landing\hero-section-video\blockout\blockout-master-v001\review\boundary-1200-f1201.png0055.png'
00:10.796  render           | Saved: 'F:\pnpline-landing\hero-section-video\blockout\blockout-master-v001\review\boundary-1200-f1201.png0056.png'
00:10.859  render           | Saved: 'F:\pnpline-landing\hero-section-video\blockout\blockout-master-v001\review\boundary-1200-f1201.png0057.png'
00:10.906  render           | Saved: 'F:\pnpline-landing\hero-section-video\blockout\blockout-master-v001\review\boundary-1200-f1201.png0058.png'
00:10.968  render           | Saved: 'F:\pnpline-landing\hero-section-video\blockout\blockout-master-v001\review\boundary-1200-f1201.png0059.png'
00:11.031  render           | Saved: 'F:\pnpline-landing\hero-section-video\blockout\blockout-master-v001\review\boundary-1200-f1201.png0060.png'
00:11.078  render           | Saved: 'F:\pnpline-landing\hero-section-video\blockout\blockout-master-v001\review\boundary-1200-f1201.png0061.png'
00:11.140  render           | Saved: 'F:\pnpline-landing\hero-section-video\blockout\blockout-master-v001\review\boundary-1200-f1201.png0062.png'
00:11.203  render           | Saved: 'F:\pnpline-landing\hero-section-video\blockout\blockout-master-v001\review\boundary-1200-f1201.png0063.png'
00:11.250  render           | Saved: 'F:\pnpline-landing\hero-section-video\blockout\blockout-master-v001\review\boundary-1200-f1201.png0064.png'
00:11.312  render           | Saved: 'F:\pnpline-landing\hero-section-video\blockout\blockout-master-v001\review\boundary-1200-f1201.png0065.png'
00:11.375  render           | Saved: 'F:\pnpline-landing\hero-section-video\blockout\blockout-master-v001\review\boundary-1200-f1201.png0066.png'
00:11.421  render           | Saved: 'F:\pnpline-landing\hero-section-video\blockout\blockout-master-v001\review\boundary-1200-f1201.png0067.png'
00:11.484  render           | Saved: 'F:\pnpline-landing\hero-section-video\blockout\blockout-master-v001\review\boundary-1200-f1201.png0068.png'
00:11.546  render           | Saved: 'F:\pnpline-landing\hero-section-video\blockout\blockout-master-v001\review\boundary-1200-f1201.png0069.png'
00:11.593  render           | Saved: 'F:\pnpline-landing\hero-section-video\blockout\blockout-master-v001\review\boundary-1200-f1201.png0070.png'
00:11.656  render           | Saved: 'F:\pnpline-landing\hero-section-video\blockout\blockout-master-v001\review\boundary-1200-f1201.png0071.png'
00:11.703  render           | Saved: 'F:\pnpline-landing\hero-section-video\blockout\blockout-master-v001\review\boundary-1200-f1201.png0072.png'
00:11.765  render           | Saved: 'F:\pnpline-landing\hero-section-video\blockout\blockout-master-v001\review\boundary-1200-f1201.png0073.png'
00:11.828  render           | Saved: 'F:\pnpline-landing\hero-section-video\blockout\blockout-master-v001\review\boundary-1200-f1201.png0074.png'
00:11.875  render           | Saved: 'F:\pnpline-landing\hero-section-video\blockout\blockout-master-v001\review\boundary-1200-f1201.png0075.png'
00:11.937  render           | Saved: 'F:\pnpline-landing\hero-section-video\blockout\blockout-master-v001\review\boundary-1200-f1201.png0076.png'
00:12.000  render           | Saved: 'F:\pnpline-landing\hero-section-video\blockout\blockout-master-v001\review\boundary-1200-f1201.png0077.png'
00:12.046  render           | Saved: 'F:\pnpline-landing\hero-section-video\blockout\blockout-master-v001\review\boundary-1200-f1201.png0078.png'
00:12.109  render           | Saved: 'F:\pnpline-landing\hero-section-video\blockout\blockout-master-v001\review\boundary-1200-f1201.png0079.png'
00:12.171  render           | Saved: 'F:\pnpline-landing\hero-section-video\blockout\blockout-master-v001\review\boundary-1200-f1201.png0080.png'
00:12.218  render           | Saved: 'F:\pnpline-landing\hero-section-video\blockout\blockout-master-v001\review\boundary-1200-f1201.png0081.png'
00:12.281  render           | Saved: 'F:\pnpline-landing\hero-section-video\blockout\blockout-master-v001\review\boundary-1200-f1201.png0082.png'
00:12.328  render           | Saved: 'F:\pnpline-landing\hero-section-video\blockout\blockout-master-v001\review\boundary-1200-f1201.png0083.png'
00:12.390  render           | Saved: 'F:\pnpline-landing\hero-section-video\blockout\blockout-master-v001\review\boundary-1200-f1201.png0084.png'
00:12.453  render           | Saved: 'F:\pnpline-landing\hero-section-video\blockout\blockout-master-v001\review\boundary-1200-f1201.png0085.png'
00:12.515  render           | Saved: 'F:\pnpline-landing\hero-section-video\blockout\blockout-master-v001\review\boundary-1200-f1201.png0086.png'
00:12.562  render           | Saved: 'F:\pnpline-landing\hero-section-video\blockout\blockout-master-v001\review\boundary-1200-f1201.png0087.png'
00:12.625  render           | Saved: 'F:\pnpline-landing\hero-section-video\blockout\blockout-master-v001\review\boundary-1200-f1201.png0088.png'
00:12.671  render           | Saved: 'F:\pnpline-landing\hero-section-video\blockout\blockout-master-v001\review\boundary-1200-f1201.png0089.png'
00:12.734  render           | Saved: 'F:\pnpline-landing\hero-section-video\blockout\blockout-master-v001\review\boundary-1200-f1201.png0090.png'
00:12.796  render           | Saved: 'F:\pnpline-landing\hero-section-video\blockout\blockout-master-v001\review\boundary-1200-f1201.png0091.png'
00:12.843  render           | Saved: 'F:\pnpline-landing\hero-section-video\blockout\blockout-master-v001\review\boundary-1200-f1201.png0092.png'
00:12.906  render           | Saved: 'F:\pnpline-landing\hero-section-video\blockout\blockout-master-v001\review\boundary-1200-f1201.png0093.png'
00:12.953  render           | Saved: 'F:\pnpline-landing\hero-section-video\blockout\blockout-master-v001\review\boundary-1200-f1201.png0094.png'
00:13.015  render           | Saved: 'F:\pnpline-landing\hero-section-video\blockout\blockout-master-v001\review\boundary-1200-f1201.png0095.png'
00:13.078  render           | Saved: 'F:\pnpline-landing\hero-section-video\blockout\blockout-master-v001\review\boundary-1200-f1201.png0096.png'
00:13.140  render           | Saved: 'F:\pnpline-landing\hero-section-video\blockout\blockout-master-v001\review\boundary-1200-f1201.png0097.png'
00:13.187  render           | Saved: 'F:\pnpline-landing\hero-section-video\blockout\blockout-master-v001\review\boundary-1200-f1201.png0098.png'
00:13.250  render           | Saved: 'F:\pnpline-landing\hero-section-video\blockout\blockout-master-v001\review\boundary-1200-f1201.png0099.png'
00:13.312  render           | Saved: 'F:\pnpline-landing\hero-section-video\blockout\blockout-master-v001\review\boundary-1200-f1201.png0100.png'
00:13.359  render           | Saved: 'F:\pnpline-landing\hero-section-video\blockout\blockout-master-v001\review\boundary-1200-f1201.png0101.png'
00:13.421  render           | Saved: 'F:\pnpline-landing\hero-section-video\blockout\blockout-master-v001\review\boundary-1200-f1201.png0102.png'
00:13.468  render           | Saved: 'F:\pnpline-landing\hero-section-video\blockout\blockout-master-v001\review\boundary-1200-f1201.png0103.png'
00:13.531  render           | Saved: 'F:\pnpline-landing\hero-section-video\blockout\blockout-master-v001\review\boundary-1200-f1201.png0104.png'
00:13.593  render           | Saved: 'F:\pnpline-landing\hero-section-video\blockout\blockout-master-v001\review\boundary-1200-f1201.png0105.png'
00:13.656  render           | Saved: 'F:\pnpline-landing\hero-section-video\blockout\blockout-master-v001\review\boundary-1200-f1201.png0106.png'
00:13.703  render           | Saved: 'F:\pnpline-landing\hero-section-video\blockout\blockout-master-v001\review\boundary-1200-f1201.png0107.png'
00:13.765  render           | Saved: 'F:\pnpline-landing\hero-section-video\blockout\blockout-master-v001\review\boundary-1200-f1201.png0108.png'
00:13.828  render           | Saved: 'F:\pnpline-landing\hero-section-video\blockout\blockout-master-v001\review\boundary-1200-f1201.png0109.png'
00:13.875  render           | Saved: 'F:\pnpline-landing\hero-section-video\blockout\blockout-master-v001\review\boundary-1200-f1201.png0110.png'
00:13.953  render           | Saved: 'F:\pnpline-landing\hero-section-video\blockout\blockout-master-v001\review\boundary-1200-f1201.png0111.png'
00:14.015  render           | Saved: 'F:\pnpline-landing\hero-section-video\blockout\blockout-master-v001\review\boundary-1200-f1201.png0112.png'
00:14.078  render           | Saved: 'F:\pnpline-landing\hero-section-video\blockout\blockout-master-v001\review\boundary-1200-f1201.png0113.png'
00:14.140  render           | Saved: 'F:\pnpline-landing\hero-section-video\blockout\blockout-master-v001\review\boundary-1200-f1201.png0114.png'
00:14.203  render           | Saved: 'F:\pnpline-landing\hero-section-video\blockout\blockout-master-v001\review\boundary-1200-f1201.png0115.png'
00:14.265  render           | Saved: 'F:\pnpline-landing\hero-section-video\blockout\blockout-master-v001\review\boundary-1200-f1201.png0116.png'
00:14.312  render           | Saved: 'F:\pnpline-landing\hero-section-video\blockout\blockout-master-v001\review\boundary-1200-f1201.png0117.png'
00:14.375  render           | Saved: 'F:\pnpline-landing\hero-section-video\blockout\blockout-master-v001\review\boundary-1200-f1201.png0118.png'
00:14.437  render           | Saved: 'F:\pnpline-landing\hero-section-video\blockout\blockout-master-v001\review\boundary-1200-f1201.png0119.png'
00:14.500  render           | Saved: 'F:\pnpline-landing\hero-section-video\blockout\blockout-master-v001\review\boundary-1200-f1201.png0120.png'
00:14.562  render           | Saved: 'F:\pnpline-landing\hero-section-video\blockout\blockout-master-v001\review\boundary-1200-f1201.png0121.png'
00:14.625  render           | Saved: 'F:\pnpline-landing\hero-section-video\blockout\blockout-master-v001\review\boundary-1200-f1201.png0122.png'
00:14.671  render           | Saved: 'F:\pnpline-landing\hero-section-video\blockout\blockout-master-v001\review\boundary-1200-f1201.png0123.png'
00:14.734  render           | Saved: 'F:\pnpline-landing\hero-section-video\blockout\blockout-master-v001\review\boundary-1200-f1201.png0124.png'
00:14.796  render           | Saved: 'F:\pnpline-landing\hero-section-video\blockout\blockout-master-v001\review\boundary-1200-f1201.png0125.png'
00:14.859  render           | Saved: 'F:\pnpline-landing\hero-section-video\blockout\blockout-master-v001\review\boundary-1200-f1201.png0126.png'
00:14.906  render           | Saved: 'F:\pnpline-landing\hero-section-video\blockout\blockout-master-v001\review\boundary-1200-f1201.png0127.png'
00:14.968  render           | Saved: 'F:\pnpline-landing\hero-section-video\blockout\blockout-master-v001\review\boundary-1200-f1201.png0128.png'
00:15.031  render           | Saved: 'F:\pnpline-landing\hero-section-video\blockout\blockout-master-v001\review\boundary-1200-f1201.png0129.png'
00:15.078  render           | Saved: 'F:\pnpline-landing\hero-section-video\blockout\blockout-master-v001\review\boundary-1200-f1201.png0130.png'
00:15.140  render           | Saved: 'F:\pnpline-landing\hero-section-video\blockout\blockout-master-v001\review\boundary-1200-f1201.png0131.png'
00:15.187  render           | Saved: 'F:\pnpline-landing\hero-section-video\blockout\blockout-master-v001\review\boundary-1200-f1201.png0132.png'
00:15.250  render           | Saved: 'F:\pnpline-landing\hero-section-video\blockout\blockout-master-v001\review\boundary-1200-f1201.png0133.png'
00:15.296  render           | Saved: 'F:\pnpline-landing\hero-section-video\blockout\blockout-master-v001\review\boundary-1200-f1201.png0134.png'
00:15.359  render           | Saved: 'F:\pnpline-landing\hero-section-video\blockout\blockout-master-v001\review\boundary-1200-f1201.png0135.png'
00:15.421  render           | Saved: 'F:\pnpline-landing\hero-section-video\blockout\blockout-master-v001\review\boundary-1200-f1201.png0136.png'
00:15.468  render           | Saved: 'F:\pnpline-landing\hero-section-video\blockout\blockout-master-v001\review\boundary-1200-f1201.png0137.png'
00:15.531  render           | Saved: 'F:\pnpline-landing\hero-section-video\blockout\blockout-master-v001\review\boundary-1200-f1201.png0138.png'
00:15.578  render           | Saved: 'F:\pnpline-landing\hero-section-video\blockout\blockout-master-v001\review\boundary-1200-f1201.png0139.png'
00:15.640  render           | Saved: 'F:\pnpline-landing\hero-section-video\blockout\blockout-master-v001\review\boundary-1200-f1201.png0140.png'
00:15.687  render           | Saved: 'F:\pnpline-landing\hero-section-video\blockout\blockout-master-v001\review\boundary-1200-f1201.png0141.png'
00:15.750  render           | Saved: 'F:\pnpline-landing\hero-section-video\blockout\blockout-master-v001\review\boundary-1200-f1201.png0142.png'
00:15.796  render           | Saved: 'F:\pnpline-landing\hero-section-video\blockout\blockout-master-v001\review\boundary-1200-f1201.png0143.png'
00:15.843  render           | Saved: 'F:\pnpline-landing\hero-section-video\blockout\blockout-master-v001\review\boundary-1200-f1201.png0144.png'
00:15.906  render           | Saved: 'F:\pnpline-landing\hero-section-video\blockout\blockout-master-v001\review\boundary-1200-f1201.png0145.png'
00:15.953  render           | Saved: 'F:\pnpline-landing\hero-section-video\blockout\blockout-master-v001\review\boundary-1200-f1201.png0146.png'
00:16.015  render           | Saved: 'F:\pnpline-landing\hero-section-video\blockout\blockout-master-v001\review\boundary-1200-f1201.png0147.png'
00:16.062  render           | Saved: 'F:\pnpline-landing\hero-section-video\blockout\blockout-master-v001\review\boundary-1200-f1201.png0148.png'
00:16.125  render           | Saved: 'F:\pnpline-landing\hero-section-video\blockout\blockout-master-v001\review\boundary-1200-f1201.png0149.png'
00:16.171  render           | Saved: 'F:\pnpline-landing\hero-section-video\blockout\blockout-master-v001\review\boundary-1200-f1201.png0150.png'
00:16.234  render           | Saved: 'F:\pnpline-landing\hero-section-video\blockout\blockout-master-v001\review\boundary-1200-f1201.png0151.png'
00:16.281  render           | Saved: 'F:\pnpline-landing\hero-section-video\blockout\blockout-master-v001\review\boundary-1200-f1201.png0152.png'
00:16.343  render           | Saved: 'F:\pnpline-landing\hero-section-video\blockout\blockout-master-v001\review\boundary-1200-f1201.png0153.png'
00:16.390  render           | Saved: 'F:\pnpline-landing\hero-section-video\blockout\blockout-master-v001\review\boundary-1200-f1201.png0154.png'
00:16.453  render           | Saved: 'F:\pnpline-landing\hero-section-video\blockout\blockout-master-v001\review\boundary-1200-f1201.png0155.png'
00:16.515  render           | Saved: 'F:\pnpline-landing\hero-section-video\blockout\blockout-master-v001\review\boundary-1200-f1201.png0156.png'
00:16.562  render           | Saved: 'F:\pnpline-landing\hero-section-video\blockout\blockout-master-v001\review\boundary-1200-f1201.png0157.png'
00:16.625  render           | Saved: 'F:\pnpline-landing\hero-section-video\blockout\blockout-master-v001\review\boundary-1200-f1201.png0158.png'
00:16.671  render           | Saved: 'F:\pnpline-landing\hero-section-video\blockout\blockout-master-v001\review\boundary-1200-f1201.png0159.png'
00:16.734  render           | Saved: 'F:\pnpline-landing\hero-section-video\blockout\blockout-master-v001\review\boundary-1200-f1201.png0160.png'
00:16.781  render           | Saved: 'F:\pnpline-landing\hero-section-video\blockout\blockout-master-v001\review\boundary-1200-f1201.png0161.png'
00:16.843  render           | Saved: 'F:\pnpline-landing\hero-section-video\blockout\blockout-master-v001\review\boundary-1200-f1201.png0162.png'
00:16.890  render           | Saved: 'F:\pnpline-landing\hero-section-video\blockout\blockout-master-v001\review\boundary-1200-f1201.png0163.png'
00:16.953  render           | Saved: 'F:\pnpline-landing\hero-section-video\blockout\blockout-master-v001\review\boundary-1200-f1201.png0164.png'
00:17.000  render           | Saved: 'F:\pnpline-landing\hero-section-video\blockout\blockout-master-v001\review\boundary-1200-f1201.png0165.png'
00:17.062  render           | Saved: 'F:\pnpline-landing\hero-section-video\blockout\blockout-master-v001\review\boundary-1200-f1201.png0166.png'
00:17.125  render           | Saved: 'F:\pnpline-landing\hero-section-video\blockout\blockout-master-v001\review\boundary-1200-f1201.png0167.png'
00:17.171  render           | Saved: 'F:\pnpline-landing\hero-section-video\blockout\blockout-master-v001\review\boundary-1200-f1201.png0168.png'
00:17.234  render           | Saved: 'F:\pnpline-landing\hero-section-video\blockout\blockout-master-v001\review\boundary-1200-f1201.png0169.png'
00:17.281  render           | Saved: 'F:\pnpline-landing\hero-section-video\blockout\blockout-master-v001\review\boundary-1200-f1201.png0170.png'
00:17.343  render           | Saved: 'F:\pnpline-landing\hero-section-video\blockout\blockout-master-v001\review\boundary-1200-f1201.png0171.png'
00:17.390  render           | Saved: 'F:\pnpline-landing\hero-section-video\blockout\blockout-master-v001\review\boundary-1200-f1201.png0172.png'
00:17.453  render           | Saved: 'F:\pnpline-landing\hero-section-video\blockout\blockout-master-v001\review\boundary-1200-f1201.png0173.png'
00:17.515  render           | Saved: 'F:\pnpline-landing\hero-section-video\blockout\blockout-master-v001\review\boundary-1200-f1201.png0174.png'
00:17.562  render           | Saved: 'F:\pnpline-landing\hero-section-video\blockout\blockout-master-v001\review\boundary-1200-f1201.png0175.png'
00:17.625  render           | Saved: 'F:\pnpline-landing\hero-section-video\blockout\blockout-master-v001\review\boundary-1200-f1201.png0176.png'
00:17.671  render           | Saved: 'F:\pnpline-landing\hero-section-video\blockout\blockout-master-v001\review\boundary-1200-f1201.png0177.png'
00:17.734  render           | Saved: 'F:\pnpline-landing\hero-section-video\blockout\blockout-master-v001\review\boundary-1200-f1201.png0178.png'
00:17.781  render           | Saved: 'F:\pnpline-landing\hero-section-video\blockout\blockout-master-v001\review\boundary-1200-f1201.png0179.png'
00:17.843  render           | Saved: 'F:\pnpline-landing\hero-section-video\blockout\blockout-master-v001\review\boundary-1200-f1201.png0180.png'
00:17.890  render           | Saved: 'F:\pnpline-landing\hero-section-video\blockout\blockout-master-v001\review\boundary-1200-f1201.png0181.png'
00:17.953  render           | Saved: 'F:\pnpline-landing\hero-section-video\blockout\blockout-master-v001\review\boundary-1200-f1201.png0182.png'
00:18.000  render           | Saved: 'F:\pnpline-landing\hero-section-video\blockout\blockout-master-v001\review\boundary-1200-f1201.png0183.png'
00:18.062  render           | Saved: 'F:\pnpline-landing\hero-section-video\blockout\blockout-master-v001\review\boundary-1200-f1201.png0184.png'
00:18.109  render           | Saved: 'F:\pnpline-landing\hero-section-video\blockout\blockout-master-v001\review\boundary-1200-f1201.png0185.png'
00:18.171  render           | Saved: 'F:\pnpline-landing\hero-section-video\blockout\blockout-master-v001\review\boundary-1200-f1201.png0186.png'
00:18.218  render           | Saved: 'F:\pnpline-landing\hero-section-video\blockout\blockout-master-v001\review\boundary-1200-f1201.png0187.png'
00:18.281  render           | Saved: 'F:\pnpline-landing\hero-section-video\blockout\blockout-master-v001\review\boundary-1200-f1201.png0188.png'
00:18.328  render           | Saved: 'F:\pnpline-landing\hero-section-video\blockout\blockout-master-v001\review\boundary-1200-f1201.png0189.png'
00:18.390  render           | Saved: 'F:\pnpline-landing\hero-section-video\blockout\blockout-master-v001\review\boundary-1200-f1201.png0190.png'
00:18.437  render           | Saved: 'F:\pnpline-landing\hero-section-video\blockout\blockout-master-v001\review\boundary-1200-f1201.png0191.png'
00:18.500  render           | Saved: 'F:\pnpline-landing\hero-section-video\blockout\blockout-master-v001\review\boundary-1200-f1201.png0192.png'
00:18.546  render           | Saved: 'F:\pnpline-landing\hero-section-video\blockout\blockout-master-v001\review\boundary-1200-f1201.png0193.png'
00:18.609  render           | Saved: 'F:\pnpline-landing\hero-section-video\blockout\blockout-master-v001\review\boundary-1200-f1201.png0194.png'
00:18.671  render           | Saved: 'F:\pnpline-landing\hero-section-video\blockout\blockout-master-v001\review\boundary-1200-f1201.png0195.png'
00:18.718  render           | Saved: 'F:\pnpline-landing\hero-section-video\blockout\blockout-master-v001\review\boundary-1200-f1201.png0196.png'
00:18.781  render           | Saved: 'F:\pnpline-landing\hero-section-video\blockout\blockout-master-v001\review\boundary-1200-f1201.png0197.png'
00:18.828  render           | Saved: 'F:\pnpline-landing\hero-section-video\blockout\blockout-master-v001\review\boundary-1200-f1201.png0198.png'
00:18.890  render           | Saved: 'F:\pnpline-landing\hero-section-video\blockout\blockout-master-v001\review\boundary-1200-f1201.png0199.png'
00:18.937  render           | Saved: 'F:\pnpline-landing\hero-section-video\blockout\blockout-master-v001\review\boundary-1200-f1201.png0200.png'
00:19.000  render           | Saved: 'F:\pnpline-landing\hero-section-video\blockout\blockout-master-v001\review\boundary-1200-f1201.png0201.png'
00:19.062  render           | Saved: 'F:\pnpline-landing\hero-section-video\blockout\blockout-master-v001\review\boundary-1200-f1201.png0202.png'
00:19.109  render           | Saved: 'F:\pnpline-landing\hero-section-video\blockout\blockout-master-v001\review\boundary-1200-f1201.png0203.png'
00:19.171  render           | Saved: 'F:\pnpline-landing\hero-section-video\blockout\blockout-master-v001\review\boundary-1200-f1201.png0204.png'
00:19.218  render           | Saved: 'F:\pnpline-landing\hero-section-video\blockout\blockout-master-v001\review\boundary-1200-f1201.png0205.png'
00:19.281  render           | Saved: 'F:\pnpline-landing\hero-section-video\blockout\blockout-master-v001\review\boundary-1200-f1201.png0206.png'
00:19.328  render           | Saved: 'F:\pnpline-landing\hero-section-video\blockout\blockout-master-v001\review\boundary-1200-f1201.png0207.png'
00:19.390  render           | Saved: 'F:\pnpline-landing\hero-section-video\blockout\blockout-master-v001\review\boundary-1200-f1201.png0208.png'
00:19.437  render           | Saved: 'F:\pnpline-landing\hero-section-video\blockout\blockout-master-v001\review\boundary-1200-f1201.png0209.png'
00:19.500  render           | Saved: 'F:\pnpline-landing\hero-section-video\blockout\blockout-master-v001\review\boundary-1200-f1201.png0210.png'
00:19.562  render           | Saved: 'F:\pnpline-landing\hero-section-video\blockout\blockout-master-v001\review\boundary-1200-f1201.png0211.png'
00:19.609  render           | Saved: 'F:\pnpline-landing\hero-section-video\blockout\blockout-master-v001\review\boundary-1200-f1201.png0212.png'
00:19.671  render           | Saved: 'F:\pnpline-landing\hero-section-video\blockout\blockout-master-v001\review\boundary-1200-f1201.png0213.png'
00:19.718  render           | Saved: 'F:\pnpline-landing\hero-section-video\blockout\blockout-master-v001\review\boundary-1200-f1201.png0214.png'
00:19.781  render           | Saved: 'F:\pnpline-landing\hero-section-video\blockout\blockout-master-v001\review\boundary-1200-f1201.png0215.png'
00:19.828  render           | Saved: 'F:\pnpline-landing\hero-section-video\blockout\blockout-master-v001\review\boundary-1200-f1201.png0216.png'
00:19.890  render           | Saved: 'F:\pnpline-landing\hero-section-video\blockout\blockout-master-v001\review\boundary-1200-f1201.png0217.png'
00:19.953  render           | Saved: 'F:\pnpline-landing\hero-section-video\blockout\blockout-master-v001\review\boundary-1200-f1201.png0218.png'
00:20.000  render           | Saved: 'F:\pnpline-landing\hero-section-video\blockout\blockout-master-v001\review\boundary-1200-f1201.png0219.png'
00:20.062  render           | Saved: 'F:\pnpline-landing\hero-section-video\blockout\blockout-master-v001\review\boundary-1200-f1201.png0220.png'
00:20.109  render           | Saved: 'F:\pnpline-landing\hero-section-video\blockout\blockout-master-v001\review\boundary-1200-f1201.png0221.png'
00:20.171  render           | Saved: 'F:\pnpline-landing\hero-section-video\blockout\blockout-master-v001\review\boundary-1200-f1201.png0222.png'
00:20.234  render           | Saved: 'F:\pnpline-landing\hero-section-video\blockout\blockout-master-v001\review\boundary-1200-f1201.png0223.png'
00:20.281  render           | Saved: 'F:\pnpline-landing\hero-section-video\blockout\blockout-master-v001\review\boundary-1200-f1201.png0224.png'
00:20.343  render           | Saved: 'F:\pnpline-landing\hero-section-video\blockout\blockout-master-v001\review\boundary-1200-f1201.png0225.png'
00:20.390  render           | Saved: 'F:\pnpline-landing\hero-section-video\blockout\blockout-master-v001\review\boundary-1200-f1201.png0226.png'
00:20.453  render           | Saved: 'F:\pnpline-landing\hero-section-video\blockout\blockout-master-v001\review\boundary-1200-f1201.png0227.png'
00:20.515  render           | Saved: 'F:\pnpline-landing\hero-section-video\blockout\blockout-master-v001\review\boundary-1200-f1201.png0228.png'
00:20.578  render           | Saved: 'F:\pnpline-landing\hero-section-video\blockout\blockout-master-v001\review\boundary-1200-f1201.png0229.png'
00:20.625  render           | Saved: 'F:\pnpline-landing\hero-section-video\blockout\blockout-master-v001\review\boundary-1200-f1201.png0230.png'
00:20.687  render           | Saved: 'F:\pnpline-landing\hero-section-video\blockout\blockout-master-v001\review\boundary-1200-f1201.png0231.png'
00:20.750  render           | Saved: 'F:\pnpline-landing\hero-section-video\blockout\blockout-master-v001\review\boundary-1200-f1201.png0232.png'
00:20.796  render           | Saved: 'F:\pnpline-landing\hero-section-video\blockout\blockout-master-v001\review\boundary-1200-f1201.png0233.png'
00:20.859  render           | Saved: 'F:\pnpline-landing\hero-section-video\blockout\blockout-master-v001\review\boundary-1200-f1201.png0234.png'
00:20.921  render           | Saved: 'F:\pnpline-landing\hero-section-video\blockout\blockout-master-v001\review\boundary-1200-f1201.png0235.png'
00:20.984  render           | Saved: 'F:\pnpline-landing\hero-section-video\blockout\blockout-master-v001\review\boundary-1200-f1201.png0236.png'
00:21.046  render           | Saved: 'F:\pnpline-landing\hero-section-video\blockout\blockout-master-v001\review\boundary-1200-f1201.png0237.png'
00:21.093  render           | Saved: 'F:\pnpline-landing\hero-section-video\blockout\blockout-master-v001\review\boundary-1200-f1201.png0238.png'
00:21.156  render           | Saved: 'F:\pnpline-landing\hero-section-video\blockout\blockout-master-v001\review\boundary-1200-f1201.png0239.png'
00:21.218  render           | Saved: 'F:\pnpline-landing\hero-section-video\blockout\blockout-master-v001\review\boundary-1200-f1201.png0240.png'
00:21.281  render           | Saved: 'F:\pnpline-landing\hero-section-video\blockout\blockout-master-v001\review\boundary-1200-f1201.png0241.png'
00:21.343  render           | Saved: 'F:\pnpline-landing\hero-section-video\blockout\blockout-master-v001\review\boundary-1200-f1201.png0242.png'
00:21.406  render           | Saved: 'F:\pnpline-landing\hero-section-video\blockout\blockout-master-v001\review\boundary-1200-f1201.png0243.png'
00:21.468  render           | Saved: 'F:\pnpline-landing\hero-section-video\blockout\blockout-master-v001\review\boundary-1200-f1201.png0244.png'
00:21.515  render           | Saved: 'F:\pnpline-landing\hero-section-video\blockout\blockout-master-v001\review\boundary-1200-f1201.png0245.png'
00:21.578  render           | Saved: 'F:\pnpline-landing\hero-section-video\blockout\blockout-master-v001\review\boundary-1200-f1201.png0246.png'
00:21.640  render           | Saved: 'F:\pnpline-landing\hero-section-video\blockout\blockout-master-v001\review\boundary-1200-f1201.png0247.png'
00:21.703  render           | Saved: 'F:\pnpline-landing\hero-section-video\blockout\blockout-master-v001\review\boundary-1200-f1201.png0248.png'
00:21.765  render           | Saved: 'F:\pnpline-landing\hero-section-video\blockout\blockout-master-v001\review\boundary-1200-f1201.png0249.png'
00:21.812  render           | Saved: 'F:\pnpline-landing\hero-section-video\blockout\blockout-master-v001\review\boundary-1200-f1201.png0250.png'
00:21.875  render           | Saved: 'F:\pnpline-landing\hero-section-video\blockout\blockout-master-v001\review\boundary-1200-f1201.png0251.png'
00:21.937  render           | Saved: 'F:\pnpline-landing\hero-section-video\blockout\blockout-master-v001\review\boundary-1200-f1201.png0252.png'
00:22.000  render           | Saved: 'F:\pnpline-landing\hero-section-video\blockout\blockout-master-v001\review\boundary-1200-f1201.png0253.png'
00:22.046  render           | Saved: 'F:\pnpline-landing\hero-section-video\blockout\blockout-master-v001\review\boundary-1200-f1201.png0254.png'
00:22.109  render           | Saved: 'F:\pnpline-landing\hero-section-video\blockout\blockout-master-v001\review\boundary-1200-f1201.png0255.png'
00:22.171  render           | Saved: 'F:\pnpline-landing\hero-section-video\blockout\blockout-master-v001\review\boundary-1200-f1201.png0256.png'
00:22.234  render           | Saved: 'F:\pnpline-landing\hero-section-video\blockout\blockout-master-v001\review\boundary-1200-f1201.png0257.png'
00:22.281  render           | Saved: 'F:\pnpline-landing\hero-section-video\blockout\blockout-master-v001\review\boundary-1200-f1201.png0258.png'
00:22.343  render           | Saved: 'F:\pnpline-landing\hero-section-video\blockout\blockout-master-v001\review\boundary-1200-f1201.png0259.png'
00:22.406  render           | Saved: 'F:\pnpline-landing\hero-section-video\blockout\blockout-master-v001\review\boundary-1200-f1201.png0260.png'
00:22.468  render           | Saved: 'F:\pnpline-landing\hero-section-video\blockout\blockout-master-v001\review\boundary-1200-f1201.png0261.png'
00:22.515  render           | Saved: 'F:\pnpline-landing\hero-section-video\blockout\blockout-master-v001\review\boundary-1200-f1201.png0262.png'
00:22.578  render           | Saved: 'F:\pnpline-landing\hero-section-video\blockout\blockout-master-v001\review\boundary-1200-f1201.png0263.png'
00:22.640  render           | Saved: 'F:\pnpline-landing\hero-section-video\blockout\blockout-master-v001\review\boundary-1200-f1201.png0264.png'
00:22.687  render           | Saved: 'F:\pnpline-landing\hero-section-video\blockout\blockout-master-v001\review\boundary-1200-f1201.png0265.png'
00:22.750  render           | Saved: 'F:\pnpline-landing\hero-section-video\blockout\blockout-master-v001\review\boundary-1200-f1201.png0266.png'
00:22.812  render           | Saved: 'F:\pnpline-landing\hero-section-video\blockout\blockout-master-v001\review\boundary-1200-f1201.png0267.png'
00:22.859  render           | Saved: 'F:\pnpline-landing\hero-section-video\blockout\blockout-master-v001\review\boundary-1200-f1201.png0268.png'
00:22.921  render           | Saved: 'F:\pnpline-landing\hero-section-video\blockout\blockout-master-v001\review\boundary-1200-f1201.png0269.png'
00:22.984  render           | Saved: 'F:\pnpline-landing\hero-section-video\blockout\blockout-master-v001\review\boundary-1200-f1201.png0270.png'
00:23.046  render           | Saved: 'F:\pnpline-landing\hero-section-video\blockout\blockout-master-v001\review\boundary-1200-f1201.png0271.png'
00:23.093  render           | Saved: 'F:\pnpline-landing\hero-section-video\blockout\blockout-master-v001\review\boundary-1200-f1201.png0272.png'
00:23.156  render           | Saved: 'F:\pnpline-landing\hero-section-video\blockout\blockout-master-v001\review\boundary-1200-f1201.png0273.png'
00:23.218  render           | Saved: 'F:\pnpline-landing\hero-section-video\blockout\blockout-master-v001\review\boundary-1200-f1201.png0274.png'
00:23.281  render           | Saved: 'F:\pnpline-landing\hero-section-video\blockout\blockout-master-v001\review\boundary-1200-f1201.png0275.png'
00:23.343  render           | Saved: 'F:\pnpline-landing\hero-section-video\blockout\blockout-master-v001\review\boundary-1200-f1201.png0276.png'
00:23.390  render           | Saved: 'F:\pnpline-landing\hero-section-video\blockout\blockout-master-v001\review\boundary-1200-f1201.png0277.png'
00:23.453  render           | Saved: 'F:\pnpline-landing\hero-section-video\blockout\blockout-master-v001\review\boundary-1200-f1201.png0278.png'
00:23.515  render           | Saved: 'F:\pnpline-landing\hero-section-video\blockout\blockout-master-v001\review\boundary-1200-f1201.png0279.png'
00:23.578  render           | Saved: 'F:\pnpline-landing\hero-section-video\blockout\blockout-master-v001\review\boundary-1200-f1201.png0280.png'
00:23.625  render           | Saved: 'F:\pnpline-landing\hero-section-video\blockout\blockout-master-v001\review\boundary-1200-f1201.png0281.png'
00:23.687  render           | Saved: 'F:\pnpline-landing\hero-section-video\blockout\blockout-master-v001\review\boundary-1200-f1201.png0282.png'
00:23.750  render           | Saved: 'F:\pnpline-landing\hero-section-video\blockout\blockout-master-v001\review\boundary-1200-f1201.png0283.png'
00:23.796  render           | Saved: 'F:\pnpline-landing\hero-section-video\blockout\blockout-master-v001\review\boundary-1200-f1201.png0284.png'
00:23.859  render           | Saved: 'F:\pnpline-landing\hero-section-video\blockout\blockout-master-v001\review\boundary-1200-f1201.png0285.png'
00:23.921  render           | Saved: 'F:\pnpline-landing\hero-section-video\blockout\blockout-master-v001\review\boundary-1200-f1201.png0286.png'
00:23.968  render           | Saved: 'F:\pnpline-landing\hero-section-video\blockout\blockout-master-v001\review\boundary-1200-f1201.png0287.png'
00:24.031  render           | Saved: 'F:\pnpline-landing\hero-section-video\blockout\blockout-master-v001\review\boundary-1200-f1201.png0288.png'
00:24.093  render           | Saved: 'F:\pnpline-landing\hero-section-video\blockout\blockout-master-v001\review\boundary-1200-f1201.png0289.png'
00:24.156  render           | Saved: 'F:\pnpline-landing\hero-section-video\blockout\blockout-master-v001\review\boundary-1200-f1201.png0290.png'
00:24.234  render           | Saved: 'F:\pnpline-landing\hero-section-video\blockout\blockout-master-v001\review\boundary-1200-f1201.png0291.png'
00:24.281  render           | Saved: 'F:\pnpline-landing\hero-section-video\blockout\blockout-master-v001\review\boundary-1200-f1201.png0292.png'
00:24.343  render           | Saved: 'F:\pnpline-landing\hero-section-video\blockout\blockout-master-v001\review\boundary-1200-f1201.png0293.png'
00:24.406  render           | Saved: 'F:\pnpline-landing\hero-section-video\blockout\blockout-master-v001\review\boundary-1200-f1201.png0294.png'
00:24.468  render           | Saved: 'F:\pnpline-landing\hero-section-video\blockout\blockout-master-v001\review\boundary-1200-f1201.png0295.png'
00:24.531  render           | Saved: 'F:\pnpline-landing\hero-section-video\blockout\blockout-master-v001\review\boundary-1200-f1201.png0296.png'
00:24.593  render           | Saved: 'F:\pnpline-landing\hero-section-video\blockout\blockout-master-v001\review\boundary-1200-f1201.png0297.png'
00:24.656  render           | Saved: 'F:\pnpline-landing\hero-section-video\blockout\blockout-master-v001\review\boundary-1200-f1201.png0298.png'
00:24.718  render           | Saved: 'F:\pnpline-landing\hero-section-video\blockout\blockout-master-v001\review\boundary-1200-f1201.png0299.png'
00:24.765  render           | Saved: 'F:\pnpline-landing\hero-section-video\blockout\blockout-master-v001\review\boundary-1200-f1201.png0300.png'
00:24.828  render           | Saved: 'F:\pnpline-landing\hero-section-video\blockout\blockout-master-v001\review\boundary-1200-f1201.png0301.png'
00:24.890  render           | Saved: 'F:\pnpline-landing\hero-section-video\blockout\blockout-master-v001\review\boundary-1200-f1201.png0302.png'
00:24.953  render           | Saved: 'F:\pnpline-landing\hero-section-video\blockout\blockout-master-v001\review\boundary-1200-f1201.png0303.png'
00:25.000  render           | Saved: 'F:\pnpline-landing\hero-section-video\blockout\blockout-master-v001\review\boundary-1200-f1201.png0304.png'
00:25.062  render           | Saved: 'F:\pnpline-landing\hero-section-video\blockout\blockout-master-v001\review\boundary-1200-f1201.png0305.png'
00:25.109  render           | Saved: 'F:\pnpline-landing\hero-section-video\blockout\blockout-master-v001\review\boundary-1200-f1201.png0306.png'
00:25.156  render           | Saved: 'F:\pnpline-landing\hero-section-video\blockout\blockout-master-v001\review\boundary-1200-f1201.png0307.png'
00:25.218  render           | Saved: 'F:\pnpline-landing\hero-section-video\blockout\blockout-master-v001\review\boundary-1200-f1201.png0308.png'
00:25.265  render           | Saved: 'F:\pnpline-landing\hero-section-video\blockout\blockout-master-v001\review\boundary-1200-f1201.png0309.png'
00:25.328  render           | Saved: 'F:\pnpline-landing\hero-section-video\blockout\blockout-master-v001\review\boundary-1200-f1201.png0310.png'
00:25.390  render           | Saved: 'F:\pnpline-landing\hero-section-video\blockout\blockout-master-v001\review\boundary-1200-f1201.png0311.png'
00:25.437  render           | Saved: 'F:\pnpline-landing\hero-section-video\blockout\blockout-master-v001\review\boundary-1200-f1201.png0312.png'
00:25.484  render           | Saved: 'F:\pnpline-landing\hero-section-video\blockout\blockout-master-v001\review\boundary-1200-f1201.png0313.png'
00:25.546  render           | Saved: 'F:\pnpline-landing\hero-section-video\blockout\blockout-master-v001\review\boundary-1200-f1201.png0314.png'
00:25.593  render           | Saved: 'F:\pnpline-landing\hero-section-video\blockout\blockout-master-v001\review\boundary-1200-f1201.png0315.png'
00:25.640  render           | Saved: 'F:\pnpline-landing\hero-section-video\blockout\blockout-master-v001\review\boundary-1200-f1201.png0316.png'
00:25.703  render           | Saved: 'F:\pnpline-landing\hero-section-video\blockout\blockout-master-v001\review\boundary-1200-f1201.png0317.png'
00:25.750  render           | Saved: 'F:\pnpline-landing\hero-section-video\blockout\blockout-master-v001\review\boundary-1200-f1201.png0318.png'
00:25.796  render           | Saved: 'F:\pnpline-landing\hero-section-video\blockout\blockout-master-v001\review\boundary-1200-f1201.png0319.png'
00:25.859  render           | Saved: 'F:\pnpline-landing\hero-section-video\blockout\blockout-master-v001\review\boundary-1200-f1201.png0320.png'
00:25.906  render           | Saved: 'F:\pnpline-landing\hero-section-video\blockout\blockout-master-v001\review\boundary-1200-f1201.png0321.png'
00:25.968  render           | Saved: 'F:\pnpline-landing\hero-section-video\blockout\blockout-master-v001\review\boundary-1200-f1201.png0322.png'
00:26.015  render           | Saved: 'F:\pnpline-landing\hero-section-video\blockout\blockout-master-v001\review\boundary-1200-f1201.png0323.png'
00:26.062  render           | Saved: 'F:\pnpline-landing\hero-section-video\blockout\blockout-master-v001\review\boundary-1200-f1201.png0324.png'
00:26.125  render           | Saved: 'F:\pnpline-landing\hero-section-video\blockout\blockout-master-v001\review\boundary-1200-f1201.png0325.png'
00:26.171  render           | Saved: 'F:\pnpline-landing\hero-section-video\blockout\blockout-master-v001\review\boundary-1200-f1201.png0326.png'
00:26.234  render           | Saved: 'F:\pnpline-landing\hero-section-video\blockout\blockout-master-v001\review\boundary-1200-f1201.png0327.png'
00:26.281  render           | Saved: 'F:\pnpline-landing\hero-section-video\blockout\blockout-master-v001\review\boundary-1200-f1201.png0328.png'
00:26.328  render           | Saved: 'F:\pnpline-landing\hero-section-video\blockout\blockout-master-v001\review\boundary-1200-f1201.png0329.png'
00:26.390  render           | Saved: 'F:\pnpline-landing\hero-section-video\blockout\blockout-master-v001\review\boundary-1200-f1201.png0330.png'
00:26.437  render           | Saved: 'F:\pnpline-landing\hero-section-video\blockout\blockout-master-v001\review\boundary-1200-f1201.png0331.png'
00:26.484  render           | Saved: 'F:\pnpline-landing\hero-section-video\blockout\blockout-master-v001\review\boundary-1200-f1201.png0332.png'
00:26.546  render           | Saved: 'F:\pnpline-landing\hero-section-video\blockout\blockout-master-v001\review\boundary-1200-f1201.png0333.png'
00:26.593  render           | Saved: 'F:\pnpline-landing\hero-section-video\blockout\blockout-master-v001\review\boundary-1200-f1201.png0334.png'
00:26.656  render           | Saved: 'F:\pnpline-landing\hero-section-video\blockout\blockout-master-v001\review\boundary-1200-f1201.png0335.png'
00:26.703  render           | Saved: 'F:\pnpline-landing\hero-section-video\blockout\blockout-master-v001\review\boundary-1200-f1201.png0336.png'
00:26.750  render           | Saved: 'F:\pnpline-landing\hero-section-video\blockout\blockout-master-v001\review\boundary-1200-f1201.png0337.png'
00:26.812  render           | Saved: 'F:\pnpline-landing\hero-section-video\blockout\blockout-master-v001\review\boundary-1200-f1201.png0338.png'
00:26.859  render           | Saved: 'F:\pnpline-landing\hero-section-video\blockout\blockout-master-v001\review\boundary-1200-f1201.png0339.png'
00:26.921  render           | Saved: 'F:\pnpline-landing\hero-section-video\blockout\blockout-master-v001\review\boundary-1200-f1201.png0340.png'
00:26.968  render           | Saved: 'F:\pnpline-landing\hero-section-video\blockout\blockout-master-v001\review\boundary-1200-f1201.png0341.png'
00:27.031  render           | Saved: 'F:\pnpline-landing\hero-section-video\blockout\blockout-master-v001\review\boundary-1200-f1201.png0342.png'
00:27.078  render           | Saved: 'F:\pnpline-landing\hero-section-video\blockout\blockout-master-v001\review\boundary-1200-f1201.png0343.png'
00:27.140  render           | Saved: 'F:\pnpline-landing\hero-section-video\blockout\blockout-master-v001\review\boundary-1200-f1201.png0344.png'
00:27.187  render           | Saved: 'F:\pnpline-landing\hero-section-video\blockout\blockout-master-v001\review\boundary-1200-f1201.png0345.png'
00:27.250  render           | Saved: 'F:\pnpline-landing\hero-section-video\blockout\blockout-master-v001\review\boundary-1200-f1201.png0346.png'
00:27.296  render           | Saved: 'F:\pnpline-landing\hero-section-video\blockout\blockout-master-v001\review\boundary-1200-f1201.png0347.png'
00:27.359  render           | Saved: 'F:\pnpline-landing\hero-section-video\blockout\blockout-master-v001\review\boundary-1200-f1201.png0348.png'
00:27.421  render           | Saved: 'F:\pnpline-landing\hero-section-video\blockout\blockout-master-v001\review\boundary-1200-f1201.png0349.png'
00:27.468  render           | Saved: 'F:\pnpline-landing\hero-section-video\blockout\blockout-master-v001\review\boundary-1200-f1201.png0350.png'
00:27.531  render           | Saved: 'F:\pnpline-landing\hero-section-video\blockout\blockout-master-v001\review\boundary-1200-f1201.png0351.png'
00:27.578  render           | Saved: 'F:\pnpline-landing\hero-section-video\blockout\blockout-master-v001\review\boundary-1200-f1201.png0352.png'
00:27.640  render           | Saved: 'F:\pnpline-landing\hero-section-video\blockout\blockout-master-v001\review\boundary-1200-f1201.png0353.png'
00:27.687  render           | Saved: 'F:\pnpline-landing\hero-section-video\blockout\blockout-master-v001\review\boundary-1200-f1201.png0354.png'
00:27.750  render           | Saved: 'F:\pnpline-landing\hero-section-video\blockout\blockout-master-v001\review\boundary-1200-f1201.png0355.png'
00:27.796  render           | Saved: 'F:\pnpline-landing\hero-section-video\blockout\blockout-master-v001\review\boundary-1200-f1201.png0356.png'
00:27.859  render           | Saved: 'F:\pnpline-landing\hero-section-video\blockout\blockout-master-v001\review\boundary-1200-f1201.png0357.png'
00:27.906  render           | Saved: 'F:\pnpline-landing\hero-section-video\blockout\blockout-master-v001\review\boundary-1200-f1201.png0358.png'
00:27.968  render           | Saved: 'F:\pnpline-landing\hero-section-video\blockout\blockout-master-v001\review\boundary-1200-f1201.png0359.png'
00:28.031  render           | Saved: 'F:\pnpline-landing\hero-section-video\blockout\blockout-master-v001\review\boundary-1200-f1201.png0360.png'
00:28.078  render           | Saved: 'F:\pnpline-landing\hero-section-video\blockout\blockout-master-v001\review\boundary-1200-f1201.png0361.png'
00:28.140  render           | Saved: 'F:\pnpline-landing\hero-section-video\blockout\blockout-master-v001\review\boundary-1200-f1201.png0362.png'
00:28.203  render           | Saved: 'F:\pnpline-landing\hero-section-video\blockout\blockout-master-v001\review\boundary-1200-f1201.png0363.png'
00:28.250  render           | Saved: 'F:\pnpline-landing\hero-section-video\blockout\blockout-master-v001\review\boundary-1200-f1201.png0364.png'
00:28.312  render           | Saved: 'F:\pnpline-landing\hero-section-video\blockout\blockout-master-v001\review\boundary-1200-f1201.png0365.png'
00:28.359  render           | Saved: 'F:\pnpline-landing\hero-section-video\blockout\blockout-master-v001\review\boundary-1200-f1201.png0366.png'
00:28.421  render           | Saved: 'F:\pnpline-landing\hero-section-video\blockout\blockout-master-v001\review\boundary-1200-f1201.png0367.png'
00:28.484  render           | Saved: 'F:\pnpline-landing\hero-section-video\blockout\blockout-master-v001\review\boundary-1200-f1201.png0368.png'
00:28.531  render           | Saved: 'F:\pnpline-landing\hero-section-video\blockout\blockout-master-v001\review\boundary-1200-f1201.png0369.png'
00:28.593  render           | Saved: 'F:\pnpline-landing\hero-section-video\blockout\blockout-master-v001\review\boundary-1200-f1201.png0370.png'
00:28.656  render           | Saved: 'F:\pnpline-landing\hero-section-video\blockout\blockout-master-v001\review\boundary-1200-f1201.png0371.png'
00:28.718  render           | Saved: 'F:\pnpline-landing\hero-section-video\blockout\blockout-master-v001\review\boundary-1200-f1201.png0372.png'
00:28.781  render           | Saved: 'F:\pnpline-landing\hero-section-video\blockout\blockout-master-v001\review\boundary-1200-f1201.png0373.png'
00:28.859  render           | Saved: 'F:\pnpline-landing\hero-section-video\blockout\blockout-master-v001\review\boundary-1200-f1201.png0374.png'
00:28.906  render           | Saved: 'F:\pnpline-landing\hero-section-video\blockout\blockout-master-v001\review\boundary-1200-f1201.png0375.png'
00:28.968  render           | Saved: 'F:\pnpline-landing\hero-section-video\blockout\blockout-master-v001\review\boundary-1200-f1201.png0376.png'
00:29.031  render           | Saved: 'F:\pnpline-landing\hero-section-video\blockout\blockout-master-v001\review\boundary-1200-f1201.png0377.png'
00:29.093  render           | Saved: 'F:\pnpline-landing\hero-section-video\blockout\blockout-master-v001\review\boundary-1200-f1201.png0378.png'
00:29.156  render           | Saved: 'F:\pnpline-landing\hero-section-video\blockout\blockout-master-v001\review\boundary-1200-f1201.png0379.png'
00:29.203  render           | Saved: 'F:\pnpline-landing\hero-section-video\blockout\blockout-master-v001\review\boundary-1200-f1201.png0380.png'
00:29.265  render           | Saved: 'F:\pnpline-landing\hero-section-video\blockout\blockout-master-v001\review\boundary-1200-f1201.png0381.png'
00:29.328  render           | Saved: 'F:\pnpline-landing\hero-section-video\blockout\blockout-master-v001\review\boundary-1200-f1201.png0382.png'
00:29.390  render           | Saved: 'F:\pnpline-landing\hero-section-video\blockout\blockout-master-v001\review\boundary-1200-f1201.png0383.png'
00:29.453  render           | Saved: 'F:\pnpline-landing\hero-section-video\blockout\blockout-master-v001\review\boundary-1200-f1201.png0384.png'
00:29.515  render           | Saved: 'F:\pnpline-landing\hero-section-video\blockout\blockout-master-v001\review\boundary-1200-f1201.png0385.png'
00:29.578  render           | Saved: 'F:\pnpline-landing\hero-section-video\blockout\blockout-master-v001\review\boundary-1200-f1201.png0386.png'
00:29.640  render           | Saved: 'F:\pnpline-landing\hero-section-video\blockout\blockout-master-v001\review\boundary-1200-f1201.png0387.png'
00:29.703  render           | Saved: 'F:\pnpline-landing\hero-section-video\blockout\blockout-master-v001\review\boundary-1200-f1201.png0388.png'
00:29.765  render           | Saved: 'F:\pnpline-landing\hero-section-video\blockout\blockout-master-v001\review\boundary-1200-f1201.png0389.png'
00:29.828  render           | Saved: 'F:\pnpline-landing\hero-section-video\blockout\blockout-master-v001\review\boundary-1200-f1201.png0390.png'
00:29.890  render           | Saved: 'F:\pnpline-landing\hero-section-video\blockout\blockout-master-v001\review\boundary-1200-f1201.png0391.png'
00:29.937  render           | Saved: 'F:\pnpline-landing\hero-section-video\blockout\blockout-master-v001\review\boundary-1200-f1201.png0392.png'
00:30.000  render           | Saved: 'F:\pnpline-landing\hero-section-video\blockout\blockout-master-v001\review\boundary-1200-f1201.png0393.png'
00:30.062  render           | Saved: 'F:\pnpline-landing\hero-section-video\blockout\blockout-master-v001\review\boundary-1200-f1201.png0394.png'
00:30.125  render           | Saved: 'F:\pnpline-landing\hero-section-video\blockout\blockout-master-v001\review\boundary-1200-f1201.png0395.png'
00:30.171  render           | Saved: 'F:\pnpline-landing\hero-section-video\blockout\blockout-master-v001\review\boundary-1200-f1201.png0396.png'
00:30.234  render           | Saved: 'F:\pnpline-landing\hero-section-video\blockout\blockout-master-v001\review\boundary-1200-f1201.png0397.png'
00:30.296  render           | Saved: 'F:\pnpline-landing\hero-section-video\blockout\blockout-master-v001\review\boundary-1200-f1201.png0398.png'
00:30.359  render           | Saved: 'F:\pnpline-landing\hero-section-video\blockout\blockout-master-v001\review\boundary-1200-f1201.png0399.png'
00:30.406  render           | Saved: 'F:\pnpline-landing\hero-section-video\blockout\blockout-master-v001\review\boundary-1200-f1201.png0400.png'
00:30.468  render           | Saved: 'F:\pnpline-landing\hero-section-video\blockout\blockout-master-v001\review\boundary-1200-f1201.png0401.png'
00:30.531  render           | Saved: 'F:\pnpline-landing\hero-section-video\blockout\blockout-master-v001\review\boundary-1200-f1201.png0402.png'
00:30.593  render           | Saved: 'F:\pnpline-landing\hero-section-video\blockout\blockout-master-v001\review\boundary-1200-f1201.png0403.png'
00:30.656  render           | Saved: 'F:\pnpline-landing\hero-section-video\blockout\blockout-master-v001\review\boundary-1200-f1201.png0404.png'
00:30.703  render           | Saved: 'F:\pnpline-landing\hero-section-video\blockout\blockout-master-v001\review\boundary-1200-f1201.png0405.png'
00:30.765  render           | Saved: 'F:\pnpline-landing\hero-section-video\blockout\blockout-master-v001\review\boundary-1200-f1201.png0406.png'
00:30.828  render           | Saved: 'F:\pnpline-landing\hero-section-video\blockout\blockout-master-v001\review\boundary-1200-f1201.png0407.png'
00:30.890  render           | Saved: 'F:\pnpline-landing\hero-section-video\blockout\blockout-master-v001\review\boundary-1200-f1201.png0408.png'
00:30.953  render           | Saved: 'F:\pnpline-landing\hero-section-video\blockout\blockout-master-v001\review\boundary-1200-f1201.png0409.png'
00:31.015  render           | Saved: 'F:\pnpline-landing\hero-section-video\blockout\blockout-master-v001\review\boundary-1200-f1201.png0410.png'
00:31.062  render           | Saved: 'F:\pnpline-landing\hero-section-video\blockout\blockout-master-v001\review\boundary-1200-f1201.png0411.png'
00:31.125  render           | Saved: 'F:\pnpline-landing\hero-section-video\blockout\blockout-master-v001\review\boundary-1200-f1201.png0412.png'
00:31.187  render           | Saved: 'F:\pnpline-landing\hero-section-video\blockout\blockout-master-v001\review\boundary-1200-f1201.png0413.png'
00:31.250  render           | Saved: 'F:\pnpline-landing\hero-section-video\blockout\blockout-master-v001\review\boundary-1200-f1201.png0414.png'
00:31.312  render           | Saved: 'F:\pnpline-landing\hero-section-video\blockout\blockout-master-v001\review\boundary-1200-f1201.png0415.png'
00:31.375  render           | Saved: 'F:\pnpline-landing\hero-section-video\blockout\blockout-master-v001\review\boundary-1200-f1201.png0416.png'
00:31.437  render           | Saved: 'F:\pnpline-landing\hero-section-video\blockout\blockout-master-v001\review\boundary-1200-f1201.png0417.png'
00:31.500  render           | Saved: 'F:\pnpline-landing\hero-section-video\blockout\blockout-master-v001\review\boundary-1200-f1201.png0418.png'
00:31.546  render           | Saved: 'F:\pnpline-landing\hero-section-video\blockout\blockout-master-v001\review\boundary-1200-f1201.png0419.png'
00:31.609  render           | Saved: 'F:\pnpline-landing\hero-section-video\blockout\blockout-master-v001\review\boundary-1200-f1201.png0420.png'
00:31.671  render           | Saved: 'F:\pnpline-landing\hero-section-video\blockout\blockout-master-v001\review\boundary-1200-f1201.png0421.png'
00:31.734  render           | Saved: 'F:\pnpline-landing\hero-section-video\blockout\blockout-master-v001\review\boundary-1200-f1201.png0422.png'
00:31.796  render           | Saved: 'F:\pnpline-landing\hero-section-video\blockout\blockout-master-v001\review\boundary-1200-f1201.png0423.png'
00:31.843  render           | Saved: 'F:\pnpline-landing\hero-section-video\blockout\blockout-master-v001\review\boundary-1200-f1201.png0424.png'
00:31.906  render           | Saved: 'F:\pnpline-landing\hero-section-video\blockout\blockout-master-v001\review\boundary-1200-f1201.png0425.png'
00:31.968  render           | Saved: 'F:\pnpline-landing\hero-section-video\blockout\blockout-master-v001\review\boundary-1200-f1201.png0426.png'
00:32.031  render           | Saved: 'F:\pnpline-landing\hero-section-video\blockout\blockout-master-v001\review\boundary-1200-f1201.png0427.png'
00:32.093  render           | Saved: 'F:\pnpline-landing\hero-section-video\blockout\blockout-master-v001\review\boundary-1200-f1201.png0428.png'
00:32.156  render           | Saved: 'F:\pnpline-landing\hero-section-video\blockout\blockout-master-v001\review\boundary-1200-f1201.png0429.png'
00:32.218  render           | Saved: 'F:\pnpline-landing\hero-section-video\blockout\blockout-master-v001\review\boundary-1200-f1201.png0430.png'
00:32.265  render           | Saved: 'F:\pnpline-landing\hero-section-video\blockout\blockout-master-v001\review\boundary-1200-f1201.png0431.png'
00:32.328  render           | Saved: 'F:\pnpline-landing\hero-section-video\blockout\blockout-master-v001\review\boundary-1200-f1201.png0432.png'
00:32.390  render           | Saved: 'F:\pnpline-landing\hero-section-video\blockout\blockout-master-v001\review\boundary-1200-f1201.png0433.png'
00:32.437  render           | Saved: 'F:\pnpline-landing\hero-section-video\blockout\blockout-master-v001\review\boundary-1200-f1201.png0434.png'
00:32.500  render           | Saved: 'F:\pnpline-landing\hero-section-video\blockout\blockout-master-v001\review\boundary-1200-f1201.png0435.png'
00:32.562  render           | Saved: 'F:\pnpline-landing\hero-section-video\blockout\blockout-master-v001\review\boundary-1200-f1201.png0436.png'
00:32.609  render           | Saved: 'F:\pnpline-landing\hero-section-video\blockout\blockout-master-v001\review\boundary-1200-f1201.png0437.png'
00:32.671  render           | Saved: 'F:\pnpline-landing\hero-section-video\blockout\blockout-master-v001\review\boundary-1200-f1201.png0438.png'
00:32.718  render           | Saved: 'F:\pnpline-landing\hero-section-video\blockout\blockout-master-v001\review\boundary-1200-f1201.png0439.png'
00:32.781  render           | Saved: 'F:\pnpline-landing\hero-section-video\blockout\blockout-master-v001\review\boundary-1200-f1201.png0440.png'
00:32.828  render           | Saved: 'F:\pnpline-landing\hero-section-video\blockout\blockout-master-v001\review\boundary-1200-f1201.png0441.png'
00:32.890  render           | Saved: 'F:\pnpline-landing\hero-section-video\blockout\blockout-master-v001\review\boundary-1200-f1201.png0442.png'
00:32.937  render           | Saved: 'F:\pnpline-landing\hero-section-video\blockout\blockout-master-v001\review\boundary-1200-f1201.png0443.png'
00:32.984  render           | Saved: 'F:\pnpline-landing\hero-section-video\blockout\blockout-master-v001\review\boundary-1200-f1201.png0444.png'
00:33.046  render           | Saved: 'F:\pnpline-landing\hero-section-video\blockout\blockout-master-v001\review\boundary-1200-f1201.png0445.png'
00:33.093  render           | Saved: 'F:\pnpline-landing\hero-section-video\blockout\blockout-master-v001\review\boundary-1200-f1201.png0446.png'
00:33.156  render           | Saved: 'F:\pnpline-landing\hero-section-video\blockout\blockout-master-v001\review\boundary-1200-f1201.png0447.png'
00:33.203  render           | Saved: 'F:\pnpline-landing\hero-section-video\blockout\blockout-master-v001\review\boundary-1200-f1201.png0448.png'
00:33.265  render           | Saved: 'F:\pnpline-landing\hero-section-video\blockout\blockout-master-v001\review\boundary-1200-f1201.png0449.png'
00:33.312  render           | Saved: 'F:\pnpline-landing\hero-section-video\blockout\blockout-master-v001\review\boundary-1200-f1201.png0450.png'
00:33.359  render           | Saved: 'F:\pnpline-landing\hero-section-video\blockout\blockout-master-v001\review\boundary-1200-f1201.png0451.png'
00:33.421  render           | Saved: 'F:\pnpline-landing\hero-section-video\blockout\blockout-master-v001\review\boundary-1200-f1201.png0452.png'
00:33.468  render           | Saved: 'F:\pnpline-landing\hero-section-video\blockout\blockout-master-v001\review\boundary-1200-f1201.png0453.png'
00:33.515  render           | Saved: 'F:\pnpline-landing\hero-section-video\blockout\blockout-master-v001\review\boundary-1200-f1201.png0454.png'
00:33.578  render           | Saved: 'F:\pnpline-landing\hero-section-video\blockout\blockout-master-v001\review\boundary-1200-f1201.png0455.png'
00:33.625  render           | Saved: 'F:\pnpline-landing\hero-section-video\blockout\blockout-master-v001\review\boundary-1200-f1201.png0456.png'
00:33.687  render           | Saved: 'F:\pnpline-landing\hero-section-video\blockout\blockout-master-v001\review\boundary-1200-f1201.png0457.png'
00:33.734  render           | Saved: 'F:\pnpline-landing\hero-section-video\blockout\blockout-master-v001\review\boundary-1200-f1201.png0458.png'
00:33.781  render           | Saved: 'F:\pnpline-landing\hero-section-video\blockout\blockout-master-v001\review\boundary-1200-f1201.png0459.png'
00:33.843  render           | Saved: 'F:\pnpline-landing\hero-section-video\blockout\blockout-master-v001\review\boundary-1200-f1201.png0460.png'
00:33.890  render           | Saved: 'F:\pnpline-landing\hero-section-video\blockout\blockout-master-v001\review\boundary-1200-f1201.png0461.png'
00:33.937  render           | Saved: 'F:\pnpline-landing\hero-section-video\blockout\blockout-master-v001\review\boundary-1200-f1201.png0462.png'
00:34.000  render           | Saved: 'F:\pnpline-landing\hero-section-video\blockout\blockout-master-v001\review\boundary-1200-f1201.png0463.png'
00:34.046  render           | Saved: 'F:\pnpline-landing\hero-section-video\blockout\blockout-master-v001\review\boundary-1200-f1201.png0464.png'
00:34.109  render           | Saved: 'F:\pnpline-landing\hero-section-video\blockout\blockout-master-v001\review\boundary-1200-f1201.png0465.png'
00:34.156  render           | Saved: 'F:\pnpline-landing\hero-section-video\blockout\blockout-master-v001\review\boundary-1200-f1201.png0466.png'
00:34.218  render           | Saved: 'F:\pnpline-landing\hero-section-video\blockout\blockout-master-v001\review\boundary-1200-f1201.png0467.png'
00:34.265  render           | Saved: 'F:\pnpline-landing\hero-section-video\blockout\blockout-master-v001\review\boundary-1200-f1201.png0468.png'
00:34.328  render           | Saved: 'F:\pnpline-landing\hero-section-video\blockout\blockout-master-v001\review\boundary-1200-f1201.png0469.png'
00:34.375  render           | Saved: 'F:\pnpline-landing\hero-section-video\blockout\blockout-master-v001\review\boundary-1200-f1201.png0470.png'
00:34.437  render           | Saved: 'F:\pnpline-landing\hero-section-video\blockout\blockout-master-v001\review\boundary-1200-f1201.png0471.png'
00:34.500  render           | Saved: 'F:\pnpline-landing\hero-section-video\blockout\blockout-master-v001\review\boundary-1200-f1201.png0472.png'
00:34.546  render           | Saved: 'F:\pnpline-landing\hero-section-video\blockout\blockout-master-v001\review\boundary-1200-f1201.png0473.png'
00:34.609  render           | Saved: 'F:\pnpline-landing\hero-section-video\blockout\blockout-master-v001\review\boundary-1200-f1201.png0474.png'
00:34.671  render           | Saved: 'F:\pnpline-landing\hero-section-video\blockout\blockout-master-v001\review\boundary-1200-f1201.png0475.png'
00:34.734  render           | Saved: 'F:\pnpline-landing\hero-section-video\blockout\blockout-master-v001\review\boundary-1200-f1201.png0476.png'
00:34.796  render           | Saved: 'F:\pnpline-landing\hero-section-video\blockout\blockout-master-v001\review\boundary-1200-f1201.png0477.png'
00:34.859  render           | Saved: 'F:\pnpline-landing\hero-section-video\blockout\blockout-master-v001\review\boundary-1200-f1201.png0478.png'
00:34.921  render           | Saved: 'F:\pnpline-landing\hero-section-video\blockout\blockout-master-v001\review\boundary-1200-f1201.png0479.png'
00:34.968  render           | Saved: 'F:\pnpline-landing\hero-section-video\blockout\blockout-master-v001\review\boundary-1200-f1201.png0480.png'
00:35.031  render           | Saved: 'F:\pnpline-landing\hero-section-video\blockout\blockout-master-v001\review\boundary-1200-f1201.png0481.png'
00:35.093  render           | Saved: 'F:\pnpline-landing\hero-section-video\blockout\blockout-master-v001\review\boundary-1200-f1201.png0482.png'
00:35.156  render           | Saved: 'F:\pnpline-landing\hero-section-video\blockout\blockout-master-v001\review\boundary-1200-f1201.png0483.png'
00:35.203  render           | Saved: 'F:\pnpline-landing\hero-section-video\blockout\blockout-master-v001\review\boundary-1200-f1201.png0484.png'
00:35.265  render           | Saved: 'F:\pnpline-landing\hero-section-video\blockout\blockout-master-v001\review\boundary-1200-f1201.png0485.png'
00:35.328  render           | Saved: 'F:\pnpline-landing\hero-section-video\blockout\blockout-master-v001\review\boundary-1200-f1201.png0486.png'
00:35.390  render           | Saved: 'F:\pnpline-landing\hero-section-video\blockout\blockout-master-v001\review\boundary-1200-f1201.png0487.png'
00:35.453  render           | Saved: 'F:\pnpline-landing\hero-section-video\blockout\blockout-master-v001\review\boundary-1200-f1201.png0488.png'
00:35.500  render           | Saved: 'F:\pnpline-landing\hero-section-video\blockout\blockout-master-v001\review\boundary-1200-f1201.png0489.png'
00:35.562  render           | Saved: 'F:\pnpline-landing\hero-section-video\blockout\blockout-master-v001\review\boundary-1200-f1201.png0490.png'
00:35.625  render           | Saved: 'F:\pnpline-landing\hero-section-video\blockout\blockout-master-v001\review\boundary-1200-f1201.png0491.png'
00:35.687  render           | Saved: 'F:\pnpline-landing\hero-section-video\blockout\blockout-master-v001\review\boundary-1200-f1201.png0492.png'
00:35.750  render           | Saved: 'F:\pnpline-landing\hero-section-video\blockout\blockout-master-v001\review\boundary-1200-f1201.png0493.png'
00:35.796  render           | Saved: 'F:\pnpline-landing\hero-section-video\blockout\blockout-master-v001\review\boundary-1200-f1201.png0494.png'
00:35.859  render           | Saved: 'F:\pnpline-landing\hero-section-video\blockout\blockout-master-v001\review\boundary-1200-f1201.png0495.png'
00:35.921  render           | Saved: 'F:\pnpline-landing\hero-section-video\blockout\blockout-master-v001\review\boundary-1200-f1201.png0496.png'
00:35.984  render           | Saved: 'F:\pnpline-landing\hero-section-video\blockout\blockout-master-v001\review\boundary-1200-f1201.png0497.png'
00:36.031  render           | Saved: 'F:\pnpline-landing\hero-section-video\blockout\blockout-master-v001\review\boundary-1200-f1201.png0498.png'
00:36.093  render           | Saved: 'F:\pnpline-landing\hero-section-video\blockout\blockout-master-v001\review\boundary-1200-f1201.png0499.png'
00:36.156  render           | Saved: 'F:\pnpline-landing\hero-section-video\blockout\blockout-master-v001\review\boundary-1200-f1201.png0500.png'
00:36.203  render           | Saved: 'F:\pnpline-landing\hero-section-video\blockout\blockout-master-v001\review\boundary-1200-f1201.png0501.png'
00:36.265  render           | Saved: 'F:\pnpline-landing\hero-section-video\blockout\blockout-master-v001\review\boundary-1200-f1201.png0502.png'
00:36.328  render           | Saved: 'F:\pnpline-landing\hero-section-video\blockout\blockout-master-v001\review\boundary-1200-f1201.png0503.png'
00:36.390  render           | Saved: 'F:\pnpline-landing\hero-section-video\blockout\blockout-master-v001\review\boundary-1200-f1201.png0504.png'
00:36.453  render           | Saved: 'F:\pnpline-landing\hero-section-video\blockout\blockout-master-v001\review\boundary-1200-f1201.png0505.png'
00:36.500  render           | Saved: 'F:\pnpline-landing\hero-section-video\blockout\blockout-master-v001\review\boundary-1200-f1201.png0506.png'
00:36.562  render           | Saved: 'F:\pnpline-landing\hero-section-video\blockout\blockout-master-v001\review\boundary-1200-f1201.png0507.png'
00:36.625  render           | Saved: 'F:\pnpline-landing\hero-section-video\blockout\blockout-master-v001\review\boundary-1200-f1201.png0508.png'
00:36.703  render           | Saved: 'F:\pnpline-landing\hero-section-video\blockout\blockout-master-v001\review\boundary-1200-f1201.png0509.png'
00:36.765  render           | Saved: 'F:\pnpline-landing\hero-section-video\blockout\blockout-master-v001\review\boundary-1200-f1201.png0510.png'
00:36.828  render           | Saved: 'F:\pnpline-landing\hero-section-video\blockout\blockout-master-v001\review\boundary-1200-f1201.png0511.png'
00:36.875  render           | Saved: 'F:\pnpline-landing\hero-section-video\blockout\blockout-master-v001\review\boundary-1200-f1201.png0512.png'
00:36.937  render           | Saved: 'F:\pnpline-landing\hero-section-video\blockout\blockout-master-v001\review\boundary-1200-f1201.png0513.png'
00:37.000  render           | Saved: 'F:\pnpline-landing\hero-section-video\blockout\blockout-master-v001\review\boundary-1200-f1201.png0514.png'
00:37.046  render           | Saved: 'F:\pnpline-landing\hero-section-video\blockout\blockout-master-v001\review\boundary-1200-f1201.png0515.png'
00:37.109  render           | Saved: 'F:\pnpline-landing\hero-section-video\blockout\blockout-master-v001\review\boundary-1200-f1201.png0516.png'
00:37.171  render           | Saved: 'F:\pnpline-landing\hero-section-video\blockout\blockout-master-v001\review\boundary-1200-f1201.png0517.png'
00:37.234  render           | Saved: 'F:\pnpline-landing\hero-section-video\blockout\blockout-master-v001\review\boundary-1200-f1201.png0518.png'
00:37.281  render           | Saved: 'F:\pnpline-landing\hero-section-video\blockout\blockout-master-v001\review\boundary-1200-f1201.png0519.png'
00:37.343  render           | Saved: 'F:\pnpline-landing\hero-section-video\blockout\blockout-master-v001\review\boundary-1200-f1201.png0520.png'
00:37.406  render           | Saved: 'F:\pnpline-landing\hero-section-video\blockout\blockout-master-v001\review\boundary-1200-f1201.png0521.png'
00:37.468  render           | Saved: 'F:\pnpline-landing\hero-section-video\blockout\blockout-master-v001\review\boundary-1200-f1201.png0522.png'
00:37.531  render           | Saved: 'F:\pnpline-landing\hero-section-video\blockout\blockout-master-v001\review\boundary-1200-f1201.png0523.png'
00:37.593  render           | Saved: 'F:\pnpline-landing\hero-section-video\blockout\blockout-master-v001\review\boundary-1200-f1201.png0524.png'
00:37.640  render           | Saved: 'F:\pnpline-landing\hero-section-video\blockout\blockout-master-v001\review\boundary-1200-f1201.png0525.png'
00:37.703  render           | Saved: 'F:\pnpline-landing\hero-section-video\blockout\blockout-master-v001\review\boundary-1200-f1201.png0526.png'
00:37.765  render           | Saved: 'F:\pnpline-landing\hero-section-video\blockout\blockout-master-v001\review\boundary-1200-f1201.png0527.png'
00:37.828  render           | Saved: 'F:\pnpline-landing\hero-section-video\blockout\blockout-master-v001\review\boundary-1200-f1201.png0528.png'
00:37.890  render           | Saved: 'F:\pnpline-landing\hero-section-video\blockout\blockout-master-v001\review\boundary-1200-f1201.png0529.png'
00:37.953  render           | Saved: 'F:\pnpline-landing\hero-section-video\blockout\blockout-master-v001\review\boundary-1200-f1201.png0530.png'
00:38.000  render           | Saved: 'F:\pnpline-landing\hero-section-video\blockout\blockout-master-v001\review\boundary-1200-f1201.png0531.png'
00:38.062  render           | Saved: 'F:\pnpline-landing\hero-section-video\blockout\blockout-master-v001\review\boundary-1200-f1201.png0532.png'
00:38.125  render           | Saved: 'F:\pnpline-landing\hero-section-video\blockout\blockout-master-v001\review\boundary-1200-f1201.png0533.png'
00:38.187  render           | Saved: 'F:\pnpline-landing\hero-section-video\blockout\blockout-master-v001\review\boundary-1200-f1201.png0534.png'
00:38.250  render           | Saved: 'F:\pnpline-landing\hero-section-video\blockout\blockout-master-v001\review\boundary-1200-f1201.png0535.png'
00:38.312  render           | Saved: 'F:\pnpline-landing\hero-section-video\blockout\blockout-master-v001\review\boundary-1200-f1201.png0536.png'
00:38.375  render           | Saved: 'F:\pnpline-landing\hero-section-video\blockout\blockout-master-v001\review\boundary-1200-f1201.png0537.png'
00:38.437  render           | Saved: 'F:\pnpline-landing\hero-section-video\blockout\blockout-master-v001\review\boundary-1200-f1201.png0538.png'
00:38.500  render           | Saved: 'F:\pnpline-landing\hero-section-video\blockout\blockout-master-v001\review\boundary-1200-f1201.png0539.png'
00:38.562  render           | Saved: 'F:\pnpline-landing\hero-section-video\blockout\blockout-master-v001\review\boundary-1200-f1201.png0540.png'
00:38.625  render           | Saved: 'F:\pnpline-landing\hero-section-video\blockout\blockout-master-v001\review\boundary-1200-f1201.png0541.png'
00:38.687  render           | Saved: 'F:\pnpline-landing\hero-section-video\blockout\blockout-master-v001\review\boundary-1200-f1201.png0542.png'
00:38.750  render           | Saved: 'F:\pnpline-landing\hero-section-video\blockout\blockout-master-v001\review\boundary-1200-f1201.png0543.png'
00:38.796  render           | Saved: 'F:\pnpline-landing\hero-section-video\blockout\blockout-master-v001\review\boundary-1200-f1201.png0544.png'
00:38.859  render           | Saved: 'F:\pnpline-landing\hero-section-video\blockout\blockout-master-v001\review\boundary-1200-f1201.png0545.png'
00:38.921  render           | Saved: 'F:\pnpline-landing\hero-section-video\blockout\blockout-master-v001\review\boundary-1200-f1201.png0546.png'
00:38.984  render           | Saved: 'F:\pnpline-landing\hero-section-video\blockout\blockout-master-v001\review\boundary-1200-f1201.png0547.png'
00:39.031  render           | Saved: 'F:\pnpline-landing\hero-section-video\blockout\blockout-master-v001\review\boundary-1200-f1201.png0548.png'
00:39.093  render           | Saved: 'F:\pnpline-landing\hero-section-video\blockout\blockout-master-v001\review\boundary-1200-f1201.png0549.png'
00:39.156  render           | Saved: 'F:\pnpline-landing\hero-section-video\blockout\blockout-master-v001\review\boundary-1200-f1201.png0550.png'
00:39.203  render           | Saved: 'F:\pnpline-landing\hero-section-video\blockout\blockout-master-v001\review\boundary-1200-f1201.png0551.png'
00:39.265  render           | Saved: 'F:\pnpline-landing\hero-section-video\blockout\blockout-master-v001\review\boundary-1200-f1201.png0552.png'
00:39.328  render           | Saved: 'F:\pnpline-landing\hero-section-video\blockout\blockout-master-v001\review\boundary-1200-f1201.png0553.png'
00:39.390  render           | Saved: 'F:\pnpline-landing\hero-section-video\blockout\blockout-master-v001\review\boundary-1200-f1201.png0554.png'
00:39.437  render           | Saved: 'F:\pnpline-landing\hero-section-video\blockout\blockout-master-v001\review\boundary-1200-f1201.png0555.png'
00:39.500  render           | Saved: 'F:\pnpline-landing\hero-section-video\blockout\blockout-master-v001\review\boundary-1200-f1201.png0556.png'
00:39.562  render           | Saved: 'F:\pnpline-landing\hero-section-video\blockout\blockout-master-v001\review\boundary-1200-f1201.png0557.png'
00:39.625  render           | Saved: 'F:\pnpline-landing\hero-section-video\blockout\blockout-master-v001\review\boundary-1200-f1201.png0558.png'
00:39.687  render           | Saved: 'F:\pnpline-landing\hero-section-video\blockout\blockout-master-v001\review\boundary-1200-f1201.png0559.png'
00:39.765  render           | Saved: 'F:\pnpline-landing\hero-section-video\blockout\blockout-master-v001\review\boundary-1200-f1201.png0560.png'
00:39.828  render           | Saved: 'F:\pnpline-landing\hero-section-video\blockout\blockout-master-v001\review\boundary-1200-f1201.png0561.png'
00:39.890  render           | Saved: 'F:\pnpline-landing\hero-section-video\blockout\blockout-master-v001\review\boundary-1200-f1201.png0562.png'
00:39.937  render           | Saved: 'F:\pnpline-landing\hero-section-video\blockout\blockout-master-v001\review\boundary-1200-f1201.png0563.png'
00:40.000  render           | Saved: 'F:\pnpline-landing\hero-section-video\blockout\blockout-master-v001\review\boundary-1200-f1201.png0564.png'
00:40.062  render           | Saved: 'F:\pnpline-landing\hero-section-video\blockout\blockout-master-v001\review\boundary-1200-f1201.png0565.png'
00:40.125  render           | Saved: 'F:\pnpline-landing\hero-section-video\blockout\blockout-master-v001\review\boundary-1200-f1201.png0566.png'
00:40.187  render           | Saved: 'F:\pnpline-landing\hero-section-video\blockout\blockout-master-v001\review\boundary-1200-f1201.png0567.png'
00:40.234  render           | Saved: 'F:\pnpline-landing\hero-section-video\blockout\blockout-master-v001\review\boundary-1200-f1201.png0568.png'
00:40.296  render           | Saved: 'F:\pnpline-landing\hero-section-video\blockout\blockout-master-v001\review\boundary-1200-f1201.png0569.png'
00:40.359  render           | Saved: 'F:\pnpline-landing\hero-section-video\blockout\blockout-master-v001\review\boundary-1200-f1201.png0570.png'
00:40.421  render           | Saved: 'F:\pnpline-landing\hero-section-video\blockout\blockout-master-v001\review\boundary-1200-f1201.png0571.png'
00:40.468  render           | Saved: 'F:\pnpline-landing\hero-section-video\blockout\blockout-master-v001\review\boundary-1200-f1201.png0572.png'
00:40.531  render           | Saved: 'F:\pnpline-landing\hero-section-video\blockout\blockout-master-v001\review\boundary-1200-f1201.png0573.png'
00:40.578  render           | Saved: 'F:\pnpline-landing\hero-section-video\blockout\blockout-master-v001\review\boundary-1200-f1201.png0574.png'
00:40.640  render           | Saved: 'F:\pnpline-landing\hero-section-video\blockout\blockout-master-v001\review\boundary-1200-f1201.png0575.png'
00:40.687  render           | Saved: 'F:\pnpline-landing\hero-section-video\blockout\blockout-master-v001\review\boundary-1200-f1201.png0576.png'
00:40.750  render           | Saved: 'F:\pnpline-landing\hero-section-video\blockout\blockout-master-v001\review\boundary-1200-f1201.png0577.png'
00:40.796  render           | Saved: 'F:\pnpline-landing\hero-section-video\blockout\blockout-master-v001\review\boundary-1200-f1201.png0578.png'
00:40.859  render           | Saved: 'F:\pnpline-landing\hero-section-video\blockout\blockout-master-v001\review\boundary-1200-f1201.png0579.png'
00:40.906  render           | Saved: 'F:\pnpline-landing\hero-section-video\blockout\blockout-master-v001\review\boundary-1200-f1201.png0580.png'
00:40.968  render           | Saved: 'F:\pnpline-landing\hero-section-video\blockout\blockout-master-v001\review\boundary-1200-f1201.png0581.png'
00:41.031  render           | Saved: 'F:\pnpline-landing\hero-section-video\blockout\blockout-master-v001\review\boundary-1200-f1201.png0582.png'
00:41.093  render           | Saved: 'F:\pnpline-landing\hero-section-video\blockout\blockout-master-v001\review\boundary-1200-f1201.png0583.png'
00:41.156  render           | Saved: 'F:\pnpline-landing\hero-section-video\blockout\blockout-master-v001\review\boundary-1200-f1201.png0584.png'
00:41.203  render           | Saved: 'F:\pnpline-landing\hero-section-video\blockout\blockout-master-v001\review\boundary-1200-f1201.png0585.png'
00:41.265  render           | Saved: 'F:\pnpline-landing\hero-section-video\blockout\blockout-master-v001\review\boundary-1200-f1201.png0586.png'
00:41.312  render           | Saved: 'F:\pnpline-landing\hero-section-video\blockout\blockout-master-v001\review\boundary-1200-f1201.png0587.png'
00:41.375  render           | Saved: 'F:\pnpline-landing\hero-section-video\blockout\blockout-master-v001\review\boundary-1200-f1201.png0588.png'
00:41.421  render           | Saved: 'F:\pnpline-landing\hero-section-video\blockout\blockout-master-v001\review\boundary-1200-f1201.png0589.png'
00:41.484  render           | Saved: 'F:\pnpline-landing\hero-section-video\blockout\blockout-master-v001\review\boundary-1200-f1201.png0590.png'
00:41.531  render           | Saved: 'F:\pnpline-landing\hero-section-video\blockout\blockout-master-v001\review\boundary-1200-f1201.png0591.png'
00:41.593  render           | Saved: 'F:\pnpline-landing\hero-section-video\blockout\blockout-master-v001\review\boundary-1200-f1201.png0592.png'
00:41.656  render           | Saved: 'F:\pnpline-landing\hero-section-video\blockout\blockout-master-v001\review\boundary-1200-f1201.png0593.png'
00:41.718  render           | Saved: 'F:\pnpline-landing\hero-section-video\blockout\blockout-master-v001\review\boundary-1200-f1201.png0594.png'
00:41.765  render           | Saved: 'F:\pnpline-landing\hero-section-video\blockout\blockout-master-v001\review\boundary-1200-f1201.png0595.png'
00:41.828  render           | Saved: 'F:\pnpline-landing\hero-section-video\blockout\blockout-master-v001\review\boundary-1200-f1201.png0596.png'
00:41.890  render           | Saved: 'F:\pnpline-landing\hero-section-video\blockout\blockout-master-v001\review\boundary-1200-f1201.png0597.png'
00:41.937  render           | Saved: 'F:\pnpline-landing\hero-section-video\blockout\blockout-master-v001\review\boundary-1200-f1201.png0598.png'
00:42.000  render           | Saved: 'F:\pnpline-landing\hero-section-video\blockout\blockout-master-v001\review\boundary-1200-f1201.png0599.png'
00:42.062  render           | Saved: 'F:\pnpline-landing\hero-section-video\blockout\blockout-master-v001\review\boundary-1200-f1201.png0600.png'
00:42.125  render           | Saved: 'F:\pnpline-landing\hero-section-video\blockout\blockout-master-v001\review\boundary-1200-f1201.png0601.png'
00:42.187  render           | Saved: 'F:\pnpline-landing\hero-section-video\blockout\blockout-master-v001\review\boundary-1200-f1201.png0602.png'
00:42.250  render           | Saved: 'F:\pnpline-landing\hero-section-video\blockout\blockout-master-v001\review\boundary-1200-f1201.png0603.png'
00:42.312  render           | Saved: 'F:\pnpline-landing\hero-section-video\blockout\blockout-master-v001\review\boundary-1200-f1201.png0604.png'
00:42.375  render           | Saved: 'F:\pnpline-landing\hero-section-video\blockout\blockout-master-v001\review\boundary-1200-f1201.png0605.png'
00:42.437  render           | Saved: 'F:\pnpline-landing\hero-section-video\blockout\blockout-master-v001\review\boundary-1200-f1201.png0606.png'
00:42.500  render           | Saved: 'F:\pnpline-landing\hero-section-video\blockout\blockout-master-v001\review\boundary-1200-f1201.png0607.png'
00:42.546  render           | Saved: 'F:\pnpline-landing\hero-section-video\blockout\blockout-master-v001\review\boundary-1200-f1201.png0608.png'
00:42.609  render           | Saved: 'F:\pnpline-landing\hero-section-video\blockout\blockout-master-v001\review\boundary-1200-f1201.png0609.png'
00:42.671  render           | Saved: 'F:\pnpline-landing\hero-section-video\blockout\blockout-master-v001\review\boundary-1200-f1201.png0610.png'
00:42.718  render           | Saved: 'F:\pnpline-landing\hero-section-video\blockout\blockout-master-v001\review\boundary-1200-f1201.png0611.png'
00:42.781  render           | Saved: 'F:\pnpline-landing\hero-section-video\blockout\blockout-master-v001\review\boundary-1200-f1201.png0612.png'
00:42.828  render           | Saved: 'F:\pnpline-landing\hero-section-video\blockout\blockout-master-v001\review\boundary-1200-f1201.png0613.png'
00:42.890  render           | Saved: 'F:\pnpline-landing\hero-section-video\blockout\blockout-master-v001\review\boundary-1200-f1201.png0614.png'
00:42.937  render           | Saved: 'F:\pnpline-landing\hero-section-video\blockout\blockout-master-v001\review\boundary-1200-f1201.png0615.png'
00:43.000  render           | Saved: 'F:\pnpline-landing\hero-section-video\blockout\blockout-master-v001\review\boundary-1200-f1201.png0616.png'
00:43.062  render           | Saved: 'F:\pnpline-landing\hero-section-video\blockout\blockout-master-v001\review\boundary-1200-f1201.png0617.png'
00:43.109  render           | Saved: 'F:\pnpline-landing\hero-section-video\blockout\blockout-master-v001\review\boundary-1200-f1201.png0618.png'
00:43.171  render           | Saved: 'F:\pnpline-landing\hero-section-video\blockout\blockout-master-v001\review\boundary-1200-f1201.png0619.png'
00:43.218  render           | Saved: 'F:\pnpline-landing\hero-section-video\blockout\blockout-master-v001\review\boundary-1200-f1201.png0620.png'
00:43.281  render           | Saved: 'F:\pnpline-landing\hero-section-video\blockout\blockout-master-v001\review\boundary-1200-f1201.png0621.png'
00:43.328  render           | Saved: 'F:\pnpline-landing\hero-section-video\blockout\blockout-master-v001\review\boundary-1200-f1201.png0622.png'
00:43.390  render           | Saved: 'F:\pnpline-landing\hero-section-video\blockout\blockout-master-v001\review\boundary-1200-f1201.png0623.png'
00:43.453  render           | Saved: 'F:\pnpline-landing\hero-section-video\blockout\blockout-master-v001\review\boundary-1200-f1201.png0624.png'
00:43.500  render           | Saved: 'F:\pnpline-landing\hero-section-video\blockout\blockout-master-v001\review\boundary-1200-f1201.png0625.png'
00:43.562  render           | Saved: 'F:\pnpline-landing\hero-section-video\blockout\blockout-master-v001\review\boundary-1200-f1201.png0626.png'
00:43.625  render           | Saved: 'F:\pnpline-landing\hero-section-video\blockout\blockout-master-v001\review\boundary-1200-f1201.png0627.png'
00:43.687  render           | Saved: 'F:\pnpline-landing\hero-section-video\blockout\blockout-master-v001\review\boundary-1200-f1201.png0628.png'
00:43.734  render           | Saved: 'F:\pnpline-landing\hero-section-video\blockout\blockout-master-v001\review\boundary-1200-f1201.png0629.png'
00:43.796  render           | Saved: 'F:\pnpline-landing\hero-section-video\blockout\blockout-master-v001\review\boundary-1200-f1201.png0630.png'
00:43.843  render           | Saved: 'F:\pnpline-landing\hero-section-video\blockout\blockout-master-v001\review\boundary-1200-f1201.png0631.png'
00:43.906  render           | Saved: 'F:\pnpline-landing\hero-section-video\blockout\blockout-master-v001\review\boundary-1200-f1201.png0632.png'
00:43.953  render           | Saved: 'F:\pnpline-landing\hero-section-video\blockout\blockout-master-v001\review\boundary-1200-f1201.png0633.png'
00:44.015  render           | Saved: 'F:\pnpline-landing\hero-section-video\blockout\blockout-master-v001\review\boundary-1200-f1201.png0634.png'
00:44.078  render           | Saved: 'F:\pnpline-landing\hero-section-video\blockout\blockout-master-v001\review\boundary-1200-f1201.png0635.png'
00:44.140  render           | Saved: 'F:\pnpline-landing\hero-section-video\blockout\blockout-master-v001\review\boundary-1200-f1201.png0636.png'
00:44.203  render           | Saved: 'F:\pnpline-landing\hero-section-video\blockout\blockout-master-v001\review\boundary-1200-f1201.png0637.png'
00:44.265  render           | Saved: 'F:\pnpline-landing\hero-section-video\blockout\blockout-master-v001\review\boundary-1200-f1201.png0638.png'
00:44.328  render           | Saved: 'F:\pnpline-landing\hero-section-video\blockout\blockout-master-v001\review\boundary-1200-f1201.png0639.png'
00:44.375  render           | Saved: 'F:\pnpline-landing\hero-section-video\blockout\blockout-master-v001\review\boundary-1200-f1201.png0640.png'
00:44.437  render           | Saved: 'F:\pnpline-landing\hero-section-video\blockout\blockout-master-v001\review\boundary-1200-f1201.png0641.png'
00:44.500  render           | Saved: 'F:\pnpline-landing\hero-section-video\blockout\blockout-master-v001\review\boundary-1200-f1201.png0642.png'
00:44.562  render           | Saved: 'F:\pnpline-landing\hero-section-video\blockout\blockout-master-v001\review\boundary-1200-f1201.png0643.png'
00:44.625  render           | Saved: 'F:\pnpline-landing\hero-section-video\blockout\blockout-master-v001\review\boundary-1200-f1201.png0644.png'
00:44.671  render           | Saved: 'F:\pnpline-landing\hero-section-video\blockout\blockout-master-v001\review\boundary-1200-f1201.png0645.png'
00:44.734  render           | Saved: 'F:\pnpline-landing\hero-section-video\blockout\blockout-master-v001\review\boundary-1200-f1201.png0646.png'
00:44.796  render           | Saved: 'F:\pnpline-landing\hero-section-video\blockout\blockout-master-v001\review\boundary-1200-f1201.png0647.png'
00:44.859  render           | Saved: 'F:\pnpline-landing\hero-section-video\blockout\blockout-master-v001\review\boundary-1200-f1201.png0648.png'
00:44.921  render           | Saved: 'F:\pnpline-landing\hero-section-video\blockout\blockout-master-v001\review\boundary-1200-f1201.png0649.png'
00:44.968  render           | Saved: 'F:\pnpline-landing\hero-section-video\blockout\blockout-master-v001\review\boundary-1200-f1201.png0650.png'
00:45.031  render           | Saved: 'F:\pnpline-landing\hero-section-video\blockout\blockout-master-v001\review\boundary-1200-f1201.png0651.png'
00:45.078  render           | Saved: 'F:\pnpline-landing\hero-section-video\blockout\blockout-master-v001\review\boundary-1200-f1201.png0652.png'
00:45.140  render           | Saved: 'F:\pnpline-landing\hero-section-video\blockout\blockout-master-v001\review\boundary-1200-f1201.png0653.png'
00:45.187  render           | Saved: 'F:\pnpline-landing\hero-section-video\blockout\blockout-master-v001\review\boundary-1200-f1201.png0654.png'
00:45.250  render           | Saved: 'F:\pnpline-landing\hero-section-video\blockout\blockout-master-v001\review\boundary-1200-f1201.png0655.png'
00:45.296  render           | Saved: 'F:\pnpline-landing\hero-section-video\blockout\blockout-master-v001\review\boundary-1200-f1201.png0656.png'
00:45.343  render           | Saved: 'F:\pnpline-landing\hero-section-video\blockout\blockout-master-v001\review\boundary-1200-f1201.png0657.png'
00:45.406  render           | Saved: 'F:\pnpline-landing\hero-section-video\blockout\blockout-master-v001\review\boundary-1200-f1201.png0658.png'
00:45.453  render           | Saved: 'F:\pnpline-landing\hero-section-video\blockout\blockout-master-v001\review\boundary-1200-f1201.png0659.png'
00:45.515  render           | Saved: 'F:\pnpline-landing\hero-section-video\blockout\blockout-master-v001\review\boundary-1200-f1201.png0660.png'
00:45.562  render           | Saved: 'F:\pnpline-landing\hero-section-video\blockout\blockout-master-v001\review\boundary-1200-f1201.png0661.png'
00:45.625  render           | Saved: 'F:\pnpline-landing\hero-section-video\blockout\blockout-master-v001\review\boundary-1200-f1201.png0662.png'
00:45.671  render           | Saved: 'F:\pnpline-landing\hero-section-video\blockout\blockout-master-v001\review\boundary-1200-f1201.png0663.png'
00:45.734  render           | Saved: 'F:\pnpline-landing\hero-section-video\blockout\blockout-master-v001\review\boundary-1200-f1201.png0664.png'
00:45.781  render           | Saved: 'F:\pnpline-landing\hero-section-video\blockout\blockout-master-v001\review\boundary-1200-f1201.png0665.png'
00:45.843  render           | Saved: 'F:\pnpline-landing\hero-section-video\blockout\blockout-master-v001\review\boundary-1200-f1201.png0666.png'
00:45.890  render           | Saved: 'F:\pnpline-landing\hero-section-video\blockout\blockout-master-v001\review\boundary-1200-f1201.png0667.png'
00:45.953  render           | Saved: 'F:\pnpline-landing\hero-section-video\blockout\blockout-master-v001\review\boundary-1200-f1201.png0668.png'
00:46.000  render           | Saved: 'F:\pnpline-landing\hero-section-video\blockout\blockout-master-v001\review\boundary-1200-f1201.png0669.png'
00:46.062  render           | Saved: 'F:\pnpline-landing\hero-section-video\blockout\blockout-master-v001\review\boundary-1200-f1201.png0670.png'
00:46.109  render           | Saved: 'F:\pnpline-landing\hero-section-video\blockout\blockout-master-v001\review\boundary-1200-f1201.png0671.png'
00:46.171  render           | Saved: 'F:\pnpline-landing\hero-section-video\blockout\blockout-master-v001\review\boundary-1200-f1201.png0672.png'
00:46.218  render           | Saved: 'F:\pnpline-landing\hero-section-video\blockout\blockout-master-v001\review\boundary-1200-f1201.png0673.png'
00:46.281  render           | Saved: 'F:\pnpline-landing\hero-section-video\blockout\blockout-master-v001\review\boundary-1200-f1201.png0674.png'
00:46.328  render           | Saved: 'F:\pnpline-landing\hero-section-video\blockout\blockout-master-v001\review\boundary-1200-f1201.png0675.png'
00:46.390  render           | Saved: 'F:\pnpline-landing\hero-section-video\blockout\blockout-master-v001\review\boundary-1200-f1201.png0676.png'
00:46.437  render           | Saved: 'F:\pnpline-landing\hero-section-video\blockout\blockout-master-v001\review\boundary-1200-f1201.png0677.png'
00:46.484  render           | Saved: 'F:\pnpline-landing\hero-section-video\blockout\blockout-master-v001\review\boundary-1200-f1201.png0678.png'
00:46.546  render           | Saved: 'F:\pnpline-landing\hero-section-video\blockout\blockout-master-v001\review\boundary-1200-f1201.png0679.png'
00:46.593  render           | Saved: 'F:\pnpline-landing\hero-section-video\blockout\blockout-master-v001\review\boundary-1200-f1201.png0680.png'
00:46.656  render           | Saved: 'F:\pnpline-landing\hero-section-video\blockout\blockout-master-v001\review\boundary-1200-f1201.png0681.png'
00:46.703  render           | Saved: 'F:\pnpline-landing\hero-section-video\blockout\blockout-master-v001\review\boundary-1200-f1201.png0682.png'
00:46.765  render           | Saved: 'F:\pnpline-landing\hero-section-video\blockout\blockout-master-v001\review\boundary-1200-f1201.png0683.png'
00:46.812  render           | Saved: 'F:\pnpline-landing\hero-section-video\blockout\blockout-master-v001\review\boundary-1200-f1201.png0684.png'
00:46.875  render           | Saved: 'F:\pnpline-landing\hero-section-video\blockout\blockout-master-v001\review\boundary-1200-f1201.png0685.png'
00:46.921  render           | Saved: 'F:\pnpline-landing\hero-section-video\blockout\blockout-master-v001\review\boundary-1200-f1201.png0686.png'
00:46.968  render           | Saved: 'F:\pnpline-landing\hero-section-video\blockout\blockout-master-v001\review\boundary-1200-f1201.png0687.png'
00:47.031  render           | Saved: 'F:\pnpline-landing\hero-section-video\blockout\blockout-master-v001\review\boundary-1200-f1201.png0688.png'
00:47.078  render           | Saved: 'F:\pnpline-landing\hero-section-video\blockout\blockout-master-v001\review\boundary-1200-f1201.png0689.png'
00:47.140  render           | Saved: 'F:\pnpline-landing\hero-section-video\blockout\blockout-master-v001\review\boundary-1200-f1201.png0690.png'
00:47.187  render           | Saved: 'F:\pnpline-landing\hero-section-video\blockout\blockout-master-v001\review\boundary-1200-f1201.png0691.png'
00:47.250  render           | Saved: 'F:\pnpline-landing\hero-section-video\blockout\blockout-master-v001\review\boundary-1200-f1201.png0692.png'
00:47.312  render           | Saved: 'F:\pnpline-landing\hero-section-video\blockout\blockout-master-v001\review\boundary-1200-f1201.png0693.png'
00:47.375  render           | Saved: 'F:\pnpline-landing\hero-section-video\blockout\blockout-master-v001\review\boundary-1200-f1201.png0694.png'
00:47.421  render           | Saved: 'F:\pnpline-landing\hero-section-video\blockout\blockout-master-v001\review\boundary-1200-f1201.png0695.png'
00:47.484  render           | Saved: 'F:\pnpline-landing\hero-section-video\blockout\blockout-master-v001\review\boundary-1200-f1201.png0696.png'
00:47.531  render           | Saved: 'F:\pnpline-landing\hero-section-video\blockout\blockout-master-v001\review\boundary-1200-f1201.png0697.png'
00:47.593  render           | Saved: 'F:\pnpline-landing\hero-section-video\blockout\blockout-master-v001\review\boundary-1200-f1201.png0698.png'
00:47.640  render           | Saved: 'F:\pnpline-landing\hero-section-video\blockout\blockout-master-v001\review\boundary-1200-f1201.png0699.png'
00:47.703  render           | Saved: 'F:\pnpline-landing\hero-section-video\blockout\blockout-master-v001\review\boundary-1200-f1201.png0700.png'
00:47.750  render           | Saved: 'F:\pnpline-landing\hero-section-video\blockout\blockout-master-v001\review\boundary-1200-f1201.png0701.png'
00:47.796  render           | Saved: 'F:\pnpline-landing\hero-section-video\blockout\blockout-master-v001\review\boundary-1200-f1201.png0702.png'
00:47.859  render           | Saved: 'F:\pnpline-landing\hero-section-video\blockout\blockout-master-v001\review\boundary-1200-f1201.png0703.png'
00:47.906  render           | Saved: 'F:\pnpline-landing\hero-section-video\blockout\blockout-master-v001\review\boundary-1200-f1201.png0704.png'
00:47.968  render           | Saved: 'F:\pnpline-landing\hero-section-video\blockout\blockout-master-v001\review\boundary-1200-f1201.png0705.png'
00:48.031  render           | Saved: 'F:\pnpline-landing\hero-section-video\blockout\blockout-master-v001\review\boundary-1200-f1201.png0706.png'
00:48.078  render           | Saved: 'F:\pnpline-landing\hero-section-video\blockout\blockout-master-v001\review\boundary-1200-f1201.png0707.png'
00:48.140  render           | Saved: 'F:\pnpline-landing\hero-section-video\blockout\blockout-master-v001\review\boundary-1200-f1201.png0708.png'
00:48.203  render           | Saved: 'F:\pnpline-landing\hero-section-video\blockout\blockout-master-v001\review\boundary-1200-f1201.png0709.png'
00:48.250  render           | Saved: 'F:\pnpline-landing\hero-section-video\blockout\blockout-master-v001\review\boundary-1200-f1201.png0710.png'
00:48.312  render           | Saved: 'F:\pnpline-landing\hero-section-video\blockout\blockout-master-v001\review\boundary-1200-f1201.png0711.png'
00:48.359  render           | Saved: 'F:\pnpline-landing\hero-section-video\blockout\blockout-master-v001\review\boundary-1200-f1201.png0712.png'
00:48.406  render           | Saved: 'F:\pnpline-landing\hero-section-video\blockout\blockout-master-v001\review\boundary-1200-f1201.png0713.png'
00:48.468  render           | Saved: 'F:\pnpline-landing\hero-section-video\blockout\blockout-master-v001\review\boundary-1200-f1201.png0714.png'
00:48.531  render           | Saved: 'F:\pnpline-landing\hero-section-video\blockout\blockout-master-v001\review\boundary-1200-f1201.png0715.png'
00:48.578  render           | Saved: 'F:\pnpline-landing\hero-section-video\blockout\blockout-master-v001\review\boundary-1200-f1201.png0716.png'
00:48.640  render           | Saved: 'F:\pnpline-landing\hero-section-video\blockout\blockout-master-v001\review\boundary-1200-f1201.png0717.png'
00:48.687  render           | Saved: 'F:\pnpline-landing\hero-section-video\blockout\blockout-master-v001\review\boundary-1200-f1201.png0718.png'
00:48.750  render           | Saved: 'F:\pnpline-landing\hero-section-video\blockout\blockout-master-v001\review\boundary-1200-f1201.png0719.png'
00:48.796  render           | Saved: 'F:\pnpline-landing\hero-section-video\blockout\blockout-master-v001\review\boundary-1200-f1201.png0720.png'
00:48.859  render           | Saved: 'F:\pnpline-landing\hero-section-video\blockout\blockout-master-v001\review\boundary-1200-f1201.png0721.png'
00:48.906  render           | Saved: 'F:\pnpline-landing\hero-section-video\blockout\blockout-master-v001\review\boundary-1200-f1201.png0722.png'
00:48.968  render           | Saved: 'F:\pnpline-landing\hero-section-video\blockout\blockout-master-v001\review\boundary-1200-f1201.png0723.png'
00:49.015  render           | Saved: 'F:\pnpline-landing\hero-section-video\blockout\blockout-master-v001\review\boundary-1200-f1201.png0724.png'
00:49.078  render           | Saved: 'F:\pnpline-landing\hero-section-video\blockout\blockout-master-v001\review\boundary-1200-f1201.png0725.png'
00:49.125  render           | Saved: 'F:\pnpline-landing\hero-section-video\blockout\blockout-master-v001\review\boundary-1200-f1201.png0726.png'
00:49.187  render           | Saved: 'F:\pnpline-landing\hero-section-video\blockout\blockout-master-v001\review\boundary-1200-f1201.png0727.png'
00:49.234  render           | Saved: 'F:\pnpline-landing\hero-section-video\blockout\blockout-master-v001\review\boundary-1200-f1201.png0728.png'
00:49.296  render           | Saved: 'F:\pnpline-landing\hero-section-video\blockout\blockout-master-v001\review\boundary-1200-f1201.png0729.png'
00:49.343  render           | Saved: 'F:\pnpline-landing\hero-section-video\blockout\blockout-master-v001\review\boundary-1200-f1201.png0730.png'
00:49.406  render           | Saved: 'F:\pnpline-landing\hero-section-video\blockout\blockout-master-v001\review\boundary-1200-f1201.png0731.png'
00:49.453  render           | Saved: 'F:\pnpline-landing\hero-section-video\blockout\blockout-master-v001\review\boundary-1200-f1201.png0732.png'
00:49.515  render           | Saved: 'F:\pnpline-landing\hero-section-video\blockout\blockout-master-v001\review\boundary-1200-f1201.png0733.png'
00:49.562  render           | Saved: 'F:\pnpline-landing\hero-section-video\blockout\blockout-master-v001\review\boundary-1200-f1201.png0734.png'
00:49.609  render           | Saved: 'F:\pnpline-landing\hero-section-video\blockout\blockout-master-v001\review\boundary-1200-f1201.png0735.png'
00:49.671  render           | Saved: 'F:\pnpline-landing\hero-section-video\blockout\blockout-master-v001\review\boundary-1200-f1201.png0736.png'
00:49.718  render           | Saved: 'F:\pnpline-landing\hero-section-video\blockout\blockout-master-v001\review\boundary-1200-f1201.png0737.png'
00:49.765  render           | Saved: 'F:\pnpline-landing\hero-section-video\blockout\blockout-master-v001\review\boundary-1200-f1201.png0738.png'
00:49.828  render           | Saved: 'F:\pnpline-landing\hero-section-video\blockout\blockout-master-v001\review\boundary-1200-f1201.png0739.png'
00:49.875  render           | Saved: 'F:\pnpline-landing\hero-section-video\blockout\blockout-master-v001\review\boundary-1200-f1201.png0740.png'
00:49.921  render           | Saved: 'F:\pnpline-landing\hero-section-video\blockout\blockout-master-v001\review\boundary-1200-f1201.png0741.png'
00:49.984  render           | Saved: 'F:\pnpline-landing\hero-section-video\blockout\blockout-master-v001\review\boundary-1200-f1201.png0742.png'
00:50.031  render           | Saved: 'F:\pnpline-landing\hero-section-video\blockout\blockout-master-v001\review\boundary-1200-f1201.png0743.png'
00:50.093  render           | Saved: 'F:\pnpline-landing\hero-section-video\blockout\blockout-master-v001\review\boundary-1200-f1201.png0744.png'
00:50.140  render           | Saved: 'F:\pnpline-landing\hero-section-video\blockout\blockout-master-v001\review\boundary-1200-f1201.png0745.png'
00:50.187  render           | Saved: 'F:\pnpline-landing\hero-section-video\blockout\blockout-master-v001\review\boundary-1200-f1201.png0746.png'
00:50.250  render           | Saved: 'F:\pnpline-landing\hero-section-video\blockout\blockout-master-v001\review\boundary-1200-f1201.png0747.png'
00:50.312  render           | Saved: 'F:\pnpline-landing\hero-section-video\blockout\blockout-master-v001\review\boundary-1200-f1201.png0748.png'
00:50.359  render           | Saved: 'F:\pnpline-landing\hero-section-video\blockout\blockout-master-v001\review\boundary-1200-f1201.png0749.png'
00:50.421  render           | Saved: 'F:\pnpline-landing\hero-section-video\blockout\blockout-master-v001\review\boundary-1200-f1201.png0750.png'
00:50.468  render           | Saved: 'F:\pnpline-landing\hero-section-video\blockout\blockout-master-v001\review\boundary-1200-f1201.png0751.png'
00:50.531  render           | Saved: 'F:\pnpline-landing\hero-section-video\blockout\blockout-master-v001\review\boundary-1200-f1201.png0752.png'
00:50.593  render           | Saved: 'F:\pnpline-landing\hero-section-video\blockout\blockout-master-v001\review\boundary-1200-f1201.png0753.png'
00:50.656  render           | Saved: 'F:\pnpline-landing\hero-section-video\blockout\blockout-master-v001\review\boundary-1200-f1201.png0754.png'
00:50.718  render           | Saved: 'F:\pnpline-landing\hero-section-video\blockout\blockout-master-v001\review\boundary-1200-f1201.png0755.png'
00:50.765  render           | Saved: 'F:\pnpline-landing\hero-section-video\blockout\blockout-master-v001\review\boundary-1200-f1201.png0756.png'
00:50.828  render           | Saved: 'F:\pnpline-landing\hero-section-video\blockout\blockout-master-v001\review\boundary-1200-f1201.png0757.png'
00:50.890  render           | Saved: 'F:\pnpline-landing\hero-section-video\blockout\blockout-master-v001\review\boundary-1200-f1201.png0758.png'
00:50.953  render           | Saved: 'F:\pnpline-landing\hero-section-video\blockout\blockout-master-v001\review\boundary-1200-f1201.png0759.png'
00:51.015  render           | Saved: 'F:\pnpline-landing\hero-section-video\blockout\blockout-master-v001\review\boundary-1200-f1201.png0760.png'
00:51.062  render           | Saved: 'F:\pnpline-landing\hero-section-video\blockout\blockout-master-v001\review\boundary-1200-f1201.png0761.png'
00:51.125  render           | Saved: 'F:\pnpline-landing\hero-section-video\blockout\blockout-master-v001\review\boundary-1200-f1201.png0762.png'
00:51.187  render           | Saved: 'F:\pnpline-landing\hero-section-video\blockout\blockout-master-v001\review\boundary-1200-f1201.png0763.png'
00:51.250  render           | Saved: 'F:\pnpline-landing\hero-section-video\blockout\blockout-master-v001\review\boundary-1200-f1201.png0764.png'
00:51.312  render           | Saved: 'F:\pnpline-landing\hero-section-video\blockout\blockout-master-v001\review\boundary-1200-f1201.png0765.png'
00:51.359  render           | Saved: 'F:\pnpline-landing\hero-section-video\blockout\blockout-master-v001\review\boundary-1200-f1201.png0766.png'
00:51.421  render           | Saved: 'F:\pnpline-landing\hero-section-video\blockout\blockout-master-v001\review\boundary-1200-f1201.png0767.png'
00:51.484  render           | Saved: 'F:\pnpline-landing\hero-section-video\blockout\blockout-master-v001\review\boundary-1200-f1201.png0768.png'
00:51.546  render           | Saved: 'F:\pnpline-landing\hero-section-video\blockout\blockout-master-v001\review\boundary-1200-f1201.png0769.png'
00:51.609  render           | Saved: 'F:\pnpline-landing\hero-section-video\blockout\blockout-master-v001\review\boundary-1200-f1201.png0770.png'
00:51.656  render           | Saved: 'F:\pnpline-landing\hero-section-video\blockout\blockout-master-v001\review\boundary-1200-f1201.png0771.png'
00:51.718  render           | Saved: 'F:\pnpline-landing\hero-section-video\blockout\blockout-master-v001\review\boundary-1200-f1201.png0772.png'
00:51.781  render           | Saved: 'F:\pnpline-landing\hero-section-video\blockout\blockout-master-v001\review\boundary-1200-f1201.png0773.png'
00:51.828  render           | Saved: 'F:\pnpline-landing\hero-section-video\blockout\blockout-master-v001\review\boundary-1200-f1201.png0774.png'
00:51.890  render           | Saved: 'F:\pnpline-landing\hero-section-video\blockout\blockout-master-v001\review\boundary-1200-f1201.png0775.png'
00:51.953  render           | Saved: 'F:\pnpline-landing\hero-section-video\blockout\blockout-master-v001\review\boundary-1200-f1201.png0776.png'
00:52.000  render           | Saved: 'F:\pnpline-landing\hero-section-video\blockout\blockout-master-v001\review\boundary-1200-f1201.png0777.png'
00:52.062  render           | Saved: 'F:\pnpline-landing\hero-section-video\blockout\blockout-master-v001\review\boundary-1200-f1201.png0778.png'
00:52.109  render           | Saved: 'F:\pnpline-landing\hero-section-video\blockout\blockout-master-v001\review\boundary-1200-f1201.png0779.png'
00:52.171  render           | Saved: 'F:\pnpline-landing\hero-section-video\blockout\blockout-master-v001\review\boundary-1200-f1201.png0780.png'
00:52.218  render           | Saved: 'F:\pnpline-landing\hero-section-video\blockout\blockout-master-v001\review\boundary-1200-f1201.png0781.png'
00:52.281  render           | Saved: 'F:\pnpline-landing\hero-section-video\blockout\blockout-master-v001\review\boundary-1200-f1201.png0782.png'
00:52.328  render           | Saved: 'F:\pnpline-landing\hero-section-video\blockout\blockout-master-v001\review\boundary-1200-f1201.png0783.png'
00:52.390  render           | Saved: 'F:\pnpline-landing\hero-section-video\blockout\blockout-master-v001\review\boundary-1200-f1201.png0784.png'
00:52.437  render           | Saved: 'F:\pnpline-landing\hero-section-video\blockout\blockout-master-v001\review\boundary-1200-f1201.png0785.png'
00:52.500  render           | Saved: 'F:\pnpline-landing\hero-section-video\blockout\blockout-master-v001\review\boundary-1200-f1201.png0786.png'
00:52.546  render           | Saved: 'F:\pnpline-landing\hero-section-video\blockout\blockout-master-v001\review\boundary-1200-f1201.png0787.png'
00:52.609  render           | Saved: 'F:\pnpline-landing\hero-section-video\blockout\blockout-master-v001\review\boundary-1200-f1201.png0788.png'
00:52.656  render           | Saved: 'F:\pnpline-landing\hero-section-video\blockout\blockout-master-v001\review\boundary-1200-f1201.png0789.png'
00:52.718  render           | Saved: 'F:\pnpline-landing\hero-section-video\blockout\blockout-master-v001\review\boundary-1200-f1201.png0790.png'
00:52.765  render           | Saved: 'F:\pnpline-landing\hero-section-video\blockout\blockout-master-v001\review\boundary-1200-f1201.png0791.png'
00:52.828  render           | Saved: 'F:\pnpline-landing\hero-section-video\blockout\blockout-master-v001\review\boundary-1200-f1201.png0792.png'
00:52.875  render           | Saved: 'F:\pnpline-landing\hero-section-video\blockout\blockout-master-v001\review\boundary-1200-f1201.png0793.png'
00:52.937  render           | Saved: 'F:\pnpline-landing\hero-section-video\blockout\blockout-master-v001\review\boundary-1200-f1201.png0794.png'
00:52.984  render           | Saved: 'F:\pnpline-landing\hero-section-video\blockout\blockout-master-v001\review\boundary-1200-f1201.png0795.png'
00:53.046  render           | Saved: 'F:\pnpline-landing\hero-section-video\blockout\blockout-master-v001\review\boundary-1200-f1201.png0796.png'
00:53.093  render           | Saved: 'F:\pnpline-landing\hero-section-video\blockout\blockout-master-v001\review\boundary-1200-f1201.png0797.png'
00:53.156  render           | Saved: 'F:\pnpline-landing\hero-section-video\blockout\blockout-master-v001\review\boundary-1200-f1201.png0798.png'
00:53.203  render           | Saved: 'F:\pnpline-landing\hero-section-video\blockout\blockout-master-v001\review\boundary-1200-f1201.png0799.png'
00:53.265  render           | Saved: 'F:\pnpline-landing\hero-section-video\blockout\blockout-master-v001\review\boundary-1200-f1201.png0800.png'
00:53.312  render           | Saved: 'F:\pnpline-landing\hero-section-video\blockout\blockout-master-v001\review\boundary-1200-f1201.png0801.png'
00:53.375  render           | Saved: 'F:\pnpline-landing\hero-section-video\blockout\blockout-master-v001\review\boundary-1200-f1201.png0802.png'
00:53.437  render           | Saved: 'F:\pnpline-landing\hero-section-video\blockout\blockout-master-v001\review\boundary-1200-f1201.png0803.png'
00:53.500  render           | Saved: 'F:\pnpline-landing\hero-section-video\blockout\blockout-master-v001\review\boundary-1200-f1201.png0804.png'
00:53.546  render           | Saved: 'F:\pnpline-landing\hero-section-video\blockout\blockout-master-v001\review\boundary-1200-f1201.png0805.png'
00:53.609  render           | Saved: 'F:\pnpline-landing\hero-section-video\blockout\blockout-master-v001\review\boundary-1200-f1201.png0806.png'
00:53.656  render           | Saved: 'F:\pnpline-landing\hero-section-video\blockout\blockout-master-v001\review\boundary-1200-f1201.png0807.png'
00:53.718  render           | Saved: 'F:\pnpline-landing\hero-section-video\blockout\blockout-master-v001\review\boundary-1200-f1201.png0808.png'
00:53.781  render           | Saved: 'F:\pnpline-landing\hero-section-video\blockout\blockout-master-v001\review\boundary-1200-f1201.png0809.png'
00:53.828  render           | Saved: 'F:\pnpline-landing\hero-section-video\blockout\blockout-master-v001\review\boundary-1200-f1201.png0810.png'
00:53.890  render           | Saved: 'F:\pnpline-landing\hero-section-video\blockout\blockout-master-v001\review\boundary-1200-f1201.png0811.png'
00:53.937  render           | Saved: 'F:\pnpline-landing\hero-section-video\blockout\blockout-master-v001\review\boundary-1200-f1201.png0812.png'
00:54.000  render           | Saved: 'F:\pnpline-landing\hero-section-video\blockout\blockout-master-v001\review\boundary-1200-f1201.png0813.png'
00:54.062  render           | Saved: 'F:\pnpline-landing\hero-section-video\blockout\blockout-master-v001\review\boundary-1200-f1201.png0814.png'
00:54.109  render           | Saved: 'F:\pnpline-landing\hero-section-video\blockout\blockout-master-v001\review\boundary-1200-f1201.png0815.png'
00:54.171  render           | Saved: 'F:\pnpline-landing\hero-section-video\blockout\blockout-master-v001\review\boundary-1200-f1201.png0816.png'
00:54.218  render           | Saved: 'F:\pnpline-landing\hero-section-video\blockout\blockout-master-v001\review\boundary-1200-f1201.png0817.png'
00:54.281  render           | Saved: 'F:\pnpline-landing\hero-section-video\blockout\blockout-master-v001\review\boundary-1200-f1201.png0818.png'
00:54.328  render           | Saved: 'F:\pnpline-landing\hero-section-video\blockout\blockout-master-v001\review\boundary-1200-f1201.png0819.png'
00:54.390  render           | Saved: 'F:\pnpline-landing\hero-section-video\blockout\blockout-master-v001\review\boundary-1200-f1201.png0820.png'
00:54.453  render           | Saved: 'F:\pnpline-landing\hero-section-video\blockout\blockout-master-v001\review\boundary-1200-f1201.png0821.png'
00:54.515  render           | Saved: 'F:\pnpline-landing\hero-section-video\blockout\blockout-master-v001\review\boundary-1200-f1201.png0822.png'
00:54.562  render           | Saved: 'F:\pnpline-landing\hero-section-video\blockout\blockout-master-v001\review\boundary-1200-f1201.png0823.png'
00:54.625  render           | Saved: 'F:\pnpline-landing\hero-section-video\blockout\blockout-master-v001\review\boundary-1200-f1201.png0824.png'
00:54.671  render           | Saved: 'F:\pnpline-landing\hero-section-video\blockout\blockout-master-v001\review\boundary-1200-f1201.png0825.png'
00:54.734  render           | Saved: 'F:\pnpline-landing\hero-section-video\blockout\blockout-master-v001\review\boundary-1200-f1201.png0826.png'
00:54.796  render           | Saved: 'F:\pnpline-landing\hero-section-video\blockout\blockout-master-v001\review\boundary-1200-f1201.png0827.png'
00:54.843  render           | Saved: 'F:\pnpline-landing\hero-section-video\blockout\blockout-master-v001\review\boundary-1200-f1201.png0828.png'
00:54.906  render           | Saved: 'F:\pnpline-landing\hero-section-video\blockout\blockout-master-v001\review\boundary-1200-f1201.png0829.png'
00:54.968  render           | Saved: 'F:\pnpline-landing\hero-section-video\blockout\blockout-master-v001\review\boundary-1200-f1201.png0830.png'
00:55.015  render           | Saved: 'F:\pnpline-landing\hero-section-video\blockout\blockout-master-v001\review\boundary-1200-f1201.png0831.png'
00:55.078  render           | Saved: 'F:\pnpline-landing\hero-section-video\blockout\blockout-master-v001\review\boundary-1200-f1201.png0832.png'
00:55.125  render           | Saved: 'F:\pnpline-landing\hero-section-video\blockout\blockout-master-v001\review\boundary-1200-f1201.png0833.png'
00:55.187  render           | Saved: 'F:\pnpline-landing\hero-section-video\blockout\blockout-master-v001\review\boundary-1200-f1201.png0834.png'
00:55.250  render           | Saved: 'F:\pnpline-landing\hero-section-video\blockout\blockout-master-v001\review\boundary-1200-f1201.png0835.png'
00:55.296  render           | Saved: 'F:\pnpline-landing\hero-section-video\blockout\blockout-master-v001\review\boundary-1200-f1201.png0836.png'
00:55.343  render           | Saved: 'F:\pnpline-landing\hero-section-video\blockout\blockout-master-v001\review\boundary-1200-f1201.png0837.png'
00:55.406  render           | Saved: 'F:\pnpline-landing\hero-section-video\blockout\blockout-master-v001\review\boundary-1200-f1201.png0838.png'
00:55.468  render           | Saved: 'F:\pnpline-landing\hero-section-video\blockout\blockout-master-v001\review\boundary-1200-f1201.png0839.png'
00:55.531  render           | Saved: 'F:\pnpline-landing\hero-section-video\blockout\blockout-master-v001\review\boundary-1200-f1201.png0840.png'
00:55.578  render           | Saved: 'F:\pnpline-landing\hero-section-video\blockout\blockout-master-v001\review\boundary-1200-f1201.png0841.png'
00:55.640  render           | Saved: 'F:\pnpline-landing\hero-section-video\blockout\blockout-master-v001\review\boundary-1200-f1201.png0842.png'
00:55.703  render           | Saved: 'F:\pnpline-landing\hero-section-video\blockout\blockout-master-v001\review\boundary-1200-f1201.png0843.png'
00:55.750  render           | Saved: 'F:\pnpline-landing\hero-section-video\blockout\blockout-master-v001\review\boundary-1200-f1201.png0844.png'
00:55.812  render           | Saved: 'F:\pnpline-landing\hero-section-video\blockout\blockout-master-v001\review\boundary-1200-f1201.png0845.png'
00:55.859  render           | Saved: 'F:\pnpline-landing\hero-section-video\blockout\blockout-master-v001\review\boundary-1200-f1201.png0846.png'
00:55.921  render           | Saved: 'F:\pnpline-landing\hero-section-video\blockout\blockout-master-v001\review\boundary-1200-f1201.png0847.png'
00:55.968  render           | Saved: 'F:\pnpline-landing\hero-section-video\blockout\blockout-master-v001\review\boundary-1200-f1201.png0848.png'
00:56.031  render           | Saved: 'F:\pnpline-landing\hero-section-video\blockout\blockout-master-v001\review\boundary-1200-f1201.png0849.png'
00:56.093  render           | Saved: 'F:\pnpline-landing\hero-section-video\blockout\blockout-master-v001\review\boundary-1200-f1201.png0850.png'
00:56.156  render           | Saved: 'F:\pnpline-landing\hero-section-video\blockout\blockout-master-v001\review\boundary-1200-f1201.png0851.png'
00:56.203  render           | Saved: 'F:\pnpline-landing\hero-section-video\blockout\blockout-master-v001\review\boundary-1200-f1201.png0852.png'
00:56.265  render           | Saved: 'F:\pnpline-landing\hero-section-video\blockout\blockout-master-v001\review\boundary-1200-f1201.png0853.png'
00:56.343  render           | Saved: 'F:\pnpline-landing\hero-section-video\blockout\blockout-master-v001\review\boundary-1200-f1201.png0854.png'
00:56.406  render           | Saved: 'F:\pnpline-landing\hero-section-video\blockout\blockout-master-v001\review\boundary-1200-f1201.png0855.png'
00:56.468  render           | Saved: 'F:\pnpline-landing\hero-section-video\blockout\blockout-master-v001\review\boundary-1200-f1201.png0856.png'
00:56.562  render           | Saved: 'F:\pnpline-landing\hero-section-video\blockout\blockout-master-v001\review\boundary-1200-f1201.png0857.png'
00:56.625  render           | Saved: 'F:\pnpline-landing\hero-section-video\blockout\blockout-master-v001\review\boundary-1200-f1201.png0858.png'
00:56.703  render           | Saved: 'F:\pnpline-landing\hero-section-video\blockout\blockout-master-v001\review\boundary-1200-f1201.png0859.png'
00:56.781  render           | Saved: 'F:\pnpline-landing\hero-section-video\blockout\blockout-master-v001\review\boundary-1200-f1201.png0860.png'
00:56.859  render           | Saved: 'F:\pnpline-landing\hero-section-video\blockout\blockout-master-v001\review\boundary-1200-f1201.png0861.png'
00:56.921  render           | Saved: 'F:\pnpline-landing\hero-section-video\blockout\blockout-master-v001\review\boundary-1200-f1201.png0862.png'
00:56.984  render           | Saved: 'F:\pnpline-landing\hero-section-video\blockout\blockout-master-v001\review\boundary-1200-f1201.png0863.png'
00:57.046  render           | Saved: 'F:\pnpline-landing\hero-section-video\blockout\blockout-master-v001\review\boundary-1200-f1201.png0864.png'
00:57.125  render           | Saved: 'F:\pnpline-landing\hero-section-video\blockout\blockout-master-v001\review\boundary-1200-f1201.png0865.png'
00:57.187  render           | Saved: 'F:\pnpline-landing\hero-section-video\blockout\blockout-master-v001\review\boundary-1200-f1201.png0866.png'
00:57.250  render           | Saved: 'F:\pnpline-landing\hero-section-video\blockout\blockout-master-v001\review\boundary-1200-f1201.png0867.png'
00:57.328  render           | Saved: 'F:\pnpline-landing\hero-section-video\blockout\blockout-master-v001\review\boundary-1200-f1201.png0868.png'
00:57.375  render           | Saved: 'F:\pnpline-landing\hero-section-video\blockout\blockout-master-v001\review\boundary-1200-f1201.png0869.png'
00:57.453  render           | Saved: 'F:\pnpline-landing\hero-section-video\blockout\blockout-master-v001\review\boundary-1200-f1201.png0870.png'
00:57.531  render           | Saved: 'F:\pnpline-landing\hero-section-video\blockout\blockout-master-v001\review\boundary-1200-f1201.png0871.png'
00:57.593  render           | Saved: 'F:\pnpline-landing\hero-section-video\blockout\blockout-master-v001\review\boundary-1200-f1201.png0872.png'
00:57.656  render           | Saved: 'F:\pnpline-landing\hero-section-video\blockout\blockout-master-v001\review\boundary-1200-f1201.png0873.png'
00:57.734  render           | Saved: 'F:\pnpline-landing\hero-section-video\blockout\blockout-master-v001\review\boundary-1200-f1201.png0874.png'
00:57.796  render           | Saved: 'F:\pnpline-landing\hero-section-video\blockout\blockout-master-v001\review\boundary-1200-f1201.png0875.png'
00:57.859  render           | Saved: 'F:\pnpline-landing\hero-section-video\blockout\blockout-master-v001\review\boundary-1200-f1201.png0876.png'
00:57.921  render           | Saved: 'F:\pnpline-landing\hero-section-video\blockout\blockout-master-v001\review\boundary-1200-f1201.png0877.png'
00:57.984  render           | Saved: 'F:\pnpline-landing\hero-section-video\blockout\blockout-master-v001\review\boundary-1200-f1201.png0878.png'
00:58.046  render           | Saved: 'F:\pnpline-landing\hero-section-video\blockout\blockout-master-v001\review\boundary-1200-f1201.png0879.png'
00:58.109  render           | Saved: 'F:\pnpline-landing\hero-section-video\blockout\blockout-master-v001\review\boundary-1200-f1201.png0880.png'
00:58.171  render           | Saved: 'F:\pnpline-landing\hero-section-video\blockout\blockout-master-v001\review\boundary-1200-f1201.png0881.png'
00:58.234  render           | Saved: 'F:\pnpline-landing\hero-section-video\blockout\blockout-master-v001\review\boundary-1200-f1201.png0882.png'
00:58.281  render           | Saved: 'F:\pnpline-landing\hero-section-video\blockout\blockout-master-v001\review\boundary-1200-f1201.png0883.png'
00:58.343  render           | Saved: 'F:\pnpline-landing\hero-section-video\blockout\blockout-master-v001\review\boundary-1200-f1201.png0884.png'
00:58.390  render           | Saved: 'F:\pnpline-landing\hero-section-video\blockout\blockout-master-v001\review\boundary-1200-f1201.png0885.png'
00:58.437  render           | Saved: 'F:\pnpline-landing\hero-section-video\blockout\blockout-master-v001\review\boundary-1200-f1201.png0886.png'
00:58.500  render           | Saved: 'F:\pnpline-landing\hero-section-video\blockout\blockout-master-v001\review\boundary-1200-f1201.png0887.png'
00:58.546  render           | Saved: 'F:\pnpline-landing\hero-section-video\blockout\blockout-master-v001\review\boundary-1200-f1201.png0888.png'
00:58.593  render           | Saved: 'F:\pnpline-landing\hero-section-video\blockout\blockout-master-v001\review\boundary-1200-f1201.png0889.png'
00:58.656  render           | Saved: 'F:\pnpline-landing\hero-section-video\blockout\blockout-master-v001\review\boundary-1200-f1201.png0890.png'
00:58.703  render           | Saved: 'F:\pnpline-landing\hero-section-video\blockout\blockout-master-v001\review\boundary-1200-f1201.png0891.png'
00:58.750  render           | Saved: 'F:\pnpline-landing\hero-section-video\blockout\blockout-master-v001\review\boundary-1200-f1201.png0892.png'
00:58.812  render           | Saved: 'F:\pnpline-landing\hero-section-video\blockout\blockout-master-v001\review\boundary-1200-f1201.png0893.png'
00:58.859  render           | Saved: 'F:\pnpline-landing\hero-section-video\blockout\blockout-master-v001\review\boundary-1200-f1201.png0894.png'
00:58.906  render           | Saved: 'F:\pnpline-landing\hero-section-video\blockout\blockout-master-v001\review\boundary-1200-f1201.png0895.png'
00:58.953  render           | Saved: 'F:\pnpline-landing\hero-section-video\blockout\blockout-master-v001\review\boundary-1200-f1201.png0896.png'
00:59.015  render           | Saved: 'F:\pnpline-landing\hero-section-video\blockout\blockout-master-v001\review\boundary-1200-f1201.png0897.png'
00:59.078  render           | Saved: 'F:\pnpline-landing\hero-section-video\blockout\blockout-master-v001\review\boundary-1200-f1201.png0898.png'
00:59.140  render           | Saved: 'F:\pnpline-landing\hero-section-video\blockout\blockout-master-v001\review\boundary-1200-f1201.png0899.png'
00:59.203  render           | Saved: 'F:\pnpline-landing\hero-section-video\blockout\blockout-master-v001\review\boundary-1200-f1201.png0900.png'
00:59.250  render           | Saved: 'F:\pnpline-landing\hero-section-video\blockout\blockout-master-v001\review\boundary-1200-f1201.png0901.png'
00:59.296  render           | Saved: 'F:\pnpline-landing\hero-section-video\blockout\blockout-master-v001\review\boundary-1200-f1201.png0902.png'
00:59.359  render           | Saved: 'F:\pnpline-landing\hero-section-video\blockout\blockout-master-v001\review\boundary-1200-f1201.png0903.png'
00:59.406  render           | Saved: 'F:\pnpline-landing\hero-section-video\blockout\blockout-master-v001\review\boundary-1200-f1201.png0904.png'
00:59.453  render           | Saved: 'F:\pnpline-landing\hero-section-video\blockout\blockout-master-v001\review\boundary-1200-f1201.png0905.png'
00:59.515  render           | Saved: 'F:\pnpline-landing\hero-section-video\blockout\blockout-master-v001\review\boundary-1200-f1201.png0906.png'
00:59.562  render           | Saved: 'F:\pnpline-landing\hero-section-video\blockout\blockout-master-v001\review\boundary-1200-f1201.png0907.png'
00:59.609  render           | Saved: 'F:\pnpline-landing\hero-section-video\blockout\blockout-master-v001\review\boundary-1200-f1201.png0908.png'
00:59.671  render           | Saved: 'F:\pnpline-landing\hero-section-video\blockout\blockout-master-v001\review\boundary-1200-f1201.png0909.png'
00:59.734  render           | Saved: 'F:\pnpline-landing\hero-section-video\blockout\blockout-master-v001\review\boundary-1200-f1201.png0910.png'
00:59.796  render           | Saved: 'F:\pnpline-landing\hero-section-video\blockout\blockout-master-v001\review\boundary-1200-f1201.png0911.png'
00:59.859  render           | Saved: 'F:\pnpline-landing\hero-section-video\blockout\blockout-master-v001\review\boundary-1200-f1201.png0912.png'
00:59.906  render           | Saved: 'F:\pnpline-landing\hero-section-video\blockout\blockout-master-v001\review\boundary-1200-f1201.png0913.png'
00:59.953  render           | Saved: 'F:\pnpline-landing\hero-section-video\blockout\blockout-master-v001\review\boundary-1200-f1201.png0914.png'
01:00.000  render           | Saved: 'F:\pnpline-landing\hero-section-video\blockout\blockout-master-v001\review\boundary-1200-f1201.png0915.png'
01:00.062  render           | Saved: 'F:\pnpline-landing\hero-section-video\blockout\blockout-master-v001\review\boundary-1200-f1201.png0916.png'
01:00.109  render           | Saved: 'F:\pnpline-landing\hero-section-video\blockout\blockout-master-v001\review\boundary-1200-f1201.png0917.png'
01:00.156  render           | Saved: 'F:\pnpline-landing\hero-section-video\blockout\blockout-master-v001\review\boundary-1200-f1201.png0918.png'
01:00.218  render           | Saved: 'F:\pnpline-landing\hero-section-video\blockout\blockout-master-v001\review\boundary-1200-f1201.png0919.png'
01:00.265  render           | Saved: 'F:\pnpline-landing\hero-section-video\blockout\blockout-master-v001\review\boundary-1200-f1201.png0920.png'
01:00.312  render           | Saved: 'F:\pnpline-landing\hero-section-video\blockout\blockout-master-v001\review\boundary-1200-f1201.png0921.png'
01:00.359  render           | Saved: 'F:\pnpline-landing\hero-section-video\blockout\blockout-master-v001\review\boundary-1200-f1201.png0922.png'
01:00.421  render           | Saved: 'F:\pnpline-landing\hero-section-video\blockout\blockout-master-v001\review\boundary-1200-f1201.png0923.png'
01:00.468  render           | Saved: 'F:\pnpline-landing\hero-section-video\blockout\blockout-master-v001\review\boundary-1200-f1201.png0924.png'
01:00.515  render           | Saved: 'F:\pnpline-landing\hero-section-video\blockout\blockout-master-v001\review\boundary-1200-f1201.png0925.png'
01:00.578  render           | Saved: 'F:\pnpline-landing\hero-section-video\blockout\blockout-master-v001\review\boundary-1200-f1201.png0926.png'
01:00.625  render           | Saved: 'F:\pnpline-landing\hero-section-video\blockout\blockout-master-v001\review\boundary-1200-f1201.png0927.png'
01:00.671  render           | Saved: 'F:\pnpline-landing\hero-section-video\blockout\blockout-master-v001\review\boundary-1200-f1201.png0928.png'
01:00.718  render           | Saved: 'F:\pnpline-landing\hero-section-video\blockout\blockout-master-v001\review\boundary-1200-f1201.png0929.png'
01:00.781  render           | Saved: 'F:\pnpline-landing\hero-section-video\blockout\blockout-master-v001\review\boundary-1200-f1201.png0930.png'
01:00.828  render           | Saved: 'F:\pnpline-landing\hero-section-video\blockout\blockout-master-v001\review\boundary-1200-f1201.png0931.png'
01:00.875  render           | Saved: 'F:\pnpline-landing\hero-section-video\blockout\blockout-master-v001\review\boundary-1200-f1201.png0932.png'
01:00.937  render           | Saved: 'F:\pnpline-landing\hero-section-video\blockout\blockout-master-v001\review\boundary-1200-f1201.png0933.png'
01:00.984  render           | Saved: 'F:\pnpline-landing\hero-section-video\blockout\blockout-master-v001\review\boundary-1200-f1201.png0934.png'
01:01.031  render           | Saved: 'F:\pnpline-landing\hero-section-video\blockout\blockout-master-v001\review\boundary-1200-f1201.png0935.png'
01:01.078  render           | Saved: 'F:\pnpline-landing\hero-section-video\blockout\blockout-master-v001\review\boundary-1200-f1201.png0936.png'
01:01.140  render           | Saved: 'F:\pnpline-landing\hero-section-video\blockout\blockout-master-v001\review\boundary-1200-f1201.png0937.png'
01:01.187  render           | Saved: 'F:\pnpline-landing\hero-section-video\blockout\blockout-master-v001\review\boundary-1200-f1201.png0938.png'
01:01.234  render           | Saved: 'F:\pnpline-landing\hero-section-video\blockout\blockout-master-v001\review\boundary-1200-f1201.png0939.png'
01:01.296  render           | Saved: 'F:\pnpline-landing\hero-section-video\blockout\blockout-master-v001\review\boundary-1200-f1201.png0940.png'
01:01.343  render           | Saved: 'F:\pnpline-landing\hero-section-video\blockout\blockout-master-v001\review\boundary-1200-f1201.png0941.png'
01:01.390  render           | Saved: 'F:\pnpline-landing\hero-section-video\blockout\blockout-master-v001\review\boundary-1200-f1201.png0942.png'
01:01.437  render           | Saved: 'F:\pnpline-landing\hero-section-video\blockout\blockout-master-v001\review\boundary-1200-f1201.png0943.png'
01:01.500  render           | Saved: 'F:\pnpline-landing\hero-section-video\blockout\blockout-master-v001\review\boundary-1200-f1201.png0944.png'
01:01.546  render           | Saved: 'F:\pnpline-landing\hero-section-video\blockout\blockout-master-v001\review\boundary-1200-f1201.png0945.png'
01:01.609  render           | Saved: 'F:\pnpline-landing\hero-section-video\blockout\blockout-master-v001\review\boundary-1200-f1201.png0946.png'
01:01.656  render           | Saved: 'F:\pnpline-landing\hero-section-video\blockout\blockout-master-v001\review\boundary-1200-f1201.png0947.png'
01:01.718  render           | Saved: 'F:\pnpline-landing\hero-section-video\blockout\blockout-master-v001\review\boundary-1200-f1201.png0948.png'
01:01.765  render           | Saved: 'F:\pnpline-landing\hero-section-video\blockout\blockout-master-v001\review\boundary-1200-f1201.png0949.png'
01:01.828  render           | Saved: 'F:\pnpline-landing\hero-section-video\blockout\blockout-master-v001\review\boundary-1200-f1201.png0950.png'
01:01.875  render           | Saved: 'F:\pnpline-landing\hero-section-video\blockout\blockout-master-v001\review\boundary-1200-f1201.png0951.png'
01:01.921  render           | Saved: 'F:\pnpline-landing\hero-section-video\blockout\blockout-master-v001\review\boundary-1200-f1201.png0952.png'
01:01.984  render           | Saved: 'F:\pnpline-landing\hero-section-video\blockout\blockout-master-v001\review\boundary-1200-f1201.png0953.png'
01:02.031  render           | Saved: 'F:\pnpline-landing\hero-section-video\blockout\blockout-master-v001\review\boundary-1200-f1201.png0954.png'
01:02.093  render           | Saved: 'F:\pnpline-landing\hero-section-video\blockout\blockout-master-v001\review\boundary-1200-f1201.png0955.png'
01:02.140  render           | Saved: 'F:\pnpline-landing\hero-section-video\blockout\blockout-master-v001\review\boundary-1200-f1201.png0956.png'
01:02.187  render           | Saved: 'F:\pnpline-landing\hero-section-video\blockout\blockout-master-v001\review\boundary-1200-f1201.png0957.png'
01:02.250  render           | Saved: 'F:\pnpline-landing\hero-section-video\blockout\blockout-master-v001\review\boundary-1200-f1201.png0958.png'
01:02.296  render           | Saved: 'F:\pnpline-landing\hero-section-video\blockout\blockout-master-v001\review\boundary-1200-f1201.png0959.png'
01:02.343  render           | Saved: 'F:\pnpline-landing\hero-section-video\blockout\blockout-master-v001\review\boundary-1200-f1201.png0960.png'
01:02.406  render           | Saved: 'F:\pnpline-landing\hero-section-video\blockout\blockout-master-v001\review\boundary-1200-f1201.png0961.png'
01:02.453  render           | Saved: 'F:\pnpline-landing\hero-section-video\blockout\blockout-master-v001\review\boundary-1200-f1201.png0962.png'
01:02.515  render           | Saved: 'F:\pnpline-landing\hero-section-video\blockout\blockout-master-v001\review\boundary-1200-f1201.png0963.png'
01:02.562  render           | Saved: 'F:\pnpline-landing\hero-section-video\blockout\blockout-master-v001\review\boundary-1200-f1201.png0964.png'
01:02.609  render           | Saved: 'F:\pnpline-landing\hero-section-video\blockout\blockout-master-v001\review\boundary-1200-f1201.png0965.png'
01:02.656  render           | Saved: 'F:\pnpline-landing\hero-section-video\blockout\blockout-master-v001\review\boundary-1200-f1201.png0966.png'
01:02.718  render           | Saved: 'F:\pnpline-landing\hero-section-video\blockout\blockout-master-v001\review\boundary-1200-f1201.png0967.png'
01:02.765  render           | Saved: 'F:\pnpline-landing\hero-section-video\blockout\blockout-master-v001\review\boundary-1200-f1201.png0968.png'
01:02.812  render           | Saved: 'F:\pnpline-landing\hero-section-video\blockout\blockout-master-v001\review\boundary-1200-f1201.png0969.png'
01:02.859  render           | Saved: 'F:\pnpline-landing\hero-section-video\blockout\blockout-master-v001\review\boundary-1200-f1201.png0970.png'
01:02.921  render           | Saved: 'F:\pnpline-landing\hero-section-video\blockout\blockout-master-v001\review\boundary-1200-f1201.png0971.png'
01:02.968  render           | Saved: 'F:\pnpline-landing\hero-section-video\blockout\blockout-master-v001\review\boundary-1200-f1201.png0972.png'
01:03.015  render           | Saved: 'F:\pnpline-landing\hero-section-video\blockout\blockout-master-v001\review\boundary-1200-f1201.png0973.png'
01:03.078  render           | Saved: 'F:\pnpline-landing\hero-section-video\blockout\blockout-master-v001\review\boundary-1200-f1201.png0974.png'
01:03.125  render           | Saved: 'F:\pnpline-landing\hero-section-video\blockout\blockout-master-v001\review\boundary-1200-f1201.png0975.png'
01:03.171  render           | Saved: 'F:\pnpline-landing\hero-section-video\blockout\blockout-master-v001\review\boundary-1200-f1201.png0976.png'
01:03.218  render           | Saved: 'F:\pnpline-landing\hero-section-video\blockout\blockout-master-v001\review\boundary-1200-f1201.png0977.png'
01:03.281  render           | Saved: 'F:\pnpline-landing\hero-section-video\blockout\blockout-master-v001\review\boundary-1200-f1201.png0978.png'
01:03.328  render           | Saved: 'F:\pnpline-landing\hero-section-video\blockout\blockout-master-v001\review\boundary-1200-f1201.png0979.png'
01:03.375  render           | Saved: 'F:\pnpline-landing\hero-section-video\blockout\blockout-master-v001\review\boundary-1200-f1201.png0980.png'
01:03.437  render           | Saved: 'F:\pnpline-landing\hero-section-video\blockout\blockout-master-v001\review\boundary-1200-f1201.png0981.png'
01:03.484  render           | Saved: 'F:\pnpline-landing\hero-section-video\blockout\blockout-master-v001\review\boundary-1200-f1201.png0982.png'
01:03.531  render           | Saved: 'F:\pnpline-landing\hero-section-video\blockout\blockout-master-v001\review\boundary-1200-f1201.png0983.png'
01:03.593  render           | Saved: 'F:\pnpline-landing\hero-section-video\blockout\blockout-master-v001\review\boundary-1200-f1201.png0984.png'
01:03.656  render           | Saved: 'F:\pnpline-landing\hero-section-video\blockout\blockout-master-v001\review\boundary-1200-f1201.png0985.png'
01:03.703  render           | Saved: 'F:\pnpline-landing\hero-section-video\blockout\blockout-master-v001\review\boundary-1200-f1201.png0986.png'
01:03.765  render           | Saved: 'F:\pnpline-landing\hero-section-video\blockout\blockout-master-v001\review\boundary-1200-f1201.png0987.png'
01:03.828  render           | Saved: 'F:\pnpline-landing\hero-section-video\blockout\blockout-master-v001\review\boundary-1200-f1201.png0988.png'
01:03.875  render           | Saved: 'F:\pnpline-landing\hero-section-video\blockout\blockout-master-v001\review\boundary-1200-f1201.png0989.png'
01:03.937  render           | Saved: 'F:\pnpline-landing\hero-section-video\blockout\blockout-master-v001\review\boundary-1200-f1201.png0990.png'
01:04.000  render           | Saved: 'F:\pnpline-landing\hero-section-video\blockout\blockout-master-v001\review\boundary-1200-f1201.png0991.png'
01:04.062  render           | Saved: 'F:\pnpline-landing\hero-section-video\blockout\blockout-master-v001\review\boundary-1200-f1201.png0992.png'
01:04.125  render           | Saved: 'F:\pnpline-landing\hero-section-video\blockout\blockout-master-v001\review\boundary-1200-f1201.png0993.png'
01:04.187  render           | Saved: 'F:\pnpline-landing\hero-section-video\blockout\blockout-master-v001\review\boundary-1200-f1201.png0994.png'
01:04.250  render           | Saved: 'F:\pnpline-landing\hero-section-video\blockout\blockout-master-v001\review\boundary-1200-f1201.png0995.png'
01:04.312  render           | Saved: 'F:\pnpline-landing\hero-section-video\blockout\blockout-master-v001\review\boundary-1200-f1201.png0996.png'
01:04.375  render           | Saved: 'F:\pnpline-landing\hero-section-video\blockout\blockout-master-v001\review\boundary-1200-f1201.png0997.png'
01:04.421  render           | Saved: 'F:\pnpline-landing\hero-section-video\blockout\blockout-master-v001\review\boundary-1200-f1201.png0998.png'
01:04.484  render           | Saved: 'F:\pnpline-landing\hero-section-video\blockout\blockout-master-v001\review\boundary-1200-f1201.png0999.png'
01:04.546  render           | Saved: 'F:\pnpline-landing\hero-section-video\blockout\blockout-master-v001\review\boundary-1200-f1201.png1000.png'
01:04.609  render           | Saved: 'F:\pnpline-landing\hero-section-video\blockout\blockout-master-v001\review\boundary-1200-f1201.png1001.png'
01:04.656  render           | Saved: 'F:\pnpline-landing\hero-section-video\blockout\blockout-master-v001\review\boundary-1200-f1201.png1002.png'
01:04.718  render           | Saved: 'F:\pnpline-landing\hero-section-video\blockout\blockout-master-v001\review\boundary-1200-f1201.png1003.png'
01:04.765  render           | Saved: 'F:\pnpline-landing\hero-section-video\blockout\blockout-master-v001\review\boundary-1200-f1201.png1004.png'
01:04.812  render           | Saved: 'F:\pnpline-landing\hero-section-video\blockout\blockout-master-v001\review\boundary-1200-f1201.png1005.png'
01:04.859  render           | Saved: 'F:\pnpline-landing\hero-section-video\blockout\blockout-master-v001\review\boundary-1200-f1201.png1006.png'
01:04.906  render           | Saved: 'F:\pnpline-landing\hero-section-video\blockout\blockout-master-v001\review\boundary-1200-f1201.png1007.png'
01:04.968  render           | Saved: 'F:\pnpline-landing\hero-section-video\blockout\blockout-master-v001\review\boundary-1200-f1201.png1008.png'
01:05.015  render           | Saved: 'F:\pnpline-landing\hero-section-video\blockout\blockout-master-v001\review\boundary-1200-f1201.png1009.png'
01:05.062  render           | Saved: 'F:\pnpline-landing\hero-section-video\blockout\blockout-master-v001\review\boundary-1200-f1201.png1010.png'
01:05.109  render           | Saved: 'F:\pnpline-landing\hero-section-video\blockout\blockout-master-v001\review\boundary-1200-f1201.png1011.png'
01:05.171  render           | Saved: 'F:\pnpline-landing\hero-section-video\blockout\blockout-master-v001\review\boundary-1200-f1201.png1012.png'
01:05.218  render           | Saved: 'F:\pnpline-landing\hero-section-video\blockout\blockout-master-v001\review\boundary-1200-f1201.png1013.png'
01:05.265  render           | Saved: 'F:\pnpline-landing\hero-section-video\blockout\blockout-master-v001\review\boundary-1200-f1201.png1014.png'
01:05.312  render           | Saved: 'F:\pnpline-landing\hero-section-video\blockout\blockout-master-v001\review\boundary-1200-f1201.png1015.png'
01:05.375  render           | Saved: 'F:\pnpline-landing\hero-section-video\blockout\blockout-master-v001\review\boundary-1200-f1201.png1016.png'
01:05.421  render           | Saved: 'F:\pnpline-landing\hero-section-video\blockout\blockout-master-v001\review\boundary-1200-f1201.png1017.png'
01:05.468  render           | Saved: 'F:\pnpline-landing\hero-section-video\blockout\blockout-master-v001\review\boundary-1200-f1201.png1018.png'
01:05.515  render           | Saved: 'F:\pnpline-landing\hero-section-video\blockout\blockout-master-v001\review\boundary-1200-f1201.png1019.png'
01:05.578  render           | Saved: 'F:\pnpline-landing\hero-section-video\blockout\blockout-master-v001\review\boundary-1200-f1201.png1020.png'
01:05.625  render           | Saved: 'F:\pnpline-landing\hero-section-video\blockout\blockout-master-v001\review\boundary-1200-f1201.png1021.png'
01:05.671  render           | Saved: 'F:\pnpline-landing\hero-section-video\blockout\blockout-master-v001\review\boundary-1200-f1201.png1022.png'
01:05.718  render           | Saved: 'F:\pnpline-landing\hero-section-video\blockout\blockout-master-v001\review\boundary-1200-f1201.png1023.png'
01:05.781  render           | Saved: 'F:\pnpline-landing\hero-section-video\blockout\blockout-master-v001\review\boundary-1200-f1201.png1024.png'
01:05.828  render           | Saved: 'F:\pnpline-landing\hero-section-video\blockout\blockout-master-v001\review\boundary-1200-f1201.png1025.png'
01:05.875  render           | Saved: 'F:\pnpline-landing\hero-section-video\blockout\blockout-master-v001\review\boundary-1200-f1201.png1026.png'
01:05.921  render           | Saved: 'F:\pnpline-landing\hero-section-video\blockout\blockout-master-v001\review\boundary-1200-f1201.png1027.png'
01:05.984  render           | Saved: 'F:\pnpline-landing\hero-section-video\blockout\blockout-master-v001\review\boundary-1200-f1201.png1028.png'
01:06.031  render           | Saved: 'F:\pnpline-landing\hero-section-video\blockout\blockout-master-v001\review\boundary-1200-f1201.png1029.png'
01:06.078  render           | Saved: 'F:\pnpline-landing\hero-section-video\blockout\blockout-master-v001\review\boundary-1200-f1201.png1030.png'
01:06.125  render           | Saved: 'F:\pnpline-landing\hero-section-video\blockout\blockout-master-v001\review\boundary-1200-f1201.png1031.png'
01:06.171  render           | Saved: 'F:\pnpline-landing\hero-section-video\blockout\blockout-master-v001\review\boundary-1200-f1201.png1032.png'
01:06.234  render           | Saved: 'F:\pnpline-landing\hero-section-video\blockout\blockout-master-v001\review\boundary-1200-f1201.png1033.png'
01:06.281  render           | Saved: 'F:\pnpline-landing\hero-section-video\blockout\blockout-master-v001\review\boundary-1200-f1201.png1034.png'
01:06.328  render           | Saved: 'F:\pnpline-landing\hero-section-video\blockout\blockout-master-v001\review\boundary-1200-f1201.png1035.png'
01:06.375  render           | Saved: 'F:\pnpline-landing\hero-section-video\blockout\blockout-master-v001\review\boundary-1200-f1201.png1036.png'
01:06.421  render           | Saved: 'F:\pnpline-landing\hero-section-video\blockout\blockout-master-v001\review\boundary-1200-f1201.png1037.png'
01:06.484  render           | Saved: 'F:\pnpline-landing\hero-section-video\blockout\blockout-master-v001\review\boundary-1200-f1201.png1038.png'
01:06.531  render           | Saved: 'F:\pnpline-landing\hero-section-video\blockout\blockout-master-v001\review\boundary-1200-f1201.png1039.png'
01:06.578  render           | Saved: 'F:\pnpline-landing\hero-section-video\blockout\blockout-master-v001\review\boundary-1200-f1201.png1040.png'
01:06.625  render           | Saved: 'F:\pnpline-landing\hero-section-video\blockout\blockout-master-v001\review\boundary-1200-f1201.png1041.png'
01:06.687  render           | Saved: 'F:\pnpline-landing\hero-section-video\blockout\blockout-master-v001\review\boundary-1200-f1201.png1042.png'
01:06.734  render           | Saved: 'F:\pnpline-landing\hero-section-video\blockout\blockout-master-v001\review\boundary-1200-f1201.png1043.png'
01:06.781  render           | Saved: 'F:\pnpline-landing\hero-section-video\blockout\blockout-master-v001\review\boundary-1200-f1201.png1044.png'
01:06.843  render           | Saved: 'F:\pnpline-landing\hero-section-video\blockout\blockout-master-v001\review\boundary-1200-f1201.png1045.png'
01:06.890  render           | Saved: 'F:\pnpline-landing\hero-section-video\blockout\blockout-master-v001\review\boundary-1200-f1201.png1046.png'
01:06.937  render           | Saved: 'F:\pnpline-landing\hero-section-video\blockout\blockout-master-v001\review\boundary-1200-f1201.png1047.png'
01:06.984  render           | Saved: 'F:\pnpline-landing\hero-section-video\blockout\blockout-master-v001\review\boundary-1200-f1201.png1048.png'
01:07.046  render           | Saved: 'F:\pnpline-landing\hero-section-video\blockout\blockout-master-v001\review\boundary-1200-f1201.png1049.png'
01:07.093  render           | Saved: 'F:\pnpline-landing\hero-section-video\blockout\blockout-master-v001\review\boundary-1200-f1201.png1050.png'
01:07.140  render           | Saved: 'F:\pnpline-landing\hero-section-video\blockout\blockout-master-v001\review\boundary-1200-f1201.png1051.png'
01:07.187  render           | Saved: 'F:\pnpline-landing\hero-section-video\blockout\blockout-master-v001\review\boundary-1200-f1201.png1052.png'
01:07.250  render           | Saved: 'F:\pnpline-landing\hero-section-video\blockout\blockout-master-v001\review\boundary-1200-f1201.png1053.png'
01:07.296  render           | Saved: 'F:\pnpline-landing\hero-section-video\blockout\blockout-master-v001\review\boundary-1200-f1201.png1054.png'
01:07.343  render           | Saved: 'F:\pnpline-landing\hero-section-video\blockout\blockout-master-v001\review\boundary-1200-f1201.png1055.png'
01:07.390  render           | Saved: 'F:\pnpline-landing\hero-section-video\blockout\blockout-master-v001\review\boundary-1200-f1201.png1056.png'
01:07.453  render           | Saved: 'F:\pnpline-landing\hero-section-video\blockout\blockout-master-v001\review\boundary-1200-f1201.png1057.png'
01:07.500  render           | Saved: 'F:\pnpline-landing\hero-section-video\blockout\blockout-master-v001\review\boundary-1200-f1201.png1058.png'
01:07.546  render           | Saved: 'F:\pnpline-landing\hero-section-video\blockout\blockout-master-v001\review\boundary-1200-f1201.png1059.png'
01:07.609  render           | Saved: 'F:\pnpline-landing\hero-section-video\blockout\blockout-master-v001\review\boundary-1200-f1201.png1060.png'
01:07.656  render           | Saved: 'F:\pnpline-landing\hero-section-video\blockout\blockout-master-v001\review\boundary-1200-f1201.png1061.png'
01:07.703  render           | Saved: 'F:\pnpline-landing\hero-section-video\blockout\blockout-master-v001\review\boundary-1200-f1201.png1062.png'
01:07.765  render           | Saved: 'F:\pnpline-landing\hero-section-video\blockout\blockout-master-v001\review\boundary-1200-f1201.png1063.png'
01:07.812  render           | Saved: 'F:\pnpline-landing\hero-section-video\blockout\blockout-master-v001\review\boundary-1200-f1201.png1064.png'
01:07.859  render           | Saved: 'F:\pnpline-landing\hero-section-video\blockout\blockout-master-v001\review\boundary-1200-f1201.png1065.png'
01:07.906  render           | Saved: 'F:\pnpline-landing\hero-section-video\blockout\blockout-master-v001\review\boundary-1200-f1201.png1066.png'
01:07.968  render           | Saved: 'F:\pnpline-landing\hero-section-video\blockout\blockout-master-v001\review\boundary-1200-f1201.png1067.png'
01:08.015  render           | Saved: 'F:\pnpline-landing\hero-section-video\blockout\blockout-master-v001\review\boundary-1200-f1201.png1068.png'
01:08.062  render           | Saved: 'F:\pnpline-landing\hero-section-video\blockout\blockout-master-v001\review\boundary-1200-f1201.png1069.png'
01:08.109  render           | Saved: 'F:\pnpline-landing\hero-section-video\blockout\blockout-master-v001\review\boundary-1200-f1201.png1070.png'
01:08.171  render           | Saved: 'F:\pnpline-landing\hero-section-video\blockout\blockout-master-v001\review\boundary-1200-f1201.png1071.png'
01:08.218  render           | Saved: 'F:\pnpline-landing\hero-section-video\blockout\blockout-master-v001\review\boundary-1200-f1201.png1072.png'
01:08.281  render           | Saved: 'F:\pnpline-landing\hero-section-video\blockout\blockout-master-v001\review\boundary-1200-f1201.png1073.png'
01:08.328  render           | Saved: 'F:\pnpline-landing\hero-section-video\blockout\blockout-master-v001\review\boundary-1200-f1201.png1074.png'
01:08.375  render           | Saved: 'F:\pnpline-landing\hero-section-video\blockout\blockout-master-v001\review\boundary-1200-f1201.png1075.png'
01:08.421  render           | Saved: 'F:\pnpline-landing\hero-section-video\blockout\blockout-master-v001\review\boundary-1200-f1201.png1076.png'
01:08.484  render           | Saved: 'F:\pnpline-landing\hero-section-video\blockout\blockout-master-v001\review\boundary-1200-f1201.png1077.png'
01:08.531  render           | Saved: 'F:\pnpline-landing\hero-section-video\blockout\blockout-master-v001\review\boundary-1200-f1201.png1078.png'
01:08.578  render           | Saved: 'F:\pnpline-landing\hero-section-video\blockout\blockout-master-v001\review\boundary-1200-f1201.png1079.png'
01:08.640  render           | Saved: 'F:\pnpline-landing\hero-section-video\blockout\blockout-master-v001\review\boundary-1200-f1201.png1080.png'
01:08.687  render           | Saved: 'F:\pnpline-landing\hero-section-video\blockout\blockout-master-v001\review\boundary-1200-f1201.png1081.png'
01:08.734  render           | Saved: 'F:\pnpline-landing\hero-section-video\blockout\blockout-master-v001\review\boundary-1200-f1201.png1082.png'
01:08.796  render           | Saved: 'F:\pnpline-landing\hero-section-video\blockout\blockout-master-v001\review\boundary-1200-f1201.png1083.png'
01:08.843  render           | Saved: 'F:\pnpline-landing\hero-section-video\blockout\blockout-master-v001\review\boundary-1200-f1201.png1084.png'
01:08.890  render           | Saved: 'F:\pnpline-landing\hero-section-video\blockout\blockout-master-v001\review\boundary-1200-f1201.png1085.png'
01:08.953  render           | Saved: 'F:\pnpline-landing\hero-section-video\blockout\blockout-master-v001\review\boundary-1200-f1201.png1086.png'
01:09.000  render           | Saved: 'F:\pnpline-landing\hero-section-video\blockout\blockout-master-v001\review\boundary-1200-f1201.png1087.png'
01:09.046  render           | Saved: 'F:\pnpline-landing\hero-section-video\blockout\blockout-master-v001\review\boundary-1200-f1201.png1088.png'
01:09.109  render           | Saved: 'F:\pnpline-landing\hero-section-video\blockout\blockout-master-v001\review\boundary-1200-f1201.png1089.png'
01:09.156  render           | Saved: 'F:\pnpline-landing\hero-section-video\blockout\blockout-master-v001\review\boundary-1200-f1201.png1090.png'
01:09.203  render           | Saved: 'F:\pnpline-landing\hero-section-video\blockout\blockout-master-v001\review\boundary-1200-f1201.png1091.png'
01:09.265  render           | Saved: 'F:\pnpline-landing\hero-section-video\blockout\blockout-master-v001\review\boundary-1200-f1201.png1092.png'
01:09.312  render           | Saved: 'F:\pnpline-landing\hero-section-video\blockout\blockout-master-v001\review\boundary-1200-f1201.png1093.png'
01:09.359  render           | Saved: 'F:\pnpline-landing\hero-section-video\blockout\blockout-master-v001\review\boundary-1200-f1201.png1094.png'
01:09.421  render           | Saved: 'F:\pnpline-landing\hero-section-video\blockout\blockout-master-v001\review\boundary-1200-f1201.png1095.png'
01:09.468  render           | Saved: 'F:\pnpline-landing\hero-section-video\blockout\blockout-master-v001\review\boundary-1200-f1201.png1096.png'
01:09.515  render           | Saved: 'F:\pnpline-landing\hero-section-video\blockout\blockout-master-v001\review\boundary-1200-f1201.png1097.png'
01:09.578  render           | Saved: 'F:\pnpline-landing\hero-section-video\blockout\blockout-master-v001\review\boundary-1200-f1201.png1098.png'
01:09.625  render           | Saved: 'F:\pnpline-landing\hero-section-video\blockout\blockout-master-v001\review\boundary-1200-f1201.png1099.png'
01:09.671  render           | Saved: 'F:\pnpline-landing\hero-section-video\blockout\blockout-master-v001\review\boundary-1200-f1201.png1100.png'
01:09.718  render           | Saved: 'F:\pnpline-landing\hero-section-video\blockout\blockout-master-v001\review\boundary-1200-f1201.png1101.png'
01:09.781  render           | Saved: 'F:\pnpline-landing\hero-section-video\blockout\blockout-master-v001\review\boundary-1200-f1201.png1102.png'
01:09.828  render           | Saved: 'F:\pnpline-landing\hero-section-video\blockout\blockout-master-v001\review\boundary-1200-f1201.png1103.png'
01:09.890  render           | Saved: 'F:\pnpline-landing\hero-section-video\blockout\blockout-master-v001\review\boundary-1200-f1201.png1104.png'
01:09.937  render           | Saved: 'F:\pnpline-landing\hero-section-video\blockout\blockout-master-v001\review\boundary-1200-f1201.png1105.png'
01:09.984  render           | Saved: 'F:\pnpline-landing\hero-section-video\blockout\blockout-master-v001\review\boundary-1200-f1201.png1106.png'
01:10.031  render           | Saved: 'F:\pnpline-landing\hero-section-video\blockout\blockout-master-v001\review\boundary-1200-f1201.png1107.png'
01:10.093  render           | Saved: 'F:\pnpline-landing\hero-section-video\blockout\blockout-master-v001\review\boundary-1200-f1201.png1108.png'
01:10.140  render           | Saved: 'F:\pnpline-landing\hero-section-video\blockout\blockout-master-v001\review\boundary-1200-f1201.png1109.png'
01:10.187  render           | Saved: 'F:\pnpline-landing\hero-section-video\blockout\blockout-master-v001\review\boundary-1200-f1201.png1110.png'
01:10.250  render           | Saved: 'F:\pnpline-landing\hero-section-video\blockout\blockout-master-v001\review\boundary-1200-f1201.png1111.png'
01:10.296  render           | Saved: 'F:\pnpline-landing\hero-section-video\blockout\blockout-master-v001\review\boundary-1200-f1201.png1112.png'
01:10.359  render           | Saved: 'F:\pnpline-landing\hero-section-video\blockout\blockout-master-v001\review\boundary-1200-f1201.png1113.png'
01:10.421  render           | Saved: 'F:\pnpline-landing\hero-section-video\blockout\blockout-master-v001\review\boundary-1200-f1201.png1114.png'
01:10.468  render           | Saved: 'F:\pnpline-landing\hero-section-video\blockout\blockout-master-v001\review\boundary-1200-f1201.png1115.png'
01:10.531  render           | Saved: 'F:\pnpline-landing\hero-section-video\blockout\blockout-master-v001\review\boundary-1200-f1201.png1116.png'
01:10.593  render           | Saved: 'F:\pnpline-landing\hero-section-video\blockout\blockout-master-v001\review\boundary-1200-f1201.png1117.png'
01:10.656  render           | Saved: 'F:\pnpline-landing\hero-section-video\blockout\blockout-master-v001\review\boundary-1200-f1201.png1118.png'
01:10.703  render           | Saved: 'F:\pnpline-landing\hero-section-video\blockout\blockout-master-v001\review\boundary-1200-f1201.png1119.png'
01:10.765  render           | Saved: 'F:\pnpline-landing\hero-section-video\blockout\blockout-master-v001\review\boundary-1200-f1201.png1120.png'
01:10.828  render           | Saved: 'F:\pnpline-landing\hero-section-video\blockout\blockout-master-v001\review\boundary-1200-f1201.png1121.png'
01:10.875  render           | Saved: 'F:\pnpline-landing\hero-section-video\blockout\blockout-master-v001\review\boundary-1200-f1201.png1122.png'
01:10.953  render           | Saved: 'F:\pnpline-landing\hero-section-video\blockout\blockout-master-v001\review\boundary-1200-f1201.png1123.png'
01:11.015  render           | Saved: 'F:\pnpline-landing\hero-section-video\blockout\blockout-master-v001\review\boundary-1200-f1201.png1124.png'
01:11.093  render           | Saved: 'F:\pnpline-landing\hero-section-video\blockout\blockout-master-v001\review\boundary-1200-f1201.png1125.png'
01:11.140  render           | Saved: 'F:\pnpline-landing\hero-section-video\blockout\blockout-master-v001\review\boundary-1200-f1201.png1126.png'
01:11.203  render           | Saved: 'F:\pnpline-landing\hero-section-video\blockout\blockout-master-v001\review\boundary-1200-f1201.png1127.png'
01:11.265  render           | Saved: 'F:\pnpline-landing\hero-section-video\blockout\blockout-master-v001\review\boundary-1200-f1201.png1128.png'
01:11.312  render           | Saved: 'F:\pnpline-landing\hero-section-video\blockout\blockout-master-v001\review\boundary-1200-f1201.png1129.png'
01:11.375  render           | Saved: 'F:\pnpline-landing\hero-section-video\blockout\blockout-master-v001\review\boundary-1200-f1201.png1130.png'
01:11.421  render           | Saved: 'F:\pnpline-landing\hero-section-video\blockout\blockout-master-v001\review\boundary-1200-f1201.png1131.png'
01:11.484  render           | Saved: 'F:\pnpline-landing\hero-section-video\blockout\blockout-master-v001\review\boundary-1200-f1201.png1132.png'
01:11.531  render           | Saved: 'F:\pnpline-landing\hero-section-video\blockout\blockout-master-v001\review\boundary-1200-f1201.png1133.png'
01:11.593  render           | Saved: 'F:\pnpline-landing\hero-section-video\blockout\blockout-master-v001\review\boundary-1200-f1201.png1134.png'
01:11.656  render           | Saved: 'F:\pnpline-landing\hero-section-video\blockout\blockout-master-v001\review\boundary-1200-f1201.png1135.png'
01:11.718  render           | Saved: 'F:\pnpline-landing\hero-section-video\blockout\blockout-master-v001\review\boundary-1200-f1201.png1136.png'
01:11.781  render           | Saved: 'F:\pnpline-landing\hero-section-video\blockout\blockout-master-v001\review\boundary-1200-f1201.png1137.png'
01:11.843  render           | Saved: 'F:\pnpline-landing\hero-section-video\blockout\blockout-master-v001\review\boundary-1200-f1201.png1138.png'
01:11.906  render           | Saved: 'F:\pnpline-landing\hero-section-video\blockout\blockout-master-v001\review\boundary-1200-f1201.png1139.png'
01:11.953  render           | Saved: 'F:\pnpline-landing\hero-section-video\blockout\blockout-master-v001\review\boundary-1200-f1201.png1140.png'
01:12.015  render           | Saved: 'F:\pnpline-landing\hero-section-video\blockout\blockout-master-v001\review\boundary-1200-f1201.png1141.png'
01:12.078  render           | Saved: 'F:\pnpline-landing\hero-section-video\blockout\blockout-master-v001\review\boundary-1200-f1201.png1142.png'
01:12.140  render           | Saved: 'F:\pnpline-landing\hero-section-video\blockout\blockout-master-v001\review\boundary-1200-f1201.png1143.png'
01:12.187  render           | Saved: 'F:\pnpline-landing\hero-section-video\blockout\blockout-master-v001\review\boundary-1200-f1201.png1144.png'
01:12.250  render           | Saved: 'F:\pnpline-landing\hero-section-video\blockout\blockout-master-v001\review\boundary-1200-f1201.png1145.png'
01:12.296  render           | Saved: 'F:\pnpline-landing\hero-section-video\blockout\blockout-master-v001\review\boundary-1200-f1201.png1146.png'
01:12.359  render           | Saved: 'F:\pnpline-landing\hero-section-video\blockout\blockout-master-v001\review\boundary-1200-f1201.png1147.png'
01:12.406  render           | Saved: 'F:\pnpline-landing\hero-section-video\blockout\blockout-master-v001\review\boundary-1200-f1201.png1148.png'
01:12.468  render           | Saved: 'F:\pnpline-landing\hero-section-video\blockout\blockout-master-v001\review\boundary-1200-f1201.png1149.png'
01:12.531  render           | Saved: 'F:\pnpline-landing\hero-section-video\blockout\blockout-master-v001\review\boundary-1200-f1201.png1150.png'
01:12.578  render           | Saved: 'F:\pnpline-landing\hero-section-video\blockout\blockout-master-v001\review\boundary-1200-f1201.png1151.png'
01:12.640  render           | Saved: 'F:\pnpline-landing\hero-section-video\blockout\blockout-master-v001\review\boundary-1200-f1201.png1152.png'
01:12.687  render           | Saved: 'F:\pnpline-landing\hero-section-video\blockout\blockout-master-v001\review\boundary-1200-f1201.png1153.png'
01:12.750  render           | Saved: 'F:\pnpline-landing\hero-section-video\blockout\blockout-master-v001\review\boundary-1200-f1201.png1154.png'
01:12.812  render           | Saved: 'F:\pnpline-landing\hero-section-video\blockout\blockout-master-v001\review\boundary-1200-f1201.png1155.png'
01:12.875  render           | Saved: 'F:\pnpline-landing\hero-section-video\blockout\blockout-master-v001\review\boundary-1200-f1201.png1156.png'
01:12.937  render           | Saved: 'F:\pnpline-landing\hero-section-video\blockout\blockout-master-v001\review\boundary-1200-f1201.png1157.png'
01:13.000  render           | Saved: 'F:\pnpline-landing\hero-section-video\blockout\blockout-master-v001\review\boundary-1200-f1201.png1158.png'
01:13.062  render           | Saved: 'F:\pnpline-landing\hero-section-video\blockout\blockout-master-v001\review\boundary-1200-f1201.png1159.png'
01:13.125  render           | Saved: 'F:\pnpline-landing\hero-section-video\blockout\blockout-master-v001\review\boundary-1200-f1201.png1160.png'
01:13.171  render           | Saved: 'F:\pnpline-landing\hero-section-video\blockout\blockout-master-v001\review\boundary-1200-f1201.png1161.png'
01:13.234  render           | Saved: 'F:\pnpline-landing\hero-section-video\blockout\blockout-master-v001\review\boundary-1200-f1201.png1162.png'
01:13.296  render           | Saved: 'F:\pnpline-landing\hero-section-video\blockout\blockout-master-v001\review\boundary-1200-f1201.png1163.png'
01:13.359  render           | Saved: 'F:\pnpline-landing\hero-section-video\blockout\blockout-master-v001\review\boundary-1200-f1201.png1164.png'
01:13.406  render           | Saved: 'F:\pnpline-landing\hero-section-video\blockout\blockout-master-v001\review\boundary-1200-f1201.png1165.png'
01:13.468  render           | Saved: 'F:\pnpline-landing\hero-section-video\blockout\blockout-master-v001\review\boundary-1200-f1201.png1166.png'
01:13.515  render           | Saved: 'F:\pnpline-landing\hero-section-video\blockout\blockout-master-v001\review\boundary-1200-f1201.png1167.png'
01:13.562  render           | Saved: 'F:\pnpline-landing\hero-section-video\blockout\blockout-master-v001\review\boundary-1200-f1201.png1168.png'
01:13.609  render           | Saved: 'F:\pnpline-landing\hero-section-video\blockout\blockout-master-v001\review\boundary-1200-f1201.png1169.png'
01:13.671  render           | Saved: 'F:\pnpline-landing\hero-section-video\blockout\blockout-master-v001\review\boundary-1200-f1201.png1170.png'
01:13.718  render           | Saved: 'F:\pnpline-landing\hero-section-video\blockout\blockout-master-v001\review\boundary-1200-f1201.png1171.png'
01:13.765  render           | Saved: 'F:\pnpline-landing\hero-section-video\blockout\blockout-master-v001\review\boundary-1200-f1201.png1172.png'
01:13.812  render           | Saved: 'F:\pnpline-landing\hero-section-video\blockout\blockout-master-v001\review\boundary-1200-f1201.png1173.png'
01:13.859  render           | Saved: 'F:\pnpline-landing\hero-section-video\blockout\blockout-master-v001\review\boundary-1200-f1201.png1174.png'
01:13.921  render           | Saved: 'F:\pnpline-landing\hero-section-video\blockout\blockout-master-v001\review\boundary-1200-f1201.png1175.png'
01:13.968  render           | Saved: 'F:\pnpline-landing\hero-section-video\blockout\blockout-master-v001\review\boundary-1200-f1201.png1176.png'
01:14.015  render           | Saved: 'F:\pnpline-landing\hero-section-video\blockout\blockout-master-v001\review\boundary-1200-f1201.png1177.png'
01:14.062  render           | Saved: 'F:\pnpline-landing\hero-section-video\blockout\blockout-master-v001\review\boundary-1200-f1201.png1178.png'
01:14.109  render           | Saved: 'F:\pnpline-landing\hero-section-video\blockout\blockout-master-v001\review\boundary-1200-f1201.png1179.png'
01:14.156  render           | Saved: 'F:\pnpline-landing\hero-section-video\blockout\blockout-master-v001\review\boundary-1200-f1201.png1180.png'
01:14.218  render           | Saved: 'F:\pnpline-landing\hero-section-video\blockout\blockout-master-v001\review\boundary-1200-f1201.png1181.png'
01:14.265  render           | Saved: 'F:\pnpline-landing\hero-section-video\blockout\blockout-master-v001\review\boundary-1200-f1201.png1182.png'
01:14.312  render           | Saved: 'F:\pnpline-landing\hero-section-video\blockout\blockout-master-v001\review\boundary-1200-f1201.png1183.png'
01:14.359  render           | Saved: 'F:\pnpline-landing\hero-section-video\blockout\blockout-master-v001\review\boundary-1200-f1201.png1184.png'
01:14.406  render           | Saved: 'F:\pnpline-landing\hero-section-video\blockout\blockout-master-v001\review\boundary-1200-f1201.png1185.png'
01:14.468  render           | Saved: 'F:\pnpline-landing\hero-section-video\blockout\blockout-master-v001\review\boundary-1200-f1201.png1186.png'
01:14.515  render           | Saved: 'F:\pnpline-landing\hero-section-video\blockout\blockout-master-v001\review\boundary-1200-f1201.png1187.png'
01:14.562  render           | Saved: 'F:\pnpline-landing\hero-section-video\blockout\blockout-master-v001\review\boundary-1200-f1201.png1188.png'
01:14.609  render           | Saved: 'F:\pnpline-landing\hero-section-video\blockout\blockout-master-v001\review\boundary-1200-f1201.png1189.png'
01:14.656  render           | Saved: 'F:\pnpline-landing\hero-section-video\blockout\blockout-master-v001\review\boundary-1200-f1201.png1190.png'
01:14.718  render           | Saved: 'F:\pnpline-landing\hero-section-video\blockout\blockout-master-v001\review\boundary-1200-f1201.png1191.png'
01:14.765  render           | Saved: 'F:\pnpline-landing\hero-section-video\blockout\blockout-master-v001\review\boundary-1200-f1201.png1192.png'
01:14.812  render           | Saved: 'F:\pnpline-landing\hero-section-video\blockout\blockout-master-v001\review\boundary-1200-f1201.png1193.png'
01:14.859  render           | Saved: 'F:\pnpline-landing\hero-section-video\blockout\blockout-master-v001\review\boundary-1200-f1201.png1194.png'
01:14.906  render           | Saved: 'F:\pnpline-landing\hero-section-video\blockout\blockout-master-v001\review\boundary-1200-f1201.png1195.png'
01:14.968  render           | Saved: 'F:\pnpline-landing\hero-section-video\blockout\blockout-master-v001\review\boundary-1200-f1201.png1196.png'
01:15.015  render           | Saved: 'F:\pnpline-landing\hero-section-video\blockout\blockout-master-v001\review\boundary-1200-f1201.png1197.png'
01:15.062  render           | Saved: 'F:\pnpline-landing\hero-section-video\blockout\blockout-master-v001\review\boundary-1200-f1201.png1198.png'
01:15.109  render           | Saved: 'F:\pnpline-landing\hero-section-video\blockout\blockout-master-v001\review\boundary-1200-f1201.png1199.png'
01:15.171  render           | Saved: 'F:\pnpline-landing\hero-section-video\blockout\blockout-master-v001\review\boundary-1200-f1201.png1200.png'
01:15.218  render           | Saved: 'F:\pnpline-landing\hero-section-video\blockout\blockout-master-v001\review\boundary-1200-f1201.png1201.png'
01:15.265  render           | Saved: 'F:\pnpline-landing\hero-section-video\blockout\blockout-master-v001\review\boundary-1200-f1201.png1202.png'
01:15.312  render           | Saved: 'F:\pnpline-landing\hero-section-video\blockout\blockout-master-v001\review\boundary-1200-f1201.png1203.png'
01:15.359  render           | Saved: 'F:\pnpline-landing\hero-section-video\blockout\blockout-master-v001\review\boundary-1200-f1201.png1204.png'
01:15.421  render           | Saved: 'F:\pnpline-landing\hero-section-video\blockout\blockout-master-v001\review\boundary-1200-f1201.png1205.png'
01:15.468  render           | Saved: 'F:\pnpline-landing\hero-section-video\blockout\blockout-master-v001\review\boundary-1200-f1201.png1206.png'
01:15.515  render           | Saved: 'F:\pnpline-landing\hero-section-video\blockout\blockout-master-v001\review\boundary-1200-f1201.png1207.png'
01:15.578  render           | Saved: 'F:\pnpline-landing\hero-section-video\blockout\blockout-master-v001\review\boundary-1200-f1201.png1208.png'
01:15.625  render           | Saved: 'F:\pnpline-landing\hero-section-video\blockout\blockout-master-v001\review\boundary-1200-f1201.png1209.png'
01:15.671  render           | Saved: 'F:\pnpline-landing\hero-section-video\blockout\blockout-master-v001\review\boundary-1200-f1201.png1210.png'
01:15.734  render           | Saved: 'F:\pnpline-landing\hero-section-video\blockout\blockout-master-v001\review\boundary-1200-f1201.png1211.png'
01:15.781  render           | Saved: 'F:\pnpline-landing\hero-section-video\blockout\blockout-master-v001\review\boundary-1200-f1201.png1212.png'
01:15.828  render           | Saved: 'F:\pnpline-landing\hero-section-video\blockout\blockout-master-v001\review\boundary-1200-f1201.png1213.png'
01:15.890  render           | Saved: 'F:\pnpline-landing\hero-section-video\blockout\blockout-master-v001\review\boundary-1200-f1201.png1214.png'
01:15.937  render           | Saved: 'F:\pnpline-landing\hero-section-video\blockout\blockout-master-v001\review\boundary-1200-f1201.png1215.png'
01:15.984  render           | Saved: 'F:\pnpline-landing\hero-section-video\blockout\blockout-master-v001\review\boundary-1200-f1201.png1216.png'
01:16.046  render           | Saved: 'F:\pnpline-landing\hero-section-video\blockout\blockout-master-v001\review\boundary-1200-f1201.png1217.png'
01:16.093  render           | Saved: 'F:\pnpline-landing\hero-section-video\blockout\blockout-master-v001\review\boundary-1200-f1201.png1218.png'
01:16.156  render           | Saved: 'F:\pnpline-landing\hero-section-video\blockout\blockout-master-v001\review\boundary-1200-f1201.png1219.png'
01:16.203  render           | Saved: 'F:\pnpline-landing\hero-section-video\blockout\blockout-master-v001\review\boundary-1200-f1201.png1220.png'
01:16.250  render           | Saved: 'F:\pnpline-landing\hero-section-video\blockout\blockout-master-v001\review\boundary-1200-f1201.png1221.png'
01:16.312  render           | Saved: 'F:\pnpline-landing\hero-section-video\blockout\blockout-master-v001\review\boundary-1200-f1201.png1222.png'
01:16.359  render           | Saved: 'F:\pnpline-landing\hero-section-video\blockout\blockout-master-v001\review\boundary-1200-f1201.png1223.png'
01:16.406  render           | Saved: 'F:\pnpline-landing\hero-section-video\blockout\blockout-master-v001\review\boundary-1200-f1201.png1224.png'
01:16.453  render           | Saved: 'F:\pnpline-landing\hero-section-video\blockout\blockout-master-v001\review\boundary-1200-f1201.png1225.png'
01:16.515  render           | Saved: 'F:\pnpline-landing\hero-section-video\blockout\blockout-master-v001\review\boundary-1200-f1201.png1226.png'
01:16.562  render           | Saved: 'F:\pnpline-landing\hero-section-video\blockout\blockout-master-v001\review\boundary-1200-f1201.png1227.png'
01:16.609  render           | Saved: 'F:\pnpline-landing\hero-section-video\blockout\blockout-master-v001\review\boundary-1200-f1201.png1228.png'
01:16.671  render           | Saved: 'F:\pnpline-landing\hero-section-video\blockout\blockout-master-v001\review\boundary-1200-f1201.png1229.png'
01:16.718  render           | Saved: 'F:\pnpline-landing\hero-section-video\blockout\blockout-master-v001\review\boundary-1200-f1201.png1230.png'
01:16.765  render           | Saved: 'F:\pnpline-landing\hero-section-video\blockout\blockout-master-v001\review\boundary-1200-f1201.png1231.png'
01:16.812  render           | Saved: 'F:\pnpline-landing\hero-section-video\blockout\blockout-master-v001\review\boundary-1200-f1201.png1232.png'
01:16.875  render           | Saved: 'F:\pnpline-landing\hero-section-video\blockout\blockout-master-v001\review\boundary-1200-f1201.png1233.png'
01:16.921  render           | Saved: 'F:\pnpline-landing\hero-section-video\blockout\blockout-master-v001\review\boundary-1200-f1201.png1234.png'
01:16.968  render           | Saved: 'F:\pnpline-landing\hero-section-video\blockout\blockout-master-v001\review\boundary-1200-f1201.png1235.png'
01:17.031  render           | Saved: 'F:\pnpline-landing\hero-section-video\blockout\blockout-master-v001\review\boundary-1200-f1201.png1236.png'
01:17.078  render           | Saved: 'F:\pnpline-landing\hero-section-video\blockout\blockout-master-v001\review\boundary-1200-f1201.png1237.png'
01:17.125  render           | Saved: 'F:\pnpline-landing\hero-section-video\blockout\blockout-master-v001\review\boundary-1200-f1201.png1238.png'
01:17.187  render           | Saved: 'F:\pnpline-landing\hero-section-video\blockout\blockout-master-v001\review\boundary-1200-f1201.png1239.png'
01:17.234  render           | Saved: 'F:\pnpline-landing\hero-section-video\blockout\blockout-master-v001\review\boundary-1200-f1201.png1240.png'
01:17.281  render           | Saved: 'F:\pnpline-landing\hero-section-video\blockout\blockout-master-v001\review\boundary-1200-f1201.png1241.png'
01:17.343  render           | Saved: 'F:\pnpline-landing\hero-section-video\blockout\blockout-master-v001\review\boundary-1200-f1201.png1242.png'
01:17.390  render           | Saved: 'F:\pnpline-landing\hero-section-video\blockout\blockout-master-v001\review\boundary-1200-f1201.png1243.png'
01:17.437  render           | Saved: 'F:\pnpline-landing\hero-section-video\blockout\blockout-master-v001\review\boundary-1200-f1201.png1244.png'
01:17.500  render           | Saved: 'F:\pnpline-landing\hero-section-video\blockout\blockout-master-v001\review\boundary-1200-f1201.png1245.png'
01:17.546  render           | Saved: 'F:\pnpline-landing\hero-section-video\blockout\blockout-master-v001\review\boundary-1200-f1201.png1246.png'
01:17.593  render           | Saved: 'F:\pnpline-landing\hero-section-video\blockout\blockout-master-v001\review\boundary-1200-f1201.png1247.png'
01:17.656  render           | Saved: 'F:\pnpline-landing\hero-section-video\blockout\blockout-master-v001\review\boundary-1200-f1201.png1248.png'
01:17.703  render           | Saved: 'F:\pnpline-landing\hero-section-video\blockout\blockout-master-v001\review\boundary-1200-f1201.png1249.png'
01:17.750  render           | Saved: 'F:\pnpline-landing\hero-section-video\blockout\blockout-master-v001\review\boundary-1200-f1201.png1250.png'
01:17.812  render           | Saved: 'F:\pnpline-landing\hero-section-video\blockout\blockout-master-v001\review\boundary-1200-f1201.png1251.png'
01:17.859  render           | Saved: 'F:\pnpline-landing\hero-section-video\blockout\blockout-master-v001\review\boundary-1200-f1201.png1252.png'
01:17.906  render           | Saved: 'F:\pnpline-landing\hero-section-video\blockout\blockout-master-v001\review\boundary-1200-f1201.png1253.png'
01:17.953  render           | Saved: 'F:\pnpline-landing\hero-section-video\blockout\blockout-master-v001\review\boundary-1200-f1201.png1254.png'
01:18.015  render           | Saved: 'F:\pnpline-landing\hero-section-video\blockout\blockout-master-v001\review\boundary-1200-f1201.png1255.png'
01:18.062  render           | Saved: 'F:\pnpline-landing\hero-section-video\blockout\blockout-master-v001\review\boundary-1200-f1201.png1256.png'
01:18.125  render           | Saved: 'F:\pnpline-landing\hero-section-video\blockout\blockout-master-v001\review\boundary-1200-f1201.png1257.png'
01:18.171  render           | Saved: 'F:\pnpline-landing\hero-section-video\blockout\blockout-master-v001\review\boundary-1200-f1201.png1258.png'
01:18.218  render           | Saved: 'F:\pnpline-landing\hero-section-video\blockout\blockout-master-v001\review\boundary-1200-f1201.png1259.png'
01:18.281  render           | Saved: 'F:\pnpline-landing\hero-section-video\blockout\blockout-master-v001\review\boundary-1200-f1201.png1260.png'
01:18.328  render           | Saved: 'F:\pnpline-landing\hero-section-video\blockout\blockout-master-v001\review\boundary-1200-f1201.png1261.png'
01:18.375  render           | Saved: 'F:\pnpline-landing\hero-section-video\blockout\blockout-master-v001\review\boundary-1200-f1201.png1262.png'
01:18.437  render           | Saved: 'F:\pnpline-landing\hero-section-video\blockout\blockout-master-v001\review\boundary-1200-f1201.png1263.png'
01:18.484  render           | Saved: 'F:\pnpline-landing\hero-section-video\blockout\blockout-master-v001\review\boundary-1200-f1201.png1264.png'
01:18.531  render           | Saved: 'F:\pnpline-landing\hero-section-video\blockout\blockout-master-v001\review\boundary-1200-f1201.png1265.png'
01:18.593  render           | Saved: 'F:\pnpline-landing\hero-section-video\blockout\blockout-master-v001\review\boundary-1200-f1201.png1266.png'
01:18.656  render           | Saved: 'F:\pnpline-landing\hero-section-video\blockout\blockout-master-v001\review\boundary-1200-f1201.png1267.png'
01:18.703  render           | Saved: 'F:\pnpline-landing\hero-section-video\blockout\blockout-master-v001\review\boundary-1200-f1201.png1268.png'
01:18.765  render           | Saved: 'F:\pnpline-landing\hero-section-video\blockout\blockout-master-v001\review\boundary-1200-f1201.png1269.png'
01:18.828  render           | Saved: 'F:\pnpline-landing\hero-section-video\blockout\blockout-master-v001\review\boundary-1200-f1201.png1270.png'
01:18.875  render           | Saved: 'F:\pnpline-landing\hero-section-video\blockout\blockout-master-v001\review\boundary-1200-f1201.png1271.png'
01:18.921  render           | Saved: 'F:\pnpline-landing\hero-section-video\blockout\blockout-master-v001\review\boundary-1200-f1201.png1272.png'
01:18.984  render           | Saved: 'F:\pnpline-landing\hero-section-video\blockout\blockout-master-v001\review\boundary-1200-f1201.png1273.png'
01:19.031  render           | Saved: 'F:\pnpline-landing\hero-section-video\blockout\blockout-master-v001\review\boundary-1200-f1201.png1274.png'
01:19.093  render           | Saved: 'F:\pnpline-landing\hero-section-video\blockout\blockout-master-v001\review\boundary-1200-f1201.png1275.png'
01:19.156  render           | Saved: 'F:\pnpline-landing\hero-section-video\blockout\blockout-master-v001\review\boundary-1200-f1201.png1276.png'
01:19.203  render           | Saved: 'F:\pnpline-landing\hero-section-video\blockout\blockout-master-v001\review\boundary-1200-f1201.png1277.png'
01:19.265  render           | Saved: 'F:\pnpline-landing\hero-section-video\blockout\blockout-master-v001\review\boundary-1200-f1201.png1278.png'
01:19.328  render           | Saved: 'F:\pnpline-landing\hero-section-video\blockout\blockout-master-v001\review\boundary-1200-f1201.png1279.png'
01:19.375  render           | Saved: 'F:\pnpline-landing\hero-section-video\blockout\blockout-master-v001\review\boundary-1200-f1201.png1280.png'
01:19.437  render           | Saved: 'F:\pnpline-landing\hero-section-video\blockout\blockout-master-v001\review\boundary-1200-f1201.png1281.png'
01:19.484  render           | Saved: 'F:\pnpline-landing\hero-section-video\blockout\blockout-master-v001\review\boundary-1200-f1201.png1282.png'
01:19.531  render           | Saved: 'F:\pnpline-landing\hero-section-video\blockout\blockout-master-v001\review\boundary-1200-f1201.png1283.png'
01:19.593  render           | Saved: 'F:\pnpline-landing\hero-section-video\blockout\blockout-master-v001\review\boundary-1200-f1201.png1284.png'
01:19.640  render           | Saved: 'F:\pnpline-landing\hero-section-video\blockout\blockout-master-v001\review\boundary-1200-f1201.png1285.png'
01:19.687  render           | Saved: 'F:\pnpline-landing\hero-section-video\blockout\blockout-master-v001\review\boundary-1200-f1201.png1286.png'
01:19.750  render           | Saved: 'F:\pnpline-landing\hero-section-video\blockout\blockout-master-v001\review\boundary-1200-f1201.png1287.png'
01:19.796  render           | Saved: 'F:\pnpline-landing\hero-section-video\blockout\blockout-master-v001\review\boundary-1200-f1201.png1288.png'
01:19.859  render           | Saved: 'F:\pnpline-landing\hero-section-video\blockout\blockout-master-v001\review\boundary-1200-f1201.png1289.png'
01:19.906  render           | Saved: 'F:\pnpline-landing\hero-section-video\blockout\blockout-master-v001\review\boundary-1200-f1201.png1290.png'
01:19.968  render           | Saved: 'F:\pnpline-landing\hero-section-video\blockout\blockout-master-v001\review\boundary-1200-f1201.png1291.png'
01:20.015  render           | Saved: 'F:\pnpline-landing\hero-section-video\blockout\blockout-master-v001\review\boundary-1200-f1201.png1292.png'
01:20.078  render           | Saved: 'F:\pnpline-landing\hero-section-video\blockout\blockout-master-v001\review\boundary-1200-f1201.png1293.png'
01:20.125  render           | Saved: 'F:\pnpline-landing\hero-section-video\blockout\blockout-master-v001\review\boundary-1200-f1201.png1294.png'
01:20.187  render           | Saved: 'F:\pnpline-landing\hero-section-video\blockout\blockout-master-v001\review\boundary-1200-f1201.png1295.png'
01:20.234  render           | Saved: 'F:\pnpline-landing\hero-section-video\blockout\blockout-master-v001\review\boundary-1200-f1201.png1296.png'
01:20.296  render           | Saved: 'F:\pnpline-landing\hero-section-video\blockout\blockout-master-v001\review\boundary-1200-f1201.png1297.png'
01:20.343  render           | Saved: 'F:\pnpline-landing\hero-section-video\blockout\blockout-master-v001\review\boundary-1200-f1201.png1298.png'
01:20.406  render           | Saved: 'F:\pnpline-landing\hero-section-video\blockout\blockout-master-v001\review\boundary-1200-f1201.png1299.png'
01:20.453  render           | Saved: 'F:\pnpline-landing\hero-section-video\blockout\blockout-master-v001\review\boundary-1200-f1201.png1300.png'
01:20.515  render           | Saved: 'F:\pnpline-landing\hero-section-video\blockout\blockout-master-v001\review\boundary-1200-f1201.png1301.png'
01:20.562  render           | Saved: 'F:\pnpline-landing\hero-section-video\blockout\blockout-master-v001\review\boundary-1200-f1201.png1302.png'
01:20.625  render           | Saved: 'F:\pnpline-landing\hero-section-video\blockout\blockout-master-v001\review\boundary-1200-f1201.png1303.png'
01:20.671  render           | Saved: 'F:\pnpline-landing\hero-section-video\blockout\blockout-master-v001\review\boundary-1200-f1201.png1304.png'
01:20.734  render           | Saved: 'F:\pnpline-landing\hero-section-video\blockout\blockout-master-v001\review\boundary-1200-f1201.png1305.png'
01:20.781  render           | Saved: 'F:\pnpline-landing\hero-section-video\blockout\blockout-master-v001\review\boundary-1200-f1201.png1306.png'
01:20.843  render           | Saved: 'F:\pnpline-landing\hero-section-video\blockout\blockout-master-v001\review\boundary-1200-f1201.png1307.png'
01:20.890  render           | Saved: 'F:\pnpline-landing\hero-section-video\blockout\blockout-master-v001\review\boundary-1200-f1201.png1308.png'
01:20.953  render           | Saved: 'F:\pnpline-landing\hero-section-video\blockout\blockout-master-v001\review\boundary-1200-f1201.png1309.png'
01:21.000  render           | Saved: 'F:\pnpline-landing\hero-section-video\blockout\blockout-master-v001\review\boundary-1200-f1201.png1310.png'
01:21.062  render           | Saved: 'F:\pnpline-landing\hero-section-video\blockout\blockout-master-v001\review\boundary-1200-f1201.png1311.png'
01:21.109  render           | Saved: 'F:\pnpline-landing\hero-section-video\blockout\blockout-master-v001\review\boundary-1200-f1201.png1312.png'
01:21.156  render           | Saved: 'F:\pnpline-landing\hero-section-video\blockout\blockout-master-v001\review\boundary-1200-f1201.png1313.png'
01:21.218  render           | Saved: 'F:\pnpline-landing\hero-section-video\blockout\blockout-master-v001\review\boundary-1200-f1201.png1314.png'
01:21.265  render           | Saved: 'F:\pnpline-landing\hero-section-video\blockout\blockout-master-v001\review\boundary-1200-f1201.png1315.png'
01:21.328  render           | Saved: 'F:\pnpline-landing\hero-section-video\blockout\blockout-master-v001\review\boundary-1200-f1201.png1316.png'
01:21.375  render           | Saved: 'F:\pnpline-landing\hero-section-video\blockout\blockout-master-v001\review\boundary-1200-f1201.png1317.png'
01:21.437  render           | Saved: 'F:\pnpline-landing\hero-section-video\blockout\blockout-master-v001\review\boundary-1200-f1201.png1318.png'
01:21.484  render           | Saved: 'F:\pnpline-landing\hero-section-video\blockout\blockout-master-v001\review\boundary-1200-f1201.png1319.png'
01:21.531  render           | Saved: 'F:\pnpline-landing\hero-section-video\blockout\blockout-master-v001\review\boundary-1200-f1201.png1320.png'
01:21.593  render           | Saved: 'F:\pnpline-landing\hero-section-video\blockout\blockout-master-v001\review\boundary-1200-f1201.png1321.png'
01:21.656  render           | Saved: 'F:\pnpline-landing\hero-section-video\blockout\blockout-master-v001\review\boundary-1200-f1201.png1322.png'
01:21.703  render           | Saved: 'F:\pnpline-landing\hero-section-video\blockout\blockout-master-v001\review\boundary-1200-f1201.png1323.png'
01:21.750  render           | Saved: 'F:\pnpline-landing\hero-section-video\blockout\blockout-master-v001\review\boundary-1200-f1201.png1324.png'
01:21.812  render           | Saved: 'F:\pnpline-landing\hero-section-video\blockout\blockout-master-v001\review\boundary-1200-f1201.png1325.png'
01:21.875  render           | Saved: 'F:\pnpline-landing\hero-section-video\blockout\blockout-master-v001\review\boundary-1200-f1201.png1326.png'
01:21.921  render           | Saved: 'F:\pnpline-landing\hero-section-video\blockout\blockout-master-v001\review\boundary-1200-f1201.png1327.png'
01:21.968  render           | Saved: 'F:\pnpline-landing\hero-section-video\blockout\blockout-master-v001\review\boundary-1200-f1201.png1328.png'
01:22.031  render           | Saved: 'F:\pnpline-landing\hero-section-video\blockout\blockout-master-v001\review\boundary-1200-f1201.png1329.png'
01:22.078  render           | Saved: 'F:\pnpline-landing\hero-section-video\blockout\blockout-master-v001\review\boundary-1200-f1201.png1330.png'
01:22.125  render           | Saved: 'F:\pnpline-landing\hero-section-video\blockout\blockout-master-v001\review\boundary-1200-f1201.png1331.png'
01:22.187  render           | Saved: 'F:\pnpline-landing\hero-section-video\blockout\blockout-master-v001\review\boundary-1200-f1201.png1332.png'
01:22.250  render           | Saved: 'F:\pnpline-landing\hero-section-video\blockout\blockout-master-v001\review\boundary-1200-f1201.png1333.png'
01:22.375  render           | Saved: 'F:\pnpline-landing\hero-section-video\blockout\blockout-master-v001\review\boundary-1200-f1201.png1334.png'
01:22.453  render           | Saved: 'F:\pnpline-landing\hero-section-video\blockout\blockout-master-v001\review\boundary-1200-f1201.png1335.png'
01:22.515  render           | Saved: 'F:\pnpline-landing\hero-section-video\blockout\blockout-master-v001\review\boundary-1200-f1201.png1336.png'
01:22.593  render           | Saved: 'F:\pnpline-landing\hero-section-video\blockout\blockout-master-v001\review\boundary-1200-f1201.png1337.png'
01:22.656  render           | Saved: 'F:\pnpline-landing\hero-section-video\blockout\blockout-master-v001\review\boundary-1200-f1201.png1338.png'
01:22.718  render           | Saved: 'F:\pnpline-landing\hero-section-video\blockout\blockout-master-v001\review\boundary-1200-f1201.png1339.png'
01:22.796  render           | Saved: 'F:\pnpline-landing\hero-section-video\blockout\blockout-master-v001\review\boundary-1200-f1201.png1340.png'
01:22.859  render           | Saved: 'F:\pnpline-landing\hero-section-video\blockout\blockout-master-v001\review\boundary-1200-f1201.png1341.png'
01:22.937  render           | Saved: 'F:\pnpline-landing\hero-section-video\blockout\blockout-master-v001\review\boundary-1200-f1201.png1342.png'
01:23.000  render           | Saved: 'F:\pnpline-landing\hero-section-video\blockout\blockout-master-v001\review\boundary-1200-f1201.png1343.png'
01:23.078  render           | Saved: 'F:\pnpline-landing\hero-section-video\blockout\blockout-master-v001\review\boundary-1200-f1201.png1344.png'
01:23.140  render           | Saved: 'F:\pnpline-landing\hero-section-video\blockout\blockout-master-v001\review\boundary-1200-f1201.png1345.png'
01:23.218  render           | Saved: 'F:\pnpline-landing\hero-section-video\blockout\blockout-master-v001\review\boundary-1200-f1201.png1346.png'
01:23.281  render           | Saved: 'F:\pnpline-landing\hero-section-video\blockout\blockout-master-v001\review\boundary-1200-f1201.png1347.png'
01:23.343  render           | Saved: 'F:\pnpline-landing\hero-section-video\blockout\blockout-master-v001\review\boundary-1200-f1201.png1348.png'
01:23.406  render           | Saved: 'F:\pnpline-landing\hero-section-video\blockout\blockout-master-v001\review\boundary-1200-f1201.png1349.png'
01:23.468  render           | Saved: 'F:\pnpline-landing\hero-section-video\blockout\blockout-master-v001\review\boundary-1200-f1201.png1350.png'
01:23.546  render           | Saved: 'F:\pnpline-landing\hero-section-video\blockout\blockout-master-v001\review\boundary-1200-f1201.png1351.png'
01:23.609  render           | Saved: 'F:\pnpline-landing\hero-section-video\blockout\blockout-master-v001\review\boundary-1200-f1201.png1352.png'
01:23.703  render           | Saved: 'F:\pnpline-landing\hero-section-video\blockout\blockout-master-v001\review\boundary-1200-f1201.png1353.png'
01:23.765  render           | Saved: 'F:\pnpline-landing\hero-section-video\blockout\blockout-master-v001\review\boundary-1200-f1201.png1354.png'
01:23.828  render           | Saved: 'F:\pnpline-landing\hero-section-video\blockout\blockout-master-v001\review\boundary-1200-f1201.png1355.png'
01:23.875  render           | Saved: 'F:\pnpline-landing\hero-section-video\blockout\blockout-master-v001\review\boundary-1200-f1201.png1356.png'
01:23.937  render           | Saved: 'F:\pnpline-landing\hero-section-video\blockout\blockout-master-v001\review\boundary-1200-f1201.png1357.png'
01:23.984  render           | Saved: 'F:\pnpline-landing\hero-section-video\blockout\blockout-master-v001\review\boundary-1200-f1201.png1358.png'
01:24.046  render           | Saved: 'F:\pnpline-landing\hero-section-video\blockout\blockout-master-v001\review\boundary-1200-f1201.png1359.png'
01:24.093  render           | Saved: 'F:\pnpline-landing\hero-section-video\blockout\blockout-master-v001\review\boundary-1200-f1201.png1360.png'
01:24.156  render           | Saved: 'F:\pnpline-landing\hero-section-video\blockout\blockout-master-v001\review\boundary-1200-f1201.png1361.png'
01:24.218  render           | Saved: 'F:\pnpline-landing\hero-section-video\blockout\blockout-master-v001\review\boundary-1200-f1201.png1362.png'
01:24.281  render           | Saved: 'F:\pnpline-landing\hero-section-video\blockout\blockout-master-v001\review\boundary-1200-f1201.png1363.png'
01:24.343  render           | Saved: 'F:\pnpline-landing\hero-section-video\blockout\blockout-master-v001\review\boundary-1200-f1201.png1364.png'
01:24.406  render           | Saved: 'F:\pnpline-landing\hero-section-video\blockout\blockout-master-v001\review\boundary-1200-f1201.png1365.png'
01:24.468  render           | Saved: 'F:\pnpline-landing\hero-section-video\blockout\blockout-master-v001\review\boundary-1200-f1201.png1366.png'
01:24.531  render           | Saved: 'F:\pnpline-landing\hero-section-video\blockout\blockout-master-v001\review\boundary-1200-f1201.png1367.png'
01:24.593  render           | Saved: 'F:\pnpline-landing\hero-section-video\blockout\blockout-master-v001\review\boundary-1200-f1201.png1368.png'
01:24.640  render           | Saved: 'F:\pnpline-landing\hero-section-video\blockout\blockout-master-v001\review\boundary-1200-f1201.png1369.png'
01:24.703  render           | Saved: 'F:\pnpline-landing\hero-section-video\blockout\blockout-master-v001\review\boundary-1200-f1201.png1370.png'
01:24.765  render           | Saved: 'F:\pnpline-landing\hero-section-video\blockout\blockout-master-v001\review\boundary-1200-f1201.png1371.png'
01:24.828  render           | Saved: 'F:\pnpline-landing\hero-section-video\blockout\blockout-master-v001\review\boundary-1200-f1201.png1372.png'
01:24.890  render           | Saved: 'F:\pnpline-landing\hero-section-video\blockout\blockout-master-v001\review\boundary-1200-f1201.png1373.png'
01:24.937  render           | Saved: 'F:\pnpline-landing\hero-section-video\blockout\blockout-master-v001\review\boundary-1200-f1201.png1374.png'
01:25.000  render           | Saved: 'F:\pnpline-landing\hero-section-video\blockout\blockout-master-v001\review\boundary-1200-f1201.png1375.png'
01:25.062  render           | Saved: 'F:\pnpline-landing\hero-section-video\blockout\blockout-master-v001\review\boundary-1200-f1201.png1376.png'
01:25.109  render           | Saved: 'F:\pnpline-landing\hero-section-video\blockout\blockout-master-v001\review\boundary-1200-f1201.png1377.png'
01:25.171  render           | Saved: 'F:\pnpline-landing\hero-section-video\blockout\blockout-master-v001\review\boundary-1200-f1201.png1378.png'
01:25.234  render           | Saved: 'F:\pnpline-landing\hero-section-video\blockout\blockout-master-v001\review\boundary-1200-f1201.png1379.png'
01:25.281  render           | Saved: 'F:\pnpline-landing\hero-section-video\blockout\blockout-master-v001\review\boundary-1200-f1201.png1380.png'
01:25.343  render           | Saved: 'F:\pnpline-landing\hero-section-video\blockout\blockout-master-v001\review\boundary-1200-f1201.png1381.png'
01:25.421  render           | Saved: 'F:\pnpline-landing\hero-section-video\blockout\blockout-master-v001\review\boundary-1200-f1201.png1382.png'
01:25.500  render           | Saved: 'F:\pnpline-landing\hero-section-video\blockout\blockout-master-v001\review\boundary-1200-f1201.png1383.png'
01:25.578  render           | Saved: 'F:\pnpline-landing\hero-section-video\blockout\blockout-master-v001\review\boundary-1200-f1201.png1384.png'
